journal	year	corpus	n_matches	n_articles
American Journal of Theology & Philosophy	1980	ambiguous	1	1
American Journal of Theology & Philosophy	1981	nt	7	2
American Journal of Theology & Philosophy	1983	nt	1	1
American Journal of Theology & Philosophy	1985	bekker	1	1
American Journal of Theology & Philosophy	1986	nt	2	1
American Journal of Theology & Philosophy	1986	stephanus	1	1
American Journal of Theology & Philosophy	1987	stephanus	1	1
American Journal of Theology & Philosophy	1988	nt	5	1
American Journal of Theology & Philosophy	1989	nt	4	1
American Journal of Theology & Philosophy	1990	bekker	29	1
American Journal of Theology & Philosophy	1991	ambiguous	1	1
American Journal of Theology & Philosophy	1991	stephanus	2	1
American Journal of Theology & Philosophy	1992	ambiguous	1	1
American Journal of Theology & Philosophy	1992	nt	3	1
American Journal of Theology & Philosophy	1993	ambiguous	1	1
American Journal of Theology & Philosophy	1993	stephanus	3	2
American Journal of Theology & Philosophy	1994	ambiguous	1	1
American Journal of Theology & Philosophy	1995	ambiguous	15	1
American Journal of Theology & Philosophy	1995	nt	1	1
American Journal of Theology & Philosophy	1995	stephanus	17	1
American Journal of Theology & Philosophy	1997	stephanus	1	1
American Journal of Theology & Philosophy	2000	ambiguous	21	1
American Journal of Theology & Philosophy	2000	bekker	3	1
American Journal of Theology & Philosophy	2000	stephanus	22	2
American Journal of Theology & Philosophy	2001	ambiguous	1	1
American Journal of Theology & Philosophy	2002	ambiguous	1	1
American Journal of Theology & Philosophy	2002	nt	2	1
American Journal of Theology & Philosophy	2004	stephanus	4	1
American Journal of Theology & Philosophy	2005	ambiguous	1	1
American Journal of Theology & Philosophy	2006	ambiguous	2	2
American Journal of Theology & Philosophy	2007	stephanus	10	1
American Journal of Theology & Philosophy	2008	ambiguous	4	2
American Journal of Theology & Philosophy	2008	nt	2	1
American Journal of Theology & Philosophy	2008	stephanus	1	1
American Journal of Theology & Philosophy	2009	nt	2	1
American Journal of Theology & Philosophy	2015	bekker	2	1
American Journal of Theology & Philosophy	2016	ambiguous	1	1
American Journal of Theology & Philosophy	2017	ambiguous	1	1
American Journal of Theology & Philosophy	2017	nt	1	1
American Journal of Theology & Philosophy	2018	bekker	1	1
American Journal of Theology & Philosophy	2018	stephanus	1	1
American Journal of Theology & Philosophy	2019	ambiguous	1	1
American Journal of Theology & Philosophy	2022	bekker	2	1
Archivio di Filosofia	2007	ambiguous	13	7
Archivio di Filosofia	2007	bekker	1	1
Archivio di Filosofia	2007	homer	1	1
Archivio di Filosofia	2007	stephanus	4	2
Archivio di Filosofia	2008	ambiguous	20	5
Archivio di Filosofia	2008	bekker	1	1
Archivio di Filosofia	2008	homer	1	1
Archivio di Filosofia	2008	nt	4	3
Archivio di Filosofia	2008	stephanus	4	2
Archivio di Filosofia	2009	ambiguous	1	1
Archivio di Filosofia	2009	bekker	1	1
Archivio di Filosofia	2009	stephanus	2	2
Archivio di Filosofia	2010	ambiguous	18	9
Archivio di Filosofia	2010	bekker	2	2
Archivio di Filosofia	2010	stephanus	3	2
Archivio di Filosofia	2011	ambiguous	9	7
Archivio di Filosofia	2011	bekker	5	2
Archivio di Filosofia	2011	stephanus	1	1
Archivio di Filosofia	2012	ambiguous	4	3
Archivio di Filosofia	2012	bekker	10	3
Archivio di Filosofia	2012	stephanus	5	4
Archivio di Filosofia	2013	ambiguous	2	2
Archivio di Filosofia	2013	bekker	22	5
Archivio di Filosofia	2013	homer	2	1
Archivio di Filosofia	2013	stephanus	2	1
Archivio di Filosofia	2014	ambiguous	57	7
Archivio di Filosofia	2014	bekker	4	3
Archivio di Filosofia	2014	nt	2	2
Archivio di Filosofia	2014	stephanus	25	5
Archivio di Filosofia	2015	ambiguous	6	4
Archivio di Filosofia	2015	bekker	2	2
Archivio di Filosofia	2015	stephanus	8	5
Archivio di Filosofia	2016	ambiguous	86	15
Archivio di Filosofia	2016	bekker	49	8
Archivio di Filosofia	2016	stephanus	65	8
Archivio di Filosofia	2017	ambiguous	13	5
Archivio di Filosofia	2017	bekker	3	1
Archivio di Filosofia	2017	homer	4	3
Archivio di Filosofia	2017	stephanus	3	2
Archivio di Filosofia	2018	ambiguous	46	9
Archivio di Filosofia	2018	bekker	9	3
Archivio di Filosofia	2018	stephanus	13	8
Archivio di Filosofia	2019	ambiguous	12	3
Archivio di Filosofia	2019	bekker	1	1
Archivio di Filosofia	2019	homer	1	1
Archivio di Filosofia	2019	stephanus	31	5
Archivio di Filosofia	2020	ambiguous	11	8
Archivio di Filosofia	2020	bekker	8	3
Archivio di Filosofia	2020	homer	1	1
Archivio di Filosofia	2020	stephanus	10	3
Biblica	1920	ambiguous	4	3
Biblica	1920	stephanus	13	5
Biblica	1921	ambiguous	40	11
Biblica	1921	stephanus	13	3
Biblica	1922	ambiguous	41	15
Biblica	1922	homer	1	1
Biblica	1922	stephanus	3	3
Biblica	1923	ambiguous	13	8
Biblica	1923	stephanus	16	4
Biblica	1924	ambiguous	7	4
Biblica	1924	stephanus	6	2
Biblica	1925	ambiguous	11	9
Biblica	1925	homer	1	1
Biblica	1925	stephanus	3	3
Biblica	1926	ambiguous	111	6
Biblica	1926	bekker	1	1
Biblica	1926	homer	1	1
Biblica	1926	stephanus	72	10
Biblica	1927	ambiguous	19	10
Biblica	1927	homer	1	1
Biblica	1927	stephanus	10	5
Biblica	1928	ambiguous	24	4
Biblica	1928	bekker	1	1
Biblica	1928	homer	1	1
Biblica	1928	stephanus	1	1
Biblica	1929	ambiguous	23	5
Biblica	1929	bekker	1	1
Biblica	1929	homer	1	1
Biblica	1929	stephanus	4	3
Biblica	1930	ambiguous	17	7
Biblica	1930	homer	2	2
Biblica	1930	stephanus	8	5
Biblica	1931	ambiguous	51	5
Biblica	1931	stephanus	8	7
Biblica	1932	ambiguous	33	23
Biblica	1932	stephanus	6	5
Biblica	1933	ambiguous	35	11
Biblica	1933	homer	1	1
Biblica	1933	stephanus	7	5
Biblica	1934	ambiguous	91	11
Biblica	1934	homer	1	1
Biblica	1934	stephanus	12	4
Biblica	1935	ambiguous	157	6
Biblica	1935	bekker	1	1
Biblica	1935	stephanus	45	7
Biblica	1936	ambiguous	18	9
Biblica	1936	bekker	2	2
Biblica	1936	stephanus	7	4
Biblica	1937	ambiguous	33	11
Biblica	1937	bekker	2	2
Biblica	1937	stephanus	8	5
Biblica	1938	ambiguous	23	12
Biblica	1938	stephanus	10	9
Biblica	1939	ambiguous	8	7
Biblica	1939	stephanus	5	4
Biblica	1940	ambiguous	59	12
Biblica	1940	bekker	7	1
Biblica	1940	homer	1	1
Biblica	1940	stephanus	6	4
Biblica	1941	ambiguous	13	8
Biblica	1941	stephanus	11	5
Biblica	1942	ambiguous	8	5
Biblica	1942	homer	1	1
Biblica	1942	stephanus	7	3
Biblica	1943	ambiguous	47	7
Biblica	1943	homer	3	1
Biblica	1943	stephanus	15	5
Biblica	1944	ambiguous	16	5
Biblica	1944	stephanus	12	4
Biblica	1945	ambiguous	9	5
Biblica	1945	bekker	1	1
Biblica	1945	stephanus	5	1
Biblica	1946	ambiguous	32	13
Biblica	1946	bekker	1	1
Biblica	1946	homer	1	1
Biblica	1946	stephanus	4	4
Biblica	1947	ambiguous	16	8
Biblica	1947	homer	1	1
Biblica	1947	stephanus	23	5
Biblica	1948	ambiguous	78	17
Biblica	1948	stephanus	10	7
Biblica	1949	ambiguous	170	16
Biblica	1949	bekker	225	6
Biblica	1949	homer	3	2
Biblica	1949	stephanus	31	6
Biblica	1950	ambiguous	1556	17
Biblica	1950	homer	7	3
Biblica	1950	stephanus	1041	12
Biblica	1951	ambiguous	1494	24
Biblica	1951	bekker	5	4
Biblica	1951	homer	1	1
Biblica	1951	stephanus	1162	8
Biblica	1952	ambiguous	109	16
Biblica	1952	bekker	88	5
Biblica	1952	nt	1	1
Biblica	1952	stephanus	44	9
Biblica	1953	ambiguous	182	24
Biblica	1953	bekker	197	5
Biblica	1953	homer	1	1
Biblica	1953	stephanus	29	11
Biblica	1954	ambiguous	185	19
Biblica	1954	bekker	192	4
Biblica	1954	homer	1	1
Biblica	1954	stephanus	17	10
Biblica	1955	ambiguous	281	21
Biblica	1955	bekker	112	2
Biblica	1955	homer	4	1
Biblica	1955	stephanus	58	7
Biblica	1956	ambiguous	119	16
Biblica	1956	bekker	137	4
Biblica	1956	stephanus	5	5
Biblica	1957	ambiguous	179	26
Biblica	1957	bekker	215	5
Biblica	1957	homer	2	2
Biblica	1957	stephanus	30	9
Biblica	1958	ambiguous	201	26
Biblica	1958	bekker	285	5
Biblica	1958	homer	1	1
Biblica	1958	stephanus	39	11
Biblica	1959	ambiguous	308	29
Biblica	1959	bekker	474	5
Biblica	1959	homer	4	2
Biblica	1959	nt	3	2
Biblica	1959	stephanus	101	16
Biblica	1960	ambiguous	285	21
Biblica	1960	bekker	563	4
Biblica	1960	stephanus	79	8
Biblica	1961	ambiguous	284	21
Biblica	1961	bekker	867	6
Biblica	1961	homer	1	1
Biblica	1961	stephanus	78	10
Biblica	1962	ambiguous	481	21
Biblica	1962	bekker	1149	5
Biblica	1962	stephanus	142	9
Biblica	1963	ambiguous	601	33
Biblica	1963	bekker	918	6
Biblica	1963	stephanus	163	11
Biblica	1964	ambiguous	557	24
Biblica	1964	bekker	1873	6
Biblica	1964	nt	1	1
Biblica	1964	stephanus	195	17
Biblica	1965	ambiguous	802	29
Biblica	1965	bekker	2655	6
Biblica	1965	stephanus	345	8
Biblica	1966	ambiguous	662	23
Biblica	1966	bekker	992	5
Biblica	1966	stephanus	197	13
Biblica	1967	ambiguous	495	25
Biblica	1967	bekker	1079	7
Biblica	1967	homer	2	1
Biblica	1967	nt	1	1
Biblica	1967	stephanus	156	15
Biblica	1968	ambiguous	304	35
Biblica	1968	bekker	3	2
Biblica	1968	nt	10	3
Biblica	1968	stephanus	32	8
Biblica	1969	ambiguous	174	37
Biblica	1969	bekker	1	1
Biblica	1969	stephanus	36	15
Biblica	1970	ambiguous	215	40
Biblica	1970	bekker	6	2
Biblica	1970	homer	1	1
Biblica	1970	stephanus	70	14
Biblica	1971	ambiguous	249	37
Biblica	1971	bekker	2	2
Biblica	1971	stephanus	76	7
Biblica	1972	ambiguous	419	34
Biblica	1972	nt	1	1
Biblica	1972	stephanus	31	11
Biblica	1973	ambiguous	234	27
Biblica	1973	bekker	4	2
Biblica	1973	homer	1	1
Biblica	1973	stephanus	14	7
Biblica	1974	ambiguous	211	38
Biblica	1974	bekker	7	3
Biblica	1974	stephanus	11	7
Biblica	1975	ambiguous	277	32
Biblica	1975	bekker	3	2
Biblica	1975	homer	7	1
Biblica	1975	nt	5	1
Biblica	1975	stephanus	41	11
Biblica	1976	ambiguous	317	35
Biblica	1976	bekker	3	2
Biblica	1976	homer	1	1
Biblica	1976	nt	4	3
Biblica	1976	stephanus	16	8
Biblica	1977	ambiguous	279	40
Biblica	1977	bekker	8	3
Biblica	1977	homer	3	1
Biblica	1977	stephanus	47	17
Biblica	1978	ambiguous	336	34
Biblica	1978	bekker	1	1
Biblica	1978	nt	1	1
Biblica	1978	stephanus	27	11
Biblica	1979	ambiguous	218	30
Biblica	1979	stephanus	27	11
Biblica	1980	ambiguous	287	43
Biblica	1980	bekker	1	1
Biblica	1980	homer	1	1
Biblica	1980	nt	1	1
Biblica	1980	stephanus	36	8
Biblica	1981	ambiguous	245	36
Biblica	1981	bekker	1	1
Biblica	1981	nt	3	3
Biblica	1981	stephanus	15	12
Biblica	1982	ambiguous	265	39
Biblica	1982	bekker	1	1
Biblica	1982	nt	2	1
Biblica	1982	stephanus	35	14
Biblica	1983	ambiguous	382	26
Biblica	1983	bekker	2	1
Biblica	1983	nt	7	2
Biblica	1983	stephanus	80	12
Biblica	1984	ambiguous	222	34
Biblica	1984	homer	2	2
Biblica	1984	nt	1	1
Biblica	1984	stephanus	39	15
Biblica	1985	ambiguous	386	28
Biblica	1985	nt	2	2
Biblica	1985	stephanus	70	8
Biblica	1986	ambiguous	183	27
Biblica	1986	stephanus	8	7
Biblica	1987	ambiguous	265	25
Biblica	1987	homer	1	1
Biblica	1987	stephanus	51	14
Biblica	1988	ambiguous	326	28
Biblica	1988	bekker	2	2
Biblica	1988	nt	1	1
Biblica	1988	stephanus	72	10
Biblica	1989	ambiguous	143	26
Biblica	1989	bekker	1	1
Biblica	1989	homer	1	1
Biblica	1989	nt	2	1
Biblica	1989	stephanus	23	9
Biblica	1990	ambiguous	114	33
Biblica	1990	bekker	2	2
Biblica	1990	stephanus	9	8
Biblica	1991	ambiguous	280	32
Biblica	1991	bekker	2	2
Biblica	1991	stephanus	64	10
Biblica	1992	ambiguous	232	35
Biblica	1992	bekker	2	2
Biblica	1992	homer	1	1
Biblica	1992	stephanus	19	7
Biblica	1993	ambiguous	201	31
Biblica	1993	nt	10	4
Biblica	1993	stephanus	122	8
Biblica	1994	ambiguous	323	38
Biblica	1994	bekker	10	4
Biblica	1994	nt	2	1
Biblica	1994	stephanus	48	12
Biblica	1995	ambiguous	317	35
Biblica	1995	nt	1	1
Biblica	1995	stephanus	45	9
Biblica	1996	ambiguous	428	33
Biblica	1996	stephanus	11	7
Biblica	1997	ambiguous	203	33
Biblica	1997	bekker	18	2
Biblica	1997	stephanus	27	10
Biblica	1998	ambiguous	222	36
Biblica	1998	stephanus	64	17
Biblica	1999	ambiguous	179	30
Biblica	1999	bekker	1	1
Biblica	1999	homer	1	1
Biblica	1999	nt	6	2
Biblica	1999	stephanus	69	12
Biblica	2000	ambiguous	261	26
Biblica	2000	nt	1	1
Biblica	2000	pindar	1	1
Biblica	2000	stephanus	111	13
Biblica	2001	ambiguous	345	31
Biblica	2001	nt	4	2
Biblica	2001	stephanus	113	19
Biblica	2002	ambiguous	223	30
Biblica	2002	bekker	5	2
Biblica	2002	nt	7	2
Biblica	2002	stephanus	37	11
Biblica	2003	ambiguous	279	33
Biblica	2003	bekker	12	4
Biblica	2003	nt	3	3
Biblica	2003	stephanus	61	13
Biblica	2004	ambiguous	209	27
Biblica	2004	bekker	1	1
Biblica	2004	homer	2	2
Biblica	2004	stephanus	24	8
Biblica	2005	ambiguous	184	37
Biblica	2005	bekker	1	1
Biblica	2005	nt	3	2
Biblica	2005	stephanus	19	13
Biblica	2006	ambiguous	149	36
Biblica	2006	bekker	2	1
Biblica	2006	nt	2	1
Biblica	2006	stephanus	16	9
Biblica	2007	ambiguous	278	35
Biblica	2007	homer	1	1
Biblica	2007	nt	9	4
Biblica	2007	stephanus	35	9
Biblica	2008	ambiguous	240	32
Biblica	2008	bekker	9	4
Biblica	2008	stephanus	74	13
Biblica	2009	ambiguous	393	35
Biblica	2009	bekker	14	4
Biblica	2009	homer	4	3
Biblica	2009	nt	1	1
Biblica	2009	stephanus	47	8
Biblica	2010	ambiguous	220	30
Biblica	2010	bekker	6	2
Biblica	2010	nt	10	2
Biblica	2010	stephanus	21	12
Biblica	2011	ambiguous	291	34
Biblica	2011	nt	4	4
Biblica	2011	stephanus	38	14
Biblica	2012	ambiguous	156	32
Biblica	2012	bekker	3	3
Biblica	2012	homer	1	1
Biblica	2012	stephanus	24	8
Biblica	2013	ambiguous	210	33
Biblica	2013	bekker	3	3
Biblica	2013	nt	4	3
Biblica	2013	stephanus	50	14
Biblica	2014	ambiguous	169	26
Biblica	2014	bekker	1	1
Biblica	2014	nt	2	2
Biblica	2014	stephanus	18	12
Biblica	2015	ambiguous	201	26
Biblica	2015	bekker	1	1
Biblica	2015	nt	7	2
Biblica	2015	stephanus	44	10
Biblica	2016	ambiguous	311	34
Biblica	2016	bekker	2	2
Biblica	2016	homer	6	3
Biblica	2016	pindar	1	1
Biblica	2016	stephanus	69	12
Biblica	2017	ambiguous	203	37
Biblica	2017	bekker	7	2
Biblica	2017	nt	1	1
Biblica	2017	stephanus	24	8
Biblica	2018	ambiguous	142	29
Biblica	2018	bekker	4	4
Biblica	2018	homer	4	3
Biblica	2018	nt	3	2
Biblica	2018	stephanus	29	10
Biblica	2019	ambiguous	312	29
Biblica	2019	bekker	1	1
Biblica	2019	homer	5	1
Biblica	2019	nt	7	4
Biblica	2019	stephanus	49	15
Biblica	2020	ambiguous	282	31
Biblica	2020	bekker	4	4
Biblica	2020	nt	4	3
Biblica	2020	stephanus	58	16
Church History	1932	ambiguous	10	3
Church History	1932	stephanus	1	1
Church History	1934	ambiguous	1	1
Church History	1934	nt	5	1
Church History	1935	nt	5	5
Church History	1936	ambiguous	1	1
Church History	1936	stephanus	10	5
Church History	1937	ambiguous	1	1
Church History	1938	ambiguous	4	3
Church History	1938	stephanus	1	1
Church History	1939	ambiguous	5	2
Church History	1939	stephanus	3	3
Church History	1940	ambiguous	1	1
Church History	1940	bekker	1	1
Church History	1940	nt	4	3
Church History	1941	nt	3	2
Church History	1941	stephanus	2	1
Church History	1942	ambiguous	2	2
Church History	1942	stephanus	2	2
Church History	1943	ambiguous	1	1
Church History	1943	bekker	1	1
Church History	1943	nt	11	1
Church History	1943	stephanus	1	1
Church History	1944	ambiguous	3	1
Church History	1944	nt	1	1
Church History	1945	ambiguous	2	2
Church History	1945	nt	1	1
Church History	1946	ambiguous	3	2
Church History	1947	ambiguous	1	1
Church History	1947	nt	3	3
Church History	1947	stephanus	1	1
Church History	1948	ambiguous	2	2
Church History	1948	bekker	5	2
Church History	1948	stephanus	2	2
Church History	1949	ambiguous	3	1
Church History	1949	nt	4	1
Church History	1949	stephanus	1	1
Church History	1950	ambiguous	8	2
Church History	1950	bekker	1	1
Church History	1950	nt	3	2
Church History	1950	stephanus	1	1
Church History	1951	ambiguous	18	6
Church History	1951	bekker	8	1
Church History	1951	nt	15	4
Church History	1951	stephanus	21	4
Church History	1952	ambiguous	4	2
Church History	1952	nt	5	3
Church History	1952	stephanus	2	2
Church History	1953	ambiguous	23	2
Church History	1953	bekker	2	1
Church History	1953	nt	7	3
Church History	1953	stephanus	18	1
Church History	1954	ambiguous	1	1
Church History	1954	nt	19	6
Church History	1955	ambiguous	20	3
Church History	1955	bekker	11	2
Church History	1955	nt	6	3
Church History	1955	stephanus	15	6
Church History	1956	ambiguous	12	3
Church History	1956	nt	5	3
Church History	1957	nt	5	1
Church History	1957	stephanus	7	4
Church History	1958	ambiguous	7	2
Church History	1958	nt	1	1
Church History	1958	stephanus	4	3
Church History	1959	ambiguous	14	2
Church History	1959	nt	14	2
Church History	1959	stephanus	6	1
Church History	1960	ambiguous	40	5
Church History	1960	nt	3	3
Church History	1960	stephanus	7	7
Church History	1961	ambiguous	42	3
Church History	1961	bekker	11	1
Church History	1961	nt	4	3
Church History	1961	stephanus	8	1
Church History	1962	ambiguous	24	6
Church History	1962	bekker	5	2
Church History	1962	nt	14	3
Church History	1962	stephanus	23	5
Church History	1963	ambiguous	2	1
Church History	1963	nt	8	7
Church History	1964	ambiguous	31	4
Church History	1964	nt	5	2
Church History	1964	stephanus	17	4
Church History	1965	ambiguous	19	4
Church History	1965	nt	8	4
Church History	1965	stephanus	12	3
Church History	1966	ambiguous	18	7
Church History	1966	nt	4	3
Church History	1966	stephanus	12	2
Church History	1967	ambiguous	18	5
Church History	1967	bekker	1	1
Church History	1967	nt	1	1
Church History	1967	stephanus	6	3
Church History	1968	ambiguous	4	3
Church History	1968	bekker	1	1
Church History	1968	homer	1	1
Church History	1968	nt	10	4
Church History	1968	stephanus	3	1
Church History	1969	ambiguous	21	7
Church History	1969	bekker	2	2
Church History	1969	nt	5	1
Church History	1969	stephanus	1	1
Church History	1970	ambiguous	16	3
Church History	1970	bekker	3	1
Church History	1970	nt	8	4
Church History	1970	pindar	1	1
Church History	1970	stephanus	21	3
Church History	1971	ambiguous	16	5
Church History	1971	bekker	1	1
Church History	1971	nt	3	3
Church History	1971	stephanus	14	4
Church History	1972	ambiguous	7	2
Church History	1972	nt	6	2
Church History	1972	stephanus	3	1
Church History	1973	ambiguous	56	7
Church History	1973	bekker	4	3
Church History	1973	nt	10	4
Church History	1973	stephanus	34	5
Church History	1974	ambiguous	30	6
Church History	1974	bekker	1	1
Church History	1974	nt	28	5
Church History	1974	stephanus	9	4
Church History	1975	ambiguous	13	9
Church History	1975	bekker	2	2
Church History	1975	nt	6	2
Church History	1975	stephanus	13	10
Church History	1976	ambiguous	9	4
Church History	1976	bekker	4	2
Church History	1976	nt	1	1
Church History	1976	stephanus	11	4
Church History	1977	ambiguous	20	6
Church History	1977	bekker	3	3
Church History	1977	nt	7	4
Church History	1977	stephanus	7	3
Church History	1978	ambiguous	11	2
Church History	1978	bekker	2	2
Church History	1978	stephanus	1	1
Church History	1979	ambiguous	31	2
Church History	1979	nt	3	2
Church History	1979	stephanus	25	2
Church History	1980	ambiguous	9	6
Church History	1980	bekker	2	1
Church History	1980	stephanus	9	2
Church History	1981	ambiguous	14	3
Church History	1981	bekker	1	1
Church History	1981	nt	25	9
Church History	1981	stephanus	3	1
Church History	1982	ambiguous	5	3
Church History	1982	bekker	2	2
Church History	1982	nt	4	1
Church History	1982	stephanus	3	3
Church History	1983	bekker	1	1
Church History	1983	nt	13	7
Church History	1983	stephanus	13	2
Church History	1984	ambiguous	7	5
Church History	1984	bekker	1	1
Church History	1984	nt	4	2
Church History	1984	stephanus	2	2
Church History	1985	ambiguous	20	3
Church History	1985	bekker	4	2
Church History	1985	nt	14	8
Church History	1985	stephanus	17	4
Church History	1986	ambiguous	26	4
Church History	1986	bekker	6	1
Church History	1986	homer	1	1
Church History	1986	nt	1	1
Church History	1986	stephanus	30	2
Church History	1987	ambiguous	7	3
Church History	1987	bekker	3	1
Church History	1987	nt	3	3
Church History	1987	stephanus	10	3
Church History	1988	ambiguous	17	5
Church History	1988	bekker	2	1
Church History	1988	nt	16	5
Church History	1988	stephanus	13	1
Church History	1989	ambiguous	11	5
Church History	1989	bekker	4	1
Church History	1989	nt	5	5
Church History	1989	stephanus	12	8
Church History	1990	ambiguous	5	5
Church History	1990	nt	16	9
Church History	1991	ambiguous	8	8
Church History	1991	bekker	9	2
Church History	1991	homer	1	1
Church History	1991	nt	4	3
Church History	1991	stephanus	4	3
Church History	1992	ambiguous	40	8
Church History	1992	bekker	1	1
Church History	1992	nt	6	5
Church History	1992	stephanus	12	2
Church History	1993	ambiguous	14	4
Church History	1993	bekker	8	2
Church History	1993	nt	4	2
Church History	1993	stephanus	15	4
Church History	1994	ambiguous	8	1
Church History	1994	bekker	1	1
Church History	1994	nt	4	2
Church History	1994	stephanus	13	1
Church History	1995	ambiguous	13	7
Church History	1995	bekker	4	2
Church History	1995	nt	9	4
Church History	1995	stephanus	7	6
Church History	1996	ambiguous	8	3
Church History	1996	bekker	1	1
Church History	1996	stephanus	10	4
Church History	1997	ambiguous	24	11
Church History	1997	nt	2	1
Church History	1997	stephanus	12	5
Church History	1998	ambiguous	10	7
Church History	1998	nt	20	5
Church History	1998	stephanus	20	3
Church History	1999	ambiguous	25	7
Church History	1999	bekker	2	1
Church History	1999	nt	16	9
Church History	1999	stephanus	5	4
Church History	2000	ambiguous	64	8
Church History	2000	bekker	1	1
Church History	2000	nt	23	7
Church History	2000	stephanus	45	4
Church History	2001	ambiguous	20	4
Church History	2001	bekker	1	1
Church History	2001	nt	14	6
Church History	2001	stephanus	7	5
Church History	2002	ambiguous	4	4
Church History	2002	nt	1	1
Church History	2002	stephanus	17	4
Church History	2003	ambiguous	6	3
Church History	2003	bekker	1	1
Church History	2003	nt	5	3
Church History	2003	stephanus	3	1
Church History	2004	ambiguous	5	3
Church History	2004	bekker	3	2
Church History	2004	nt	13	5
Church History	2004	stephanus	13	4
Church History	2005	ambiguous	8	3
Church History	2005	bekker	1	1
Church History	2005	nt	6	3
Church History	2005	stephanus	7	4
Church History	2006	ambiguous	9	7
Church History	2006	bekker	3	3
Church History	2006	homer	1	1
Church History	2006	nt	5	4
Church History	2006	stephanus	10	4
Church History	2007	ambiguous	10	4
Church History	2007	bekker	1	1
Church History	2007	nt	2	1
Church History	2007	stephanus	4	3
Church History	2008	ambiguous	35	12
Church History	2008	bekker	7	1
Church History	2008	homer	7	2
Church History	2008	nt	27	3
Church History	2008	stephanus	23	11
Church History	2009	ambiguous	82	11
Church History	2009	nt	2	2
Church History	2009	stephanus	16	6
Church History	2010	ambiguous	22	10
Church History	2010	nt	3	2
Church History	2010	stephanus	6	5
Church History	2011	ambiguous	19	6
Church History	2011	bekker	2	2
Church History	2011	stephanus	6	6
Church History	2012	ambiguous	15	9
Church History	2012	bekker	2	1
Church History	2012	nt	6	4
Church History	2012	stephanus	11	9
Church History	2013	ambiguous	50	11
Church History	2013	bekker	6	2
Church History	2013	nt	11	3
Church History	2013	stephanus	20	12
Church History	2014	ambiguous	29	12
Church History	2014	nt	22	3
Church History	2014	stephanus	21	9
Church History	2015	ambiguous	25	14
Church History	2015	nt	9	2
Church History	2015	stephanus	21	8
Church History	2016	ambiguous	57	11
Church History	2016	nt	2	2
Church History	2016	stephanus	8	5
Church History	2017	ambiguous	77	16
Church History	2017	bekker	5	3
Church History	2017	nt	9	2
Church History	2017	stephanus	23	10
Church History	2018	ambiguous	14	9
Church History	2018	nt	3	3
Church History	2018	stephanus	24	8
Church History	2019	ambiguous	29	12
Church History	2019	bekker	4	2
Church History	2019	homer	2	2
Church History	2019	nt	4	2
Church History	2019	stephanus	21	9
Church History	2020	ambiguous	43	15
Church History	2020	bekker	2	2
Church History	2020	nt	4	3
Church History	2020	stephanus	13	7
Classical Antiquity	1982	ambiguous	144	8
Classical Antiquity	1982	bekker	6	3
Classical Antiquity	1982	homer	14	4
Classical Antiquity	1982	pindar	3	3
Classical Antiquity	1982	stephanus	106	10
Classical Antiquity	1983	ambiguous	219	14
Classical Antiquity	1983	bekker	107	8
Classical Antiquity	1983	homer	54	11
Classical Antiquity	1983	pindar	10	3
Classical Antiquity	1983	stephanus	73	16
Classical Antiquity	1984	ambiguous	215	10
Classical Antiquity	1984	bekker	7	4
Classical Antiquity	1984	homer	6	4
Classical Antiquity	1984	pindar	2	2
Classical Antiquity	1984	stephanus	23	5
Classical Antiquity	1985	ambiguous	159	8
Classical Antiquity	1985	bekker	13	4
Classical Antiquity	1985	homer	10	5
Classical Antiquity	1985	nt	3	1
Classical Antiquity	1985	pindar	3	1
Classical Antiquity	1985	stephanus	124	5
Classical Antiquity	1986	ambiguous	76	8
Classical Antiquity	1986	bekker	64	5
Classical Antiquity	1986	homer	6	4
Classical Antiquity	1986	stephanus	73	5
Classical Antiquity	1987	ambiguous	16	6
Classical Antiquity	1987	bekker	17	8
Classical Antiquity	1987	homer	55	5
Classical Antiquity	1987	pindar	11	5
Classical Antiquity	1987	stephanus	10	8
Classical Antiquity	1988	ambiguous	58	9
Classical Antiquity	1988	bekker	24	4
Classical Antiquity	1988	homer	28	6
Classical Antiquity	1988	pindar	6	3
Classical Antiquity	1988	stephanus	39	5
Classical Antiquity	1989	ambiguous	47	14
Classical Antiquity	1989	bekker	11	8
Classical Antiquity	1989	homer	66	9
Classical Antiquity	1989	pindar	1	1
Classical Antiquity	1989	stephanus	30	8
Classical Antiquity	1990	ambiguous	62	9
Classical Antiquity	1990	bekker	17	5
Classical Antiquity	1990	homer	37	9
Classical Antiquity	1990	pindar	1	1
Classical Antiquity	1990	stephanus	62	9
Classical Antiquity	1991	ambiguous	71	10
Classical Antiquity	1991	bekker	14	5
Classical Antiquity	1991	homer	70	7
Classical Antiquity	1991	pindar	16	1
Classical Antiquity	1991	stephanus	71	7
Classical Antiquity	1992	ambiguous	108	12
Classical Antiquity	1992	bekker	36	7
Classical Antiquity	1992	homer	28	9
Classical Antiquity	1992	pindar	4	2
Classical Antiquity	1992	stephanus	116	10
Classical Antiquity	1993	ambiguous	99	9
Classical Antiquity	1993	bekker	40	5
Classical Antiquity	1993	homer	48	9
Classical Antiquity	1993	pindar	1	1
Classical Antiquity	1993	stephanus	21	6
Classical Antiquity	1994	ambiguous	15	7
Classical Antiquity	1994	bekker	16	3
Classical Antiquity	1994	homer	15	4
Classical Antiquity	1994	pindar	1	1
Classical Antiquity	1994	stephanus	14	5
Classical Antiquity	1995	ambiguous	44	6
Classical Antiquity	1995	bekker	32	6
Classical Antiquity	1995	homer	81	10
Classical Antiquity	1995	pindar	5	2
Classical Antiquity	1995	stephanus	18	6
Classical Antiquity	1996	ambiguous	51	7
Classical Antiquity	1996	bekker	17	4
Classical Antiquity	1996	homer	27	8
Classical Antiquity	1996	pindar	20	2
Classical Antiquity	1996	stephanus	24	8
Classical Antiquity	1997	ambiguous	30	5
Classical Antiquity	1997	bekker	67	10
Classical Antiquity	1997	homer	35	7
Classical Antiquity	1997	pindar	4	2
Classical Antiquity	1997	stephanus	16	5
Classical Antiquity	1998	ambiguous	47	9
Classical Antiquity	1998	bekker	22	8
Classical Antiquity	1998	homer	127	6
Classical Antiquity	1998	nt	2	1
Classical Antiquity	1998	pindar	19	3
Classical Antiquity	1998	stephanus	45	10
Classical Antiquity	1999	ambiguous	34	7
Classical Antiquity	1999	bekker	86	8
Classical Antiquity	1999	homer	57	5
Classical Antiquity	1999	pindar	1	1
Classical Antiquity	1999	stephanus	33	8
Classical Antiquity	2000	ambiguous	82	10
Classical Antiquity	2000	bekker	112	9
Classical Antiquity	2000	homer	11	5
Classical Antiquity	2000	stephanus	84	9
Classical Antiquity	2001	ambiguous	57	6
Classical Antiquity	2001	bekker	105	5
Classical Antiquity	2001	homer	20	3
Classical Antiquity	2001	pindar	5	2
Classical Antiquity	2001	stephanus	60	5
Classical Antiquity	2002	ambiguous	127	7
Classical Antiquity	2002	bekker	172	8
Classical Antiquity	2002	homer	39	5
Classical Antiquity	2002	pindar	2	2
Classical Antiquity	2002	stephanus	113	6
Classical Antiquity	2003	ambiguous	16	6
Classical Antiquity	2003	bekker	35	3
Classical Antiquity	2003	homer	49	4
Classical Antiquity	2003	stephanus	8	4
Classical Antiquity	2004	ambiguous	55	8
Classical Antiquity	2004	bekker	79	5
Classical Antiquity	2004	homer	212	6
Classical Antiquity	2004	pindar	6	3
Classical Antiquity	2004	stephanus	11	5
Classical Antiquity	2005	ambiguous	52	8
Classical Antiquity	2005	bekker	99	9
Classical Antiquity	2005	homer	17	3
Classical Antiquity	2005	pindar	5	1
Classical Antiquity	2005	stephanus	15	5
Classical Antiquity	2006	ambiguous	34	9
Classical Antiquity	2006	bekker	96	8
Classical Antiquity	2006	homer	42	7
Classical Antiquity	2006	pindar	4	2
Classical Antiquity	2006	stephanus	13	6
Classical Antiquity	2007	ambiguous	37	8
Classical Antiquity	2007	bekker	116	7
Classical Antiquity	2007	homer	17	4
Classical Antiquity	2007	pindar	3	2
Classical Antiquity	2007	stephanus	39	8
Classical Antiquity	2008	ambiguous	34	7
Classical Antiquity	2008	bekker	33	7
Classical Antiquity	2008	homer	32	6
Classical Antiquity	2008	pindar	3	1
Classical Antiquity	2008	stephanus	51	9
Classical Antiquity	2009	ambiguous	54	7
Classical Antiquity	2009	bekker	159	9
Classical Antiquity	2009	homer	54	8
Classical Antiquity	2009	pindar	23	5
Classical Antiquity	2009	stephanus	53	8
Classical Antiquity	2010	ambiguous	84	7
Classical Antiquity	2010	bekker	132	9
Classical Antiquity	2010	homer	6	4
Classical Antiquity	2010	stephanus	89	6
Classical Antiquity	2011	ambiguous	48	8
Classical Antiquity	2011	bekker	189	7
Classical Antiquity	2011	homer	17	3
Classical Antiquity	2011	pindar	2	1
Classical Antiquity	2011	stephanus	28	6
Classical Antiquity	2012	ambiguous	38	7
Classical Antiquity	2012	bekker	177	10
Classical Antiquity	2012	homer	145	6
Classical Antiquity	2012	pindar	2	1
Classical Antiquity	2012	stephanus	47	7
Classical Antiquity	2013	ambiguous	137	9
Classical Antiquity	2013	bekker	126	10
Classical Antiquity	2013	homer	120	7
Classical Antiquity	2013	pindar	22	4
Classical Antiquity	2013	stephanus	99	9
Classical Antiquity	2014	ambiguous	28	6
Classical Antiquity	2014	bekker	56	9
Classical Antiquity	2014	homer	14	2
Classical Antiquity	2014	stephanus	10	5
Classical Antiquity	2015	ambiguous	52	9
Classical Antiquity	2015	bekker	88	8
Classical Antiquity	2015	homer	33	5
Classical Antiquity	2015	pindar	7	4
Classical Antiquity	2015	stephanus	40	9
Classical Antiquity	2016	ambiguous	154	8
Classical Antiquity	2016	bekker	70	7
Classical Antiquity	2016	homer	74	7
Classical Antiquity	2016	pindar	3	2
Classical Antiquity	2016	stephanus	33	3
Classical Antiquity	2017	ambiguous	62	6
Classical Antiquity	2017	bekker	226	8
Classical Antiquity	2017	homer	41	4
Classical Antiquity	2017	pindar	7	3
Classical Antiquity	2017	stephanus	53	6
Classical Antiquity	2018	ambiguous	36	9
Classical Antiquity	2018	bekker	176	9
Classical Antiquity	2018	homer	104	4
Classical Antiquity	2018	pindar	4	3
Classical Antiquity	2018	stephanus	24	9
Classical Antiquity	2019	ambiguous	81	8
Classical Antiquity	2019	bekker	99	9
Classical Antiquity	2019	homer	9	2
Classical Antiquity	2019	pindar	9	1
Classical Antiquity	2019	stephanus	32	5
Classical Antiquity	2020	ambiguous	132	8
Classical Antiquity	2020	bekker	131	8
Classical Antiquity	2020	homer	117	5
Classical Antiquity	2020	pindar	1	1
Classical Antiquity	2020	stephanus	34	5
Classical Antiquity	2021	ambiguous	24	8
Classical Antiquity	2021	bekker	65	8
Classical Antiquity	2021	homer	36	5
Classical Antiquity	2021	pindar	4	3
Classical Antiquity	2021	stephanus	9	5
Classical Antiquity	2022	ambiguous	31	5
Classical Antiquity	2022	bekker	64	5
Classical Antiquity	2022	homer	63	5
Classical Antiquity	2022	pindar	3	3
Classical Antiquity	2022	stephanus	24	4
Classical Philology	1906	ambiguous	143	9
Classical Philology	1906	bekker	73	3
Classical Philology	1906	homer	2	2
Classical Philology	1906	stephanus	2	2
Classical Philology	1907	ambiguous	6	4
Classical Philology	1907	bekker	4	2
Classical Philology	1907	homer	1	1
Classical Philology	1907	stephanus	15	9
Classical Philology	1908	ambiguous	25	11
Classical Philology	1908	bekker	5	1
Classical Philology	1908	homer	1	1
Classical Philology	1908	stephanus	20	8
Classical Philology	1909	ambiguous	108	14
Classical Philology	1909	bekker	5	2
Classical Philology	1909	nt	1	1
Classical Philology	1909	stephanus	26	9
Classical Philology	1910	ambiguous	52	15
Classical Philology	1910	bekker	3	2
Classical Philology	1910	nt	3	3
Classical Philology	1910	stephanus	46	11
Classical Philology	1911	ambiguous	44	15
Classical Philology	1911	bekker	8	6
Classical Philology	1911	homer	4	1
Classical Philology	1911	nt	2	2
Classical Philology	1911	stephanus	30	12
Classical Philology	1912	ambiguous	55	14
Classical Philology	1912	bekker	6	4
Classical Philology	1912	homer	1	1
Classical Philology	1912	stephanus	26	13
Classical Philology	1913	ambiguous	42	14
Classical Philology	1913	bekker	7	3
Classical Philology	1913	homer	1	1
Classical Philology	1913	nt	1	1
Classical Philology	1913	stephanus	18	13
Classical Philology	1914	ambiguous	298	14
Classical Philology	1914	bekker	19	3
Classical Philology	1914	homer	1	1
Classical Philology	1914	nt	1	1
Classical Philology	1914	stephanus	384	10
Classical Philology	1915	ambiguous	395	20
Classical Philology	1915	bekker	3	3
Classical Philology	1915	stephanus	38	14
Classical Philology	1916	ambiguous	53	14
Classical Philology	1916	bekker	18	6
Classical Philology	1916	stephanus	14	8
Classical Philology	1917	ambiguous	28	18
Classical Philology	1917	bekker	9	4
Classical Philology	1917	homer	1	1
Classical Philology	1917	stephanus	50	14
Classical Philology	1918	ambiguous	8	5
Classical Philology	1918	bekker	17	2
Classical Philology	1918	nt	1	1
Classical Philology	1918	stephanus	13	4
Classical Philology	1919	ambiguous	28	8
Classical Philology	1919	bekker	1	1
Classical Philology	1919	nt	9	2
Classical Philology	1919	stephanus	29	6
Classical Philology	1920	ambiguous	17	10
Classical Philology	1920	bekker	1	1
Classical Philology	1920	homer	1	1
Classical Philology	1920	stephanus	8	6
Classical Philology	1921	ambiguous	30	11
Classical Philology	1921	bekker	4	2
Classical Philology	1921	homer	2	2
Classical Philology	1921	stephanus	19	12
Classical Philology	1922	ambiguous	30	11
Classical Philology	1922	stephanus	21	9
Classical Philology	1923	ambiguous	16	10
Classical Philology	1923	bekker	3	3
Classical Philology	1923	homer	3	3
Classical Philology	1923	stephanus	10	7
Classical Philology	1924	ambiguous	33	11
Classical Philology	1924	bekker	32	4
Classical Philology	1924	homer	1	1
Classical Philology	1924	stephanus	35	10
Classical Philology	1925	ambiguous	46	21
Classical Philology	1925	bekker	7	2
Classical Philology	1925	stephanus	38	11
Classical Philology	1926	ambiguous	39	16
Classical Philology	1926	bekker	14	7
Classical Philology	1926	nt	1	1
Classical Philology	1926	stephanus	68	19
Classical Philology	1927	ambiguous	33	15
Classical Philology	1927	bekker	3	1
Classical Philology	1927	homer	1	1
Classical Philology	1927	stephanus	17	11
Classical Philology	1928	ambiguous	120	14
Classical Philology	1928	bekker	3	3
Classical Philology	1928	homer	1	1
Classical Philology	1928	stephanus	146	13
Classical Philology	1929	ambiguous	44	11
Classical Philology	1929	bekker	6	4
Classical Philology	1929	nt	3	1
Classical Philology	1929	stephanus	55	8
Classical Philology	1930	ambiguous	42	9
Classical Philology	1930	bekker	5	4
Classical Philology	1930	nt	2	2
Classical Philology	1930	stephanus	55	13
Classical Philology	1931	ambiguous	65	16
Classical Philology	1931	bekker	3	2
Classical Philology	1931	stephanus	40	8
Classical Philology	1932	ambiguous	44	10
Classical Philology	1932	bekker	9	4
Classical Philology	1932	nt	1	1
Classical Philology	1932	stephanus	41	6
Classical Philology	1933	ambiguous	22	13
Classical Philology	1933	bekker	3	3
Classical Philology	1933	homer	1	1
Classical Philology	1933	nt	1	1
Classical Philology	1933	stephanus	9	7
Classical Philology	1934	ambiguous	14	5
Classical Philology	1934	bekker	7	3
Classical Philology	1934	nt	3	2
Classical Philology	1934	stephanus	6	4
Classical Philology	1935	ambiguous	32	11
Classical Philology	1935	bekker	20	2
Classical Philology	1935	stephanus	42	8
Classical Philology	1936	ambiguous	26	11
Classical Philology	1936	bekker	6	2
Classical Philology	1936	stephanus	23	10
Classical Philology	1937	ambiguous	53	15
Classical Philology	1937	bekker	9	4
Classical Philology	1937	nt	3	1
Classical Philology	1937	stephanus	14	6
Classical Philology	1938	ambiguous	29	6
Classical Philology	1938	bekker	6	2
Classical Philology	1938	homer	2	2
Classical Philology	1938	nt	1	1
Classical Philology	1938	stephanus	37	10
Classical Philology	1939	ambiguous	114	15
Classical Philology	1939	bekker	5	2
Classical Philology	1939	stephanus	107	8
Classical Philology	1940	ambiguous	186	18
Classical Philology	1940	bekker	5	2
Classical Philology	1940	homer	1	1
Classical Philology	1940	nt	7	2
Classical Philology	1940	stephanus	233	14
Classical Philology	1941	ambiguous	37	17
Classical Philology	1941	bekker	3	3
Classical Philology	1941	stephanus	25	8
Classical Philology	1942	ambiguous	52	16
Classical Philology	1942	bekker	14	3
Classical Philology	1942	stephanus	44	13
Classical Philology	1943	ambiguous	33	14
Classical Philology	1943	bekker	6	3
Classical Philology	1943	homer	1	1
Classical Philology	1943	nt	11	5
Classical Philology	1943	pindar	1	1
Classical Philology	1943	stephanus	5	4
Classical Philology	1944	ambiguous	54	10
Classical Philology	1944	bekker	6	5
Classical Philology	1944	nt	2	1
Classical Philology	1944	stephanus	43	5
Classical Philology	1945	ambiguous	24	8
Classical Philology	1945	bekker	3	2
Classical Philology	1945	nt	3	2
Classical Philology	1945	stephanus	2	2
Classical Philology	1946	ambiguous	36	9
Classical Philology	1946	bekker	44	3
Classical Philology	1946	nt	3	1
Classical Philology	1946	stephanus	11	5
Classical Philology	1947	ambiguous	150	13
Classical Philology	1947	bekker	102	2
Classical Philology	1947	homer	1	1
Classical Philology	1947	pindar	1	1
Classical Philology	1947	stephanus	12	7
Classical Philology	1948	ambiguous	27	10
Classical Philology	1948	bekker	5	3
Classical Philology	1948	homer	2	1
Classical Philology	1948	nt	4	2
Classical Philology	1948	stephanus	9	6
Classical Philology	1949	ambiguous	27	12
Classical Philology	1949	stephanus	21	9
Classical Philology	1950	ambiguous	20	12
Classical Philology	1950	bekker	3	2
Classical Philology	1950	stephanus	13	10
Classical Philology	1951	ambiguous	176	11
Classical Philology	1951	bekker	9	2
Classical Philology	1951	homer	2	1
Classical Philology	1951	stephanus	191	7
Classical Philology	1952	ambiguous	21	13
Classical Philology	1952	bekker	5	3
Classical Philology	1952	homer	2	2
Classical Philology	1952	pindar	1	1
Classical Philology	1952	stephanus	7	6
Classical Philology	1953	ambiguous	13	10
Classical Philology	1953	bekker	8	6
Classical Philology	1953	homer	1	1
Classical Philology	1953	nt	1	1
Classical Philology	1953	stephanus	6	5
Classical Philology	1954	ambiguous	6	5
Classical Philology	1954	bekker	23	4
Classical Philology	1954	stephanus	5	5
Classical Philology	1955	ambiguous	45	16
Classical Philology	1955	bekker	12	4
Classical Philology	1955	nt	1	1
Classical Philology	1955	stephanus	3	3
Classical Philology	1956	ambiguous	17	9
Classical Philology	1956	bekker	3	1
Classical Philology	1956	nt	1	1
Classical Philology	1956	stephanus	8	5
Classical Philology	1957	ambiguous	137	17
Classical Philology	1957	bekker	10	4
Classical Philology	1957	nt	1	1
Classical Philology	1957	stephanus	106	11
Classical Philology	1958	ambiguous	112	10
Classical Philology	1958	bekker	15	6
Classical Philology	1958	homer	1	1
Classical Philology	1958	nt	1	1
Classical Philology	1958	stephanus	121	11
Classical Philology	1959	ambiguous	42	17
Classical Philology	1959	bekker	7	2
Classical Philology	1959	stephanus	29	15
Classical Philology	1960	ambiguous	164	21
Classical Philology	1960	bekker	51	7
Classical Philology	1960	stephanus	23	12
Classical Philology	1961	ambiguous	51	18
Classical Philology	1961	bekker	64	7
Classical Philology	1961	nt	1	1
Classical Philology	1961	stephanus	41	13
Classical Philology	1962	ambiguous	39	18
Classical Philology	1962	bekker	40	6
Classical Philology	1962	stephanus	41	14
Classical Philology	1963	ambiguous	97	18
Classical Philology	1963	bekker	4	3
Classical Philology	1963	homer	1	1
Classical Philology	1963	stephanus	56	14
Classical Philology	1964	ambiguous	38	16
Classical Philology	1964	bekker	2	2
Classical Philology	1964	homer	1	1
Classical Philology	1964	stephanus	21	7
Classical Philology	1965	ambiguous	48	16
Classical Philology	1965	bekker	11	4
Classical Philology	1965	homer	1	1
Classical Philology	1965	nt	2	2
Classical Philology	1965	stephanus	30	9
Classical Philology	1966	ambiguous	44	12
Classical Philology	1966	bekker	11	6
Classical Philology	1966	homer	2	1
Classical Philology	1966	stephanus	29	14
Classical Philology	1967	ambiguous	71	18
Classical Philology	1967	bekker	20	8
Classical Philology	1967	stephanus	15	5
Classical Philology	1968	ambiguous	103	16
Classical Philology	1968	bekker	26	7
Classical Philology	1968	stephanus	116	9
Classical Philology	1969	ambiguous	70	18
Classical Philology	1969	bekker	11	8
Classical Philology	1969	nt	1	1
Classical Philology	1969	pindar	1	1
Classical Philology	1969	stephanus	41	13
Classical Philology	1970	ambiguous	46	15
Classical Philology	1970	bekker	21	8
Classical Philology	1970	stephanus	27	10
Classical Philology	1971	ambiguous	31	13
Classical Philology	1971	bekker	14	6
Classical Philology	1971	pindar	1	1
Classical Philology	1971	stephanus	20	8
Classical Philology	1972	ambiguous	98	17
Classical Philology	1972	bekker	13	3
Classical Philology	1972	stephanus	82	15
Classical Philology	1973	ambiguous	78	10
Classical Philology	1973	bekker	18	6
Classical Philology	1973	homer	1	1
Classical Philology	1973	stephanus	28	7
Classical Philology	1974	ambiguous	128	21
Classical Philology	1974	bekker	16	6
Classical Philology	1974	stephanus	60	19
Classical Philology	1975	ambiguous	70	14
Classical Philology	1975	bekker	13	7
Classical Philology	1975	stephanus	26	10
Classical Philology	1976	ambiguous	38	15
Classical Philology	1976	bekker	24	4
Classical Philology	1976	stephanus	20	6
Classical Philology	1977	ambiguous	157	13
Classical Philology	1977	bekker	37	10
Classical Philology	1977	nt	9	1
Classical Philology	1977	stephanus	195	12
Classical Philology	1978	ambiguous	89	14
Classical Philology	1978	bekker	83	6
Classical Philology	1978	homer	3	2
Classical Philology	1978	stephanus	99	16
Classical Philology	1979	ambiguous	41	15
Classical Philology	1979	bekker	69	7
Classical Philology	1979	homer	1	1
Classical Philology	1979	stephanus	31	11
Classical Philology	1980	ambiguous	83	19
Classical Philology	1980	bekker	12	5
Classical Philology	1980	stephanus	63	9
Classical Philology	1981	ambiguous	138	16
Classical Philology	1981	bekker	5	3
Classical Philology	1981	homer	2	1
Classical Philology	1981	nt	3	1
Classical Philology	1981	stephanus	23	10
Classical Philology	1982	ambiguous	148	16
Classical Philology	1982	bekker	39	7
Classical Philology	1982	stephanus	28	9
Classical Philology	1983	ambiguous	50	13
Classical Philology	1983	bekker	44	8
Classical Philology	1983	homer	2	2
Classical Philology	1983	stephanus	19	9
Classical Philology	1984	ambiguous	159	15
Classical Philology	1984	bekker	51	9
Classical Philology	1984	stephanus	33	11
Classical Philology	1985	ambiguous	86	19
Classical Philology	1985	bekker	23	6
Classical Philology	1985	homer	1	1
Classical Philology	1985	pindar	2	1
Classical Philology	1985	stephanus	44	14
Classical Philology	1986	ambiguous	47	12
Classical Philology	1986	bekker	21	5
Classical Philology	1986	stephanus	44	11
Classical Philology	1987	ambiguous	49	14
Classical Philology	1987	bekker	17	3
Classical Philology	1987	homer	1	1
Classical Philology	1987	nt	1	1
Classical Philology	1987	stephanus	16	7
Classical Philology	1988	ambiguous	44	12
Classical Philology	1988	bekker	46	6
Classical Philology	1988	homer	3	3
Classical Philology	1988	stephanus	29	9
Classical Philology	1989	ambiguous	62	14
Classical Philology	1989	bekker	28	4
Classical Philology	1989	homer	3	3
Classical Philology	1989	stephanus	21	11
Classical Philology	1990	ambiguous	41	11
Classical Philology	1990	bekker	8	5
Classical Philology	1990	stephanus	26	10
Classical Philology	1991	ambiguous	68	18
Classical Philology	1991	bekker	9	8
Classical Philology	1991	stephanus	33	9
Classical Philology	1992	ambiguous	114	16
Classical Philology	1992	bekker	41	9
Classical Philology	1992	homer	54	12
Classical Philology	1992	pindar	23	3
Classical Philology	1992	stephanus	104	13
Classical Philology	1993	ambiguous	239	16
Classical Philology	1993	bekker	8	3
Classical Philology	1993	homer	11	5
Classical Philology	1993	pindar	34	4
Classical Philology	1993	stephanus	271	11
Classical Philology	1994	ambiguous	63	15
Classical Philology	1994	bekker	6	4
Classical Philology	1994	homer	288	11
Classical Philology	1994	pindar	39	4
Classical Philology	1994	stephanus	7	5
Classical Philology	1995	ambiguous	98	14
Classical Philology	1995	bekker	33	6
Classical Philology	1995	homer	20	7
Classical Philology	1995	pindar	8	2
Classical Philology	1995	stephanus	80	7
Classical Philology	1996	ambiguous	182	14
Classical Philology	1996	bekker	74	11
Classical Philology	1996	homer	9	7
Classical Philology	1996	pindar	2	2
Classical Philology	1996	stephanus	53	14
Classical Philology	1997	ambiguous	83	15
Classical Philology	1997	bekker	19	4
Classical Philology	1997	homer	95	6
Classical Philology	1997	pindar	14	6
Classical Philology	1997	stephanus	83	13
Classical Philology	1998	ambiguous	75	12
Classical Philology	1998	bekker	41	7
Classical Philology	1998	homer	17	6
Classical Philology	1998	pindar	2	2
Classical Philology	1998	stephanus	92	12
Classical Philology	1999	ambiguous	50	18
Classical Philology	1999	bekker	39	10
Classical Philology	1999	homer	31	10
Classical Philology	1999	pindar	19	4
Classical Philology	1999	stephanus	42	12
Classical Philology	2000	ambiguous	184	19
Classical Philology	2000	bekker	158	12
Classical Philology	2000	homer	38	9
Classical Philology	2000	nt	2	1
Classical Philology	2000	pindar	2	2
Classical Philology	2000	stephanus	182	15
Classical Philology	2001	ambiguous	100	18
Classical Philology	2001	bekker	69	11
Classical Philology	2001	homer	111	11
Classical Philology	2001	pindar	4	2
Classical Philology	2001	stephanus	47	11
Classical Philology	2002	ambiguous	45	7
Classical Philology	2002	bekker	170	13
Classical Philology	2002	homer	45	13
Classical Philology	2002	pindar	10	3
Classical Philology	2002	stephanus	14	5
Classical Philology	2003	ambiguous	87	14
Classical Philology	2003	bekker	73	10
Classical Philology	2003	homer	48	9
Classical Philology	2003	nt	1	1
Classical Philology	2003	pindar	3	2
Classical Philology	2003	stephanus	109	12
Classical Philology	2004	ambiguous	47	15
Classical Philology	2004	bekker	47	9
Classical Philology	2004	homer	23	6
Classical Philology	2004	pindar	93	3
Classical Philology	2004	stephanus	46	10
Classical Philology	2005	ambiguous	84	14
Classical Philology	2005	bekker	126	8
Classical Philology	2005	homer	61	10
Classical Philology	2005	nt	1	1
Classical Philology	2005	pindar	3	2
Classical Philology	2005	stephanus	99	7
Classical Philology	2006	ambiguous	255	16
Classical Philology	2006	bekker	66	12
Classical Philology	2006	homer	79	10
Classical Philology	2006	pindar	4	3
Classical Philology	2006	stephanus	79	11
Classical Philology	2007	ambiguous	70	12
Classical Philology	2007	bekker	113	15
Classical Philology	2007	homer	43	8
Classical Philology	2007	pindar	20	3
Classical Philology	2007	stephanus	54	12
Classical Philology	2008	ambiguous	136	11
Classical Philology	2008	bekker	73	12
Classical Philology	2008	homer	77	13
Classical Philology	2008	pindar	5	3
Classical Philology	2008	stephanus	114	14
Classical Philology	2009	ambiguous	150	16
Classical Philology	2009	bekker	203	14
Classical Philology	2009	homer	298	8
Classical Philology	2009	nt	1	1
Classical Philology	2009	pindar	8	3
Classical Philology	2009	stephanus	112	12
Classical Philology	2010	ambiguous	219	22
Classical Philology	2010	bekker	235	23
Classical Philology	2010	homer	160	10
Classical Philology	2010	pindar	11	7
Classical Philology	2010	stephanus	174	18
Classical Philology	2011	ambiguous	294	17
Classical Philology	2011	bekker	119	11
Classical Philology	2011	homer	55	8
Classical Philology	2011	pindar	37	4
Classical Philology	2011	stephanus	280	15
Classical Philology	2012	ambiguous	104	17
Classical Philology	2012	bekker	104	16
Classical Philology	2012	homer	149	11
Classical Philology	2012	pindar	19	4
Classical Philology	2012	stephanus	143	11
Classical Philology	2013	ambiguous	85	9
Classical Philology	2013	bekker	13	4
Classical Philology	2013	homer	48	8
Classical Philology	2013	stephanus	75	8
Classical Philology	2014	ambiguous	19	4
Classical Philology	2014	bekker	1	1
Classical Philology	2014	homer	7	4
Classical Philology	2014	stephanus	22	3
Classical Philology	2015	ambiguous	112	14
Classical Philology	2015	bekker	61	4
Classical Philology	2015	homer	31	9
Classical Philology	2015	pindar	3	1
Classical Philology	2015	stephanus	62	8
Classical Philology	2016	ambiguous	275	20
Classical Philology	2016	bekker	178	13
Classical Philology	2016	homer	106	13
Classical Philology	2016	pindar	20	4
Classical Philology	2016	stephanus	319	13
Classical Philology	2017	ambiguous	254	20
Classical Philology	2017	bekker	205	18
Classical Philology	2017	homer	26	9
Classical Philology	2017	pindar	33	5
Classical Philology	2017	stephanus	189	15
Classical Philology	2018	ambiguous	160	22
Classical Philology	2018	bekker	168	13
Classical Philology	2018	homer	91	15
Classical Philology	2018	pindar	13	4
Classical Philology	2018	stephanus	98	11
Classical Philology	2019	ambiguous	148	31
Classical Philology	2019	bekker	168	25
Classical Philology	2019	homer	186	23
Classical Philology	2019	nt	1	1
Classical Philology	2019	pindar	103	11
Classical Philology	2019	stephanus	86	20
Classical Philology	2020	ambiguous	332	33
Classical Philology	2020	bekker	335	22
Classical Philology	2020	homer	141	27
Classical Philology	2020	pindar	15	9
Classical Philology	2020	stephanus	274	19
Deutsche Theologie	1934	ambiguous	1	1
Deutsche Theologie	1934	stephanus	1	1
Deutsche Theologie	1935	ambiguous	1	1
Deutsche Theologie	1936	stephanus	1	1
Deutsche Theologie	1937	ambiguous	4	2
Deutsche Theologie	1938	ambiguous	1	1
Deutsche Theologie	1939	ambiguous	11	4
Deutsche Theologie	1939	stephanus	2	1
Deutsche Theologie	1942	stephanus	1	1
Greece & Rome	1932	stephanus	1	1
Greece & Rome	1933	ambiguous	2	2
Greece & Rome	1933	stephanus	1	1
Greece & Rome	1934	ambiguous	4	3
Greece & Rome	1934	bekker	2	1
Greece & Rome	1934	stephanus	3	2
Greece & Rome	1935	ambiguous	2	2
Greece & Rome	1935	stephanus	3	2
Greece & Rome	1936	ambiguous	1	1
Greece & Rome	1936	stephanus	1	1
Greece & Rome	1937	ambiguous	2	2
Greece & Rome	1937	stephanus	5	3
Greece & Rome	1938	ambiguous	4	1
Greece & Rome	1938	bekker	1	1
Greece & Rome	1938	homer	2	2
Greece & Rome	1938	stephanus	1	1
Greece & Rome	1939	ambiguous	3	3
Greece & Rome	1939	homer	1	1
Greece & Rome	1939	stephanus	6	3
Greece & Rome	1940	ambiguous	9	5
Greece & Rome	1940	homer	1	1
Greece & Rome	1940	stephanus	10	5
Greece & Rome	1941	ambiguous	11	3
Greece & Rome	1941	bekker	5	2
Greece & Rome	1941	stephanus	8	2
Greece & Rome	1942	stephanus	2	2
Greece & Rome	1943	ambiguous	13	2
Greece & Rome	1943	stephanus	3	3
Greece & Rome	1944	ambiguous	8	3
Greece & Rome	1944	stephanus	1	1
Greece & Rome	1945	ambiguous	9	1
Greece & Rome	1945	stephanus	2	2
Greece & Rome	1946	ambiguous	4	1
Greece & Rome	1946	stephanus	12	3
Greece & Rome	1947	ambiguous	7	3
Greece & Rome	1947	stephanus	2	1
Greece & Rome	1948	ambiguous	33	6
Greece & Rome	1948	stephanus	13	1
Greece & Rome	1949	ambiguous	27	3
Greece & Rome	1949	stephanus	24	3
Greece & Rome	1950	stephanus	5	4
Greece & Rome	1951	ambiguous	6	3
Greece & Rome	1952	ambiguous	2	1
Greece & Rome	1952	bekker	1	1
Greece & Rome	1953	ambiguous	4	2
Greece & Rome	1953	bekker	1	1
Greece & Rome	1953	stephanus	2	1
Greece & Rome	1954	ambiguous	2	2
Greece & Rome	1954	bekker	1	1
Greece & Rome	1954	homer	1	1
Greece & Rome	1955	stephanus	1	1
Greece & Rome	1956	bekker	3	1
Greece & Rome	1956	homer	1	1
Greece & Rome	1956	stephanus	4	3
Greece & Rome	1957	ambiguous	5	3
Greece & Rome	1957	bekker	1	1
Greece & Rome	1958	ambiguous	9	1
Greece & Rome	1958	bekker	1	1
Greece & Rome	1958	stephanus	2	2
Greece & Rome	1959	ambiguous	8	1
Greece & Rome	1959	stephanus	1	1
Greece & Rome	1960	ambiguous	5	2
Greece & Rome	1960	bekker	1	1
Greece & Rome	1961	ambiguous	4	4
Greece & Rome	1961	bekker	6	1
Greece & Rome	1962	stephanus	1	1
Greece & Rome	1963	ambiguous	3	2
Greece & Rome	1963	bekker	4	2
Greece & Rome	1963	stephanus	2	2
Greece & Rome	1964	ambiguous	2	1
Greece & Rome	1964	stephanus	5	4
Greece & Rome	1965	ambiguous	14	6
Greece & Rome	1965	bekker	2	2
Greece & Rome	1965	stephanus	14	8
Greece & Rome	1966	ambiguous	5	4
Greece & Rome	1966	bekker	6	2
Greece & Rome	1966	stephanus	3	2
Greece & Rome	1967	ambiguous	3	2
Greece & Rome	1967	bekker	4	2
Greece & Rome	1968	ambiguous	4	2
Greece & Rome	1968	bekker	3	3
Greece & Rome	1968	homer	1	1
Greece & Rome	1968	stephanus	2	1
Greece & Rome	1969	ambiguous	1	1
Greece & Rome	1970	ambiguous	12	8
Greece & Rome	1970	bekker	20	1
Greece & Rome	1970	stephanus	2	1
Greece & Rome	1972	ambiguous	20	2
Greece & Rome	1972	bekker	6	3
Greece & Rome	1972	stephanus	10	2
Greece & Rome	1973	ambiguous	5	3
Greece & Rome	1974	ambiguous	8	6
Greece & Rome	1974	stephanus	1	1
Greece & Rome	1975	ambiguous	3	2
Greece & Rome	1975	stephanus	5	2
Greece & Rome	1976	ambiguous	7	3
Greece & Rome	1976	bekker	30	2
Greece & Rome	1976	pindar	1	1
Greece & Rome	1976	stephanus	1	1
Greece & Rome	1977	ambiguous	6	4
Greece & Rome	1977	bekker	9	2
Greece & Rome	1977	homer	11	3
Greece & Rome	1977	stephanus	8	5
Greece & Rome	1978	ambiguous	9	2
Greece & Rome	1978	bekker	3	1
Greece & Rome	1978	homer	7	5
Greece & Rome	1979	ambiguous	9	5
Greece & Rome	1979	bekker	12	4
Greece & Rome	1979	homer	21	5
Greece & Rome	1979	pindar	3	2
Greece & Rome	1980	ambiguous	3	3
Greece & Rome	1980	bekker	3	1
Greece & Rome	1980	homer	23	3
Greece & Rome	1980	nt	11	1
Greece & Rome	1981	ambiguous	13	4
Greece & Rome	1981	bekker	46	3
Greece & Rome	1981	homer	40	5
Greece & Rome	1981	stephanus	17	9
Greece & Rome	1982	ambiguous	7	4
Greece & Rome	1982	bekker	10	4
Greece & Rome	1982	homer	34	5
Greece & Rome	1982	pindar	3	3
Greece & Rome	1982	stephanus	12	4
Greece & Rome	1983	ambiguous	20	7
Greece & Rome	1983	bekker	5	2
Greece & Rome	1983	homer	26	7
Greece & Rome	1983	pindar	5	2
Greece & Rome	1983	stephanus	24	5
Greece & Rome	1984	ambiguous	55	8
Greece & Rome	1984	bekker	25	7
Greece & Rome	1984	homer	4	3
Greece & Rome	1984	stephanus	28	4
Greece & Rome	1985	ambiguous	18	5
Greece & Rome	1985	bekker	8	3
Greece & Rome	1985	homer	7	2
Greece & Rome	1985	pindar	6	1
Greece & Rome	1985	stephanus	18	4
Greece & Rome	1986	ambiguous	7	4
Greece & Rome	1986	bekker	2	2
Greece & Rome	1986	homer	23	6
Greece & Rome	1986	stephanus	2	2
Greece & Rome	1987	ambiguous	13	3
Greece & Rome	1987	bekker	1	1
Greece & Rome	1987	homer	13	4
Greece & Rome	1987	stephanus	10	4
Greece & Rome	1988	ambiguous	34	5
Greece & Rome	1988	bekker	3	2
Greece & Rome	1988	homer	10	4
Greece & Rome	1988	pindar	1	1
Greece & Rome	1988	stephanus	9	4
Greece & Rome	1989	ambiguous	16	7
Greece & Rome	1989	bekker	4	3
Greece & Rome	1989	homer	7	3
Greece & Rome	1989	stephanus	6	6
Greece & Rome	1990	ambiguous	13	8
Greece & Rome	1990	bekker	6	2
Greece & Rome	1990	homer	9	6
Greece & Rome	1990	pindar	4	2
Greece & Rome	1990	stephanus	1	1
Greece & Rome	1991	ambiguous	12	6
Greece & Rome	1991	bekker	44	4
Greece & Rome	1991	homer	24	7
Greece & Rome	1991	pindar	2	1
Greece & Rome	1991	stephanus	17	5
Greece & Rome	1992	ambiguous	27	3
Greece & Rome	1992	bekker	8	1
Greece & Rome	1992	homer	31	6
Greece & Rome	1992	pindar	3	2
Greece & Rome	1992	stephanus	4	4
Greece & Rome	1993	ambiguous	4	3
Greece & Rome	1993	bekker	10	2
Greece & Rome	1993	homer	13	4
Greece & Rome	1993	stephanus	6	6
Greece & Rome	1994	ambiguous	26	6
Greece & Rome	1994	bekker	8	3
Greece & Rome	1994	homer	19	5
Greece & Rome	1994	stephanus	22	6
Greece & Rome	1995	ambiguous	30	10
Greece & Rome	1995	bekker	9	4
Greece & Rome	1995	homer	22	6
Greece & Rome	1995	pindar	4	1
Greece & Rome	1995	stephanus	21	6
Greece & Rome	1996	ambiguous	13	6
Greece & Rome	1996	bekker	5	4
Greece & Rome	1996	homer	12	4
Greece & Rome	1996	stephanus	12	6
Greece & Rome	1997	ambiguous	8	5
Greece & Rome	1997	bekker	3	1
Greece & Rome	1997	homer	7	4
Greece & Rome	1997	pindar	3	1
Greece & Rome	1997	stephanus	1	1
Greece & Rome	1998	ambiguous	66	5
Greece & Rome	1998	bekker	10	4
Greece & Rome	1998	homer	11	6
Greece & Rome	1998	stephanus	78	4
Greece & Rome	1999	ambiguous	11	6
Greece & Rome	1999	bekker	10	2
Greece & Rome	1999	homer	9	3
Greece & Rome	1999	stephanus	10	6
Greece & Rome	2000	ambiguous	10	2
Greece & Rome	2000	bekker	1	1
Greece & Rome	2000	homer	17	7
Greece & Rome	2000	stephanus	2	1
Greece & Rome	2001	ambiguous	53	7
Greece & Rome	2001	bekker	9	5
Greece & Rome	2001	homer	23	5
Greece & Rome	2001	pindar	7	1
Greece & Rome	2001	stephanus	78	5
Greece & Rome	2002	ambiguous	18	6
Greece & Rome	2002	bekker	2	1
Greece & Rome	2002	homer	11	6
Greece & Rome	2002	stephanus	10	4
Greece & Rome	2003	ambiguous	20	5
Greece & Rome	2003	bekker	4	3
Greece & Rome	2003	homer	19	10
Greece & Rome	2003	pindar	1	1
Greece & Rome	2003	stephanus	11	4
Greece & Rome	2004	ambiguous	22	8
Greece & Rome	2004	bekker	11	2
Greece & Rome	2004	homer	6	5
Greece & Rome	2004	pindar	3	2
Greece & Rome	2004	stephanus	13	3
Greece & Rome	2005	ambiguous	23	4
Greece & Rome	2005	bekker	15	2
Greece & Rome	2005	homer	19	4
Greece & Rome	2005	pindar	3	1
Greece & Rome	2005	stephanus	4	3
Greece & Rome	2006	ambiguous	5	2
Greece & Rome	2006	bekker	12	1
Greece & Rome	2006	homer	36	6
Greece & Rome	2006	pindar	4	2
Greece & Rome	2006	stephanus	5	3
Greece & Rome	2007	ambiguous	21	3
Greece & Rome	2007	bekker	51	1
Greece & Rome	2007	homer	9	7
Greece & Rome	2007	pindar	2	1
Greece & Rome	2007	stephanus	11	3
Greece & Rome	2008	ambiguous	31	6
Greece & Rome	2008	bekker	1	1
Greece & Rome	2008	homer	4	3
Greece & Rome	2008	stephanus	33	6
Greece & Rome	2009	ambiguous	5	3
Greece & Rome	2009	bekker	1	1
Greece & Rome	2009	homer	24	8
Greece & Rome	2009	stephanus	6	4
Greece & Rome	2010	ambiguous	57	7
Greece & Rome	2010	bekker	6	4
Greece & Rome	2010	homer	13	6
Greece & Rome	2010	pindar	2	2
Greece & Rome	2010	stephanus	77	8
Greece & Rome	2011	ambiguous	8	4
Greece & Rome	2011	bekker	15	3
Greece & Rome	2011	homer	1	1
Greece & Rome	2011	stephanus	3	3
Greece & Rome	2012	ambiguous	24	5
Greece & Rome	2012	bekker	3	2
Greece & Rome	2012	homer	28	6
Greece & Rome	2012	pindar	5	3
Greece & Rome	2012	stephanus	18	4
Greece & Rome	2013	ambiguous	24	11
Greece & Rome	2013	bekker	9	4
Greece & Rome	2013	homer	16	5
Greece & Rome	2013	stephanus	13	7
Greece & Rome	2014	ambiguous	20	7
Greece & Rome	2014	bekker	17	5
Greece & Rome	2014	homer	13	3
Greece & Rome	2014	stephanus	18	4
Greece & Rome	2015	ambiguous	17	8
Greece & Rome	2015	bekker	7	4
Greece & Rome	2015	homer	13	3
Greece & Rome	2015	pindar	5	1
Greece & Rome	2015	stephanus	7	5
Greece & Rome	2016	ambiguous	34	11
Greece & Rome	2016	bekker	8	2
Greece & Rome	2016	homer	79	6
Greece & Rome	2016	pindar	17	3
Greece & Rome	2016	stephanus	25	8
Greece & Rome	2017	ambiguous	13	8
Greece & Rome	2017	bekker	5	3
Greece & Rome	2017	homer	14	4
Greece & Rome	2017	pindar	1	1
Greece & Rome	2017	stephanus	11	5
Greece & Rome	2018	ambiguous	38	9
Greece & Rome	2018	bekker	54	5
Greece & Rome	2018	homer	50	8
Greece & Rome	2018	pindar	2	2
Greece & Rome	2018	stephanus	30	9
Greece & Rome	2019	ambiguous	27	5
Greece & Rome	2019	bekker	5	4
Greece & Rome	2019	homer	5	3
Greece & Rome	2019	pindar	2	1
Greece & Rome	2019	stephanus	46	7
Greece & Rome	2020	ambiguous	35	12
Greece & Rome	2020	bekker	8	5
Greece & Rome	2020	homer	27	6
Greece & Rome	2020	pindar	59	4
Greece & Rome	2020	stephanus	17	6
Harvard Studies in Classical Philology	1890	homer	8	2
Harvard Studies in Classical Philology	1890	stephanus	3	2
Harvard Studies in Classical Philology	1891	ambiguous	5	2
Harvard Studies in Classical Philology	1891	bekker	1	1
Harvard Studies in Classical Philology	1891	stephanus	9	3
Harvard Studies in Classical Philology	1892	ambiguous	5	3
Harvard Studies in Classical Philology	1892	bekker	17	4
Harvard Studies in Classical Philology	1892	stephanus	5	2
Harvard Studies in Classical Philology	1893	ambiguous	3	3
Harvard Studies in Classical Philology	1893	homer	2	1
Harvard Studies in Classical Philology	1893	stephanus	2	2
Harvard Studies in Classical Philology	1894	ambiguous	9	3
Harvard Studies in Classical Philology	1894	stephanus	5	3
Harvard Studies in Classical Philology	1895	ambiguous	8	4
Harvard Studies in Classical Philology	1895	bekker	11	2
Harvard Studies in Classical Philology	1895	homer	72	1
Harvard Studies in Classical Philology	1895	stephanus	3	1
Harvard Studies in Classical Philology	1896	ambiguous	2	2
Harvard Studies in Classical Philology	1896	homer	1	1
Harvard Studies in Classical Philology	1897	ambiguous	1	1
Harvard Studies in Classical Philology	1897	bekker	1	1
Harvard Studies in Classical Philology	1897	stephanus	1	1
Harvard Studies in Classical Philology	1898	ambiguous	2	2
Harvard Studies in Classical Philology	1898	stephanus	2	2
Harvard Studies in Classical Philology	1899	ambiguous	16	2
Harvard Studies in Classical Philology	1899	bekker	14	2
Harvard Studies in Classical Philology	1899	stephanus	3	2
Harvard Studies in Classical Philology	1900	ambiguous	4	3
Harvard Studies in Classical Philology	1900	homer	4	2
Harvard Studies in Classical Philology	1900	stephanus	4	3
Harvard Studies in Classical Philology	1901	ambiguous	14	10
Harvard Studies in Classical Philology	1901	homer	11	4
Harvard Studies in Classical Philology	1901	stephanus	16	7
Harvard Studies in Classical Philology	1902	ambiguous	11	2
Harvard Studies in Classical Philology	1902	homer	5	1
Harvard Studies in Classical Philology	1902	stephanus	2	2
Harvard Studies in Classical Philology	1903	ambiguous	1	1
Harvard Studies in Classical Philology	1903	homer	1	1
Harvard Studies in Classical Philology	1904	ambiguous	14	3
Harvard Studies in Classical Philology	1904	bekker	4	2
Harvard Studies in Classical Philology	1904	homer	18	3
Harvard Studies in Classical Philology	1904	stephanus	10	3
Harvard Studies in Classical Philology	1905	ambiguous	1	1
Harvard Studies in Classical Philology	1905	stephanus	2	1
Harvard Studies in Classical Philology	1906	ambiguous	112	3
Harvard Studies in Classical Philology	1906	bekker	5	1
Harvard Studies in Classical Philology	1906	homer	1	1
Harvard Studies in Classical Philology	1906	stephanus	29	4
Harvard Studies in Classical Philology	1907	ambiguous	67	3
Harvard Studies in Classical Philology	1907	bekker	1	1
Harvard Studies in Classical Philology	1907	homer	3	2
Harvard Studies in Classical Philology	1907	stephanus	71	2
Harvard Studies in Classical Philology	1908	ambiguous	10	2
Harvard Studies in Classical Philology	1908	bekker	1	1
Harvard Studies in Classical Philology	1908	homer	13	3
Harvard Studies in Classical Philology	1908	stephanus	7	3
Harvard Studies in Classical Philology	1909	ambiguous	191	2
Harvard Studies in Classical Philology	1909	bekker	1	1
Harvard Studies in Classical Philology	1909	homer	1	1
Harvard Studies in Classical Philology	1909	stephanus	3	2
Harvard Studies in Classical Philology	1910	ambiguous	3	2
Harvard Studies in Classical Philology	1910	bekker	2	2
Harvard Studies in Classical Philology	1910	stephanus	1	1
Harvard Studies in Classical Philology	1911	ambiguous	38	2
Harvard Studies in Classical Philology	1911	homer	2	1
Harvard Studies in Classical Philology	1911	stephanus	3	2
Harvard Studies in Classical Philology	1912	ambiguous	7	1
Harvard Studies in Classical Philology	1912	bekker	1	1
Harvard Studies in Classical Philology	1912	stephanus	12	4
Harvard Studies in Classical Philology	1913	ambiguous	14	1
Harvard Studies in Classical Philology	1913	homer	2	1
Harvard Studies in Classical Philology	1913	stephanus	1	1
Harvard Studies in Classical Philology	1914	ambiguous	8	3
Harvard Studies in Classical Philology	1914	homer	4	2
Harvard Studies in Classical Philology	1914	stephanus	2	1
Harvard Studies in Classical Philology	1915	ambiguous	2	1
Harvard Studies in Classical Philology	1915	bekker	7	2
Harvard Studies in Classical Philology	1915	homer	1	1
Harvard Studies in Classical Philology	1915	stephanus	2	1
Harvard Studies in Classical Philology	1916	ambiguous	5	2
Harvard Studies in Classical Philology	1916	homer	21	1
Harvard Studies in Classical Philology	1916	stephanus	6	2
Harvard Studies in Classical Philology	1917	ambiguous	1	1
Harvard Studies in Classical Philology	1917	homer	1	1
Harvard Studies in Classical Philology	1917	stephanus	1	1
Harvard Studies in Classical Philology	1918	ambiguous	47	4
Harvard Studies in Classical Philology	1918	bekker	4	2
Harvard Studies in Classical Philology	1918	stephanus	22	3
Harvard Studies in Classical Philology	1919	ambiguous	10	2
Harvard Studies in Classical Philology	1919	stephanus	9	2
Harvard Studies in Classical Philology	1920	ambiguous	89	2
Harvard Studies in Classical Philology	1920	bekker	1	1
Harvard Studies in Classical Philology	1920	homer	4	2
Harvard Studies in Classical Philology	1920	stephanus	104	2
Harvard Studies in Classical Philology	1921	ambiguous	12	3
Harvard Studies in Classical Philology	1921	bekker	1	1
Harvard Studies in Classical Philology	1921	homer	1	1
Harvard Studies in Classical Philology	1921	stephanus	10	2
Harvard Studies in Classical Philology	1922	ambiguous	3	1
Harvard Studies in Classical Philology	1922	bekker	2	1
Harvard Studies in Classical Philology	1922	homer	5	1
Harvard Studies in Classical Philology	1922	stephanus	1	1
Harvard Studies in Classical Philology	1923	ambiguous	2	2
Harvard Studies in Classical Philology	1923	stephanus	3	2
Harvard Studies in Classical Philology	1924	ambiguous	1	1
Harvard Studies in Classical Philology	1925	ambiguous	51	2
Harvard Studies in Classical Philology	1925	homer	40	3
Harvard Studies in Classical Philology	1925	stephanus	1	1
Harvard Studies in Classical Philology	1926	ambiguous	22	1
Harvard Studies in Classical Philology	1926	homer	1	1
Harvard Studies in Classical Philology	1926	stephanus	11	1
Harvard Studies in Classical Philology	1927	ambiguous	11	1
Harvard Studies in Classical Philology	1927	stephanus	5	2
Harvard Studies in Classical Philology	1928	ambiguous	7	2
Harvard Studies in Classical Philology	1928	bekker	1	1
Harvard Studies in Classical Philology	1928	homer	1	1
Harvard Studies in Classical Philology	1928	stephanus	11	2
Harvard Studies in Classical Philology	1929	ambiguous	3	2
Harvard Studies in Classical Philology	1929	homer	1	1
Harvard Studies in Classical Philology	1929	stephanus	1	1
Harvard Studies in Classical Philology	1930	ambiguous	6	3
Harvard Studies in Classical Philology	1930	bekker	1	1
Harvard Studies in Classical Philology	1930	homer	1	1
Harvard Studies in Classical Philology	1930	stephanus	4	3
Harvard Studies in Classical Philology	1931	ambiguous	229	3
Harvard Studies in Classical Philology	1931	bekker	1	1
Harvard Studies in Classical Philology	1931	stephanus	124	3
Harvard Studies in Classical Philology	1932	ambiguous	48	1
Harvard Studies in Classical Philology	1932	bekker	1	1
Harvard Studies in Classical Philology	1932	stephanus	1	1
Harvard Studies in Classical Philology	1933	ambiguous	191	3
Harvard Studies in Classical Philology	1933	bekker	4	2
Harvard Studies in Classical Philology	1933	homer	1	1
Harvard Studies in Classical Philology	1933	stephanus	189	3
Harvard Studies in Classical Philology	1934	ambiguous	182	5
Harvard Studies in Classical Philology	1934	bekker	1	1
Harvard Studies in Classical Philology	1934	stephanus	1	1
Harvard Studies in Classical Philology	1935	ambiguous	121	5
Harvard Studies in Classical Philology	1935	bekker	3	2
Harvard Studies in Classical Philology	1935	homer	22	2
Harvard Studies in Classical Philology	1935	stephanus	5	3
Harvard Studies in Classical Philology	1936	ambiguous	306	5
Harvard Studies in Classical Philology	1936	bekker	2	2
Harvard Studies in Classical Philology	1936	stephanus	225	5
Harvard Studies in Classical Philology	1937	ambiguous	9	3
Harvard Studies in Classical Philology	1937	homer	69	2
Harvard Studies in Classical Philology	1937	stephanus	5	3
Harvard Studies in Classical Philology	1938	ambiguous	48	4
Harvard Studies in Classical Philology	1938	bekker	34	4
Harvard Studies in Classical Philology	1938	stephanus	57	4
Harvard Studies in Classical Philology	1939	ambiguous	7	3
Harvard Studies in Classical Philology	1939	stephanus	10	3
Harvard Studies in Classical Philology	1940	ambiguous	37	12
Harvard Studies in Classical Philology	1940	bekker	17	4
Harvard Studies in Classical Philology	1940	homer	9	3
Harvard Studies in Classical Philology	1940	stephanus	9	8
Harvard Studies in Classical Philology	1941	ambiguous	38	1
Harvard Studies in Classical Philology	1941	bekker	2	1
Harvard Studies in Classical Philology	1941	homer	2	2
Harvard Studies in Classical Philology	1941	stephanus	39	1
Harvard Studies in Classical Philology	1942	ambiguous	93	4
Harvard Studies in Classical Philology	1942	bekker	9	4
Harvard Studies in Classical Philology	1942	homer	6	2
Harvard Studies in Classical Philology	1942	stephanus	94	5
Harvard Studies in Classical Philology	1943	ambiguous	17	3
Harvard Studies in Classical Philology	1943	bekker	1	1
Harvard Studies in Classical Philology	1943	homer	21	2
Harvard Studies in Classical Philology	1943	pindar	13	1
Harvard Studies in Classical Philology	1943	stephanus	24	2
Harvard Studies in Classical Philology	1944	stephanus	2	2
Harvard Studies in Classical Philology	1947	ambiguous	54	4
Harvard Studies in Classical Philology	1947	bekker	8	2
Harvard Studies in Classical Philology	1947	stephanus	22	4
Harvard Studies in Classical Philology	1948	ambiguous	9	2
Harvard Studies in Classical Philology	1948	stephanus	1	1
Harvard Studies in Classical Philology	1951	ambiguous	14	1
Harvard Studies in Classical Philology	1951	bekker	1	1
Harvard Studies in Classical Philology	1951	homer	1	1
Harvard Studies in Classical Philology	1951	nt	13	1
Harvard Studies in Classical Philology	1951	pindar	1	1
Harvard Studies in Classical Philology	1951	stephanus	16	1
Harvard Studies in Classical Philology	1953	ambiguous	33	3
Harvard Studies in Classical Philology	1953	stephanus	29	1
Harvard Studies in Classical Philology	1957	homer	1	1
Harvard Studies in Classical Philology	1957	pindar	6	1
Harvard Studies in Classical Philology	1957	stephanus	11	5
Harvard Studies in Classical Philology	1958	ambiguous	141	17
Harvard Studies in Classical Philology	1958	bekker	5	3
Harvard Studies in Classical Philology	1958	homer	5	4
Harvard Studies in Classical Philology	1958	nt	1	1
Harvard Studies in Classical Philology	1958	pindar	2	2
Harvard Studies in Classical Philology	1958	stephanus	113	12
Harvard Studies in Classical Philology	1959	ambiguous	31	5
Harvard Studies in Classical Philology	1959	bekker	1	1
Harvard Studies in Classical Philology	1959	homer	3	2
Harvard Studies in Classical Philology	1959	stephanus	41	1
Harvard Studies in Classical Philology	1961	ambiguous	25	5
Harvard Studies in Classical Philology	1961	bekker	3	2
Harvard Studies in Classical Philology	1961	homer	11	6
Harvard Studies in Classical Philology	1961	pindar	8	3
Harvard Studies in Classical Philology	1961	stephanus	14	4
Harvard Studies in Classical Philology	1962	ambiguous	24	2
Harvard Studies in Classical Philology	1962	bekker	7	2
Harvard Studies in Classical Philology	1962	homer	8	3
Harvard Studies in Classical Philology	1962	stephanus	24	4
Harvard Studies in Classical Philology	1963	ambiguous	81	7
Harvard Studies in Classical Philology	1963	bekker	9	4
Harvard Studies in Classical Philology	1963	homer	16	3
Harvard Studies in Classical Philology	1963	pindar	1	1
Harvard Studies in Classical Philology	1963	stephanus	7	3
Harvard Studies in Classical Philology	1964	ambiguous	174	7
Harvard Studies in Classical Philology	1964	bekker	3	2
Harvard Studies in Classical Philology	1964	homer	32	6
Harvard Studies in Classical Philology	1964	pindar	3	1
Harvard Studies in Classical Philology	1964	stephanus	207	7
Harvard Studies in Classical Philology	1965	ambiguous	118	7
Harvard Studies in Classical Philology	1965	bekker	2	2
Harvard Studies in Classical Philology	1965	homer	35	6
Harvard Studies in Classical Philology	1965	stephanus	135	5
Harvard Studies in Classical Philology	1967	ambiguous	27	8
Harvard Studies in Classical Philology	1967	bekker	1	1
Harvard Studies in Classical Philology	1967	homer	2	2
Harvard Studies in Classical Philology	1967	pindar	1	1
Harvard Studies in Classical Philology	1967	stephanus	23	6
Harvard Studies in Classical Philology	1968	ambiguous	73	10
Harvard Studies in Classical Philology	1968	bekker	4	1
Harvard Studies in Classical Philology	1968	homer	35	4
Harvard Studies in Classical Philology	1968	pindar	3	2
Harvard Studies in Classical Philology	1968	stephanus	27	11
Harvard Studies in Classical Philology	1969	ambiguous	11	5
Harvard Studies in Classical Philology	1969	homer	62	3
Harvard Studies in Classical Philology	1969	pindar	21	1
Harvard Studies in Classical Philology	1969	stephanus	13	5
Harvard Studies in Classical Philology	1970	ambiguous	37	7
Harvard Studies in Classical Philology	1970	bekker	4	2
Harvard Studies in Classical Philology	1970	homer	72	3
Harvard Studies in Classical Philology	1970	stephanus	24	7
Harvard Studies in Classical Philology	1971	ambiguous	21	3
Harvard Studies in Classical Philology	1971	bekker	5	3
Harvard Studies in Classical Philology	1971	homer	95	6
Harvard Studies in Classical Philology	1971	stephanus	22	6
Harvard Studies in Classical Philology	1972	ambiguous	27	6
Harvard Studies in Classical Philology	1972	bekker	3	3
Harvard Studies in Classical Philology	1972	homer	6	3
Harvard Studies in Classical Philology	1972	pindar	4	1
Harvard Studies in Classical Philology	1972	stephanus	17	4
Harvard Studies in Classical Philology	1973	ambiguous	7	5
Harvard Studies in Classical Philology	1973	bekker	3	2
Harvard Studies in Classical Philology	1973	homer	6	4
Harvard Studies in Classical Philology	1973	pindar	3	1
Harvard Studies in Classical Philology	1973	stephanus	9	5
Harvard Studies in Classical Philology	1974	ambiguous	15	4
Harvard Studies in Classical Philology	1974	bekker	5	2
Harvard Studies in Classical Philology	1974	homer	7	3
Harvard Studies in Classical Philology	1974	pindar	3	2
Harvard Studies in Classical Philology	1974	stephanus	6	3
Harvard Studies in Classical Philology	1975	ambiguous	35	8
Harvard Studies in Classical Philology	1975	bekker	3	3
Harvard Studies in Classical Philology	1975	homer	83	4
Harvard Studies in Classical Philology	1975	pindar	52	5
Harvard Studies in Classical Philology	1975	stephanus	41	10
Harvard Studies in Classical Philology	1976	ambiguous	270	8
Harvard Studies in Classical Philology	1976	bekker	3	1
Harvard Studies in Classical Philology	1976	homer	8	4
Harvard Studies in Classical Philology	1976	pindar	1	1
Harvard Studies in Classical Philology	1976	stephanus	24	6
Harvard Studies in Classical Philology	1977	ambiguous	7	5
Harvard Studies in Classical Philology	1977	bekker	2	2
Harvard Studies in Classical Philology	1977	homer	63	3
Harvard Studies in Classical Philology	1977	stephanus	12	5
Harvard Studies in Classical Philology	1978	ambiguous	30	10
Harvard Studies in Classical Philology	1978	bekker	15	3
Harvard Studies in Classical Philology	1978	homer	15	6
Harvard Studies in Classical Philology	1978	pindar	12	1
Harvard Studies in Classical Philology	1978	stephanus	22	7
Harvard Studies in Classical Philology	1979	ambiguous	24	9
Harvard Studies in Classical Philology	1979	bekker	6	3
Harvard Studies in Classical Philology	1979	homer	53	4
Harvard Studies in Classical Philology	1979	pindar	10	2
Harvard Studies in Classical Philology	1979	stephanus	14	3
Harvard Studies in Classical Philology	1980	ambiguous	20	6
Harvard Studies in Classical Philology	1980	bekker	2	2
Harvard Studies in Classical Philology	1980	homer	50	4
Harvard Studies in Classical Philology	1980	pindar	6	1
Harvard Studies in Classical Philology	1980	stephanus	2	2
Harvard Studies in Classical Philology	1981	ambiguous	39	7
Harvard Studies in Classical Philology	1981	bekker	5	3
Harvard Studies in Classical Philology	1981	homer	47	7
Harvard Studies in Classical Philology	1981	pindar	7	4
Harvard Studies in Classical Philology	1981	stephanus	11	3
Harvard Studies in Classical Philology	1982	ambiguous	13	6
Harvard Studies in Classical Philology	1982	bekker	2	1
Harvard Studies in Classical Philology	1982	homer	7	2
Harvard Studies in Classical Philology	1982	stephanus	17	3
Harvard Studies in Classical Philology	1983	ambiguous	30	8
Harvard Studies in Classical Philology	1983	bekker	1	1
Harvard Studies in Classical Philology	1983	homer	40	13
Harvard Studies in Classical Philology	1983	pindar	17	3
Harvard Studies in Classical Philology	1983	stephanus	9	5
Harvard Studies in Classical Philology	1984	ambiguous	39	8
Harvard Studies in Classical Philology	1984	bekker	6	2
Harvard Studies in Classical Philology	1984	homer	28	4
Harvard Studies in Classical Philology	1984	pindar	1	1
Harvard Studies in Classical Philology	1984	stephanus	33	8
Harvard Studies in Classical Philology	1985	ambiguous	763	6
Harvard Studies in Classical Philology	1985	bekker	324	2
Harvard Studies in Classical Philology	1985	homer	9	4
Harvard Studies in Classical Philology	1985	pindar	1	1
Harvard Studies in Classical Philology	1985	stephanus	25	6
Harvard Studies in Classical Philology	1986	ambiguous	42	9
Harvard Studies in Classical Philology	1986	bekker	2	2
Harvard Studies in Classical Philology	1986	homer	13	7
Harvard Studies in Classical Philology	1986	pindar	3	1
Harvard Studies in Classical Philology	1986	stephanus	31	7
Harvard Studies in Classical Philology	1987	ambiguous	92	11
Harvard Studies in Classical Philology	1987	bekker	10	3
Harvard Studies in Classical Philology	1987	homer	57	8
Harvard Studies in Classical Philology	1987	pindar	17	4
Harvard Studies in Classical Philology	1987	stephanus	49	7
Harvard Studies in Classical Philology	1989	ambiguous	41	8
Harvard Studies in Classical Philology	1989	bekker	106	6
Harvard Studies in Classical Philology	1989	homer	22	5
Harvard Studies in Classical Philology	1989	pindar	71	5
Harvard Studies in Classical Philology	1989	stephanus	27	8
Harvard Studies in Classical Philology	1990	ambiguous	86	9
Harvard Studies in Classical Philology	1990	bekker	20	6
Harvard Studies in Classical Philology	1990	homer	19	5
Harvard Studies in Classical Philology	1990	pindar	10	3
Harvard Studies in Classical Philology	1990	stephanus	42	6
Harvard Studies in Classical Philology	1992	ambiguous	54	11
Harvard Studies in Classical Philology	1992	bekker	20	3
Harvard Studies in Classical Philology	1992	homer	19	7
Harvard Studies in Classical Philology	1992	pindar	4	3
Harvard Studies in Classical Philology	1992	stephanus	18	6
Harvard Studies in Classical Philology	1993	ambiguous	101	9
Harvard Studies in Classical Philology	1993	bekker	7	2
Harvard Studies in Classical Philology	1993	homer	48	6
Harvard Studies in Classical Philology	1993	pindar	12	4
Harvard Studies in Classical Philology	1993	stephanus	59	9
Harvard Studies in Classical Philology	1994	ambiguous	89	12
Harvard Studies in Classical Philology	1994	bekker	28	3
Harvard Studies in Classical Philology	1994	homer	27	5
Harvard Studies in Classical Philology	1994	pindar	10	4
Harvard Studies in Classical Philology	1994	stephanus	47	6
Harvard Studies in Classical Philology	1995	ambiguous	7	4
Harvard Studies in Classical Philology	1995	bekker	2	2
Harvard Studies in Classical Philology	1995	homer	2	2
Harvard Studies in Classical Philology	1995	stephanus	3	3
Harvard Studies in Classical Philology	1998	ambiguous	68	7
Harvard Studies in Classical Philology	1998	bekker	6	3
Harvard Studies in Classical Philology	1998	homer	41	12
Harvard Studies in Classical Philology	1998	pindar	1	1
Harvard Studies in Classical Philology	1998	stephanus	46	6
Harvard Studies in Classical Philology	1999	ambiguous	53	5
Harvard Studies in Classical Philology	1999	bekker	12	4
Harvard Studies in Classical Philology	1999	homer	23	5
Harvard Studies in Classical Philology	1999	pindar	4	2
Harvard Studies in Classical Philology	1999	stephanus	28	7
Harvard Studies in Classical Philology	2000	ambiguous	40	14
Harvard Studies in Classical Philology	2000	bekker	32	6
Harvard Studies in Classical Philology	2000	homer	200	14
Harvard Studies in Classical Philology	2000	pindar	39	6
Harvard Studies in Classical Philology	2000	stephanus	13	8
Harvard Studies in Classical Philology	2003	ambiguous	68	14
Harvard Studies in Classical Philology	2003	bekker	71	5
Harvard Studies in Classical Philology	2003	homer	36	11
Harvard Studies in Classical Philology	2003	pindar	21	6
Harvard Studies in Classical Philology	2003	stephanus	70	11
Harvard Studies in Classical Philology	2004	ambiguous	81	14
Harvard Studies in Classical Philology	2004	bekker	26	5
Harvard Studies in Classical Philology	2004	homer	33	8
Harvard Studies in Classical Philology	2004	pindar	102	7
Harvard Studies in Classical Philology	2004	stephanus	15	9
Harvard Studies in Classical Philology	2007	ambiguous	121	14
Harvard Studies in Classical Philology	2007	bekker	148	14
Harvard Studies in Classical Philology	2007	homer	66	8
Harvard Studies in Classical Philology	2007	nt	1	1
Harvard Studies in Classical Philology	2007	pindar	17	4
Harvard Studies in Classical Philology	2007	stephanus	73	12
Harvard Studies in Classical Philology	2008	ambiguous	19	5
Harvard Studies in Classical Philology	2008	bekker	59	6
Harvard Studies in Classical Philology	2008	homer	17	4
Harvard Studies in Classical Philology	2008	nt	3	2
Harvard Studies in Classical Philology	2008	pindar	1	1
Harvard Studies in Classical Philology	2008	stephanus	12	2
Harvard Studies in Classical Philology	2010	ambiguous	29	6
Harvard Studies in Classical Philology	2010	bekker	73	7
Harvard Studies in Classical Philology	2010	homer	42	7
Harvard Studies in Classical Philology	2010	pindar	7	3
Harvard Studies in Classical Philology	2010	stephanus	22	8
Harvard Studies in Classical Philology	2011	ambiguous	36	8
Harvard Studies in Classical Philology	2011	bekker	74	7
Harvard Studies in Classical Philology	2011	homer	24	5
Harvard Studies in Classical Philology	2011	nt	11	1
Harvard Studies in Classical Philology	2011	pindar	3	3
Harvard Studies in Classical Philology	2011	stephanus	17	4
Harvard Studies in Classical Philology	2013	ambiguous	18	8
Harvard Studies in Classical Philology	2013	bekker	65	7
Harvard Studies in Classical Philology	2013	homer	59	4
Harvard Studies in Classical Philology	2013	pindar	11	3
Harvard Studies in Classical Philology	2013	stephanus	13	7
Harvard Studies in Classical Philology	2015	ambiguous	97	15
Harvard Studies in Classical Philology	2015	bekker	89	11
Harvard Studies in Classical Philology	2015	homer	52	7
Harvard Studies in Classical Philology	2015	nt	2	1
Harvard Studies in Classical Philology	2015	pindar	6	2
Harvard Studies in Classical Philology	2015	stephanus	78	9
Harvard Studies in Classical Philology	2017	ambiguous	128	12
Harvard Studies in Classical Philology	2017	bekker	88	8
Harvard Studies in Classical Philology	2017	homer	86	9
Harvard Studies in Classical Philology	2017	nt	1	1
Harvard Studies in Classical Philology	2017	pindar	39	6
Harvard Studies in Classical Philology	2017	stephanus	58	9
Harvard Studies in Classical Philology	2019	ambiguous	124	14
Harvard Studies in Classical Philology	2019	bekker	118	13
Harvard Studies in Classical Philology	2019	homer	34	5
Harvard Studies in Classical Philology	2019	nt	2	1
Harvard Studies in Classical Philology	2019	pindar	38	4
Harvard Studies in Classical Philology	2019	stephanus	94	9
Harvard Studies in Classical Philology	2021	ambiguous	64	11
Harvard Studies in Classical Philology	2021	bekker	122	9
Harvard Studies in Classical Philology	2021	homer	98	7
Harvard Studies in Classical Philology	2021	pindar	67	1
Harvard Studies in Classical Philology	2021	stephanus	27	7
Harvard Studies in Classical Philology	2022	ambiguous	39	10
Harvard Studies in Classical Philology	2022	bekker	87	11
Harvard Studies in Classical Philology	2022	homer	50	7
Harvard Studies in Classical Philology	2022	pindar	2	2
Harvard Studies in Classical Philology	2022	stephanus	19	5
Hermes	1866	ambiguous	20	13
Hermes	1866	bekker	1	1
Hermes	1866	homer	14	3
Hermes	1866	stephanus	5	5
Hermes	1867	ambiguous	75	10
Hermes	1867	bekker	2	1
Hermes	1867	homer	10	4
Hermes	1867	stephanus	16	9
Hermes	1869	ambiguous	38	9
Hermes	1869	bekker	4	3
Hermes	1869	homer	8	4
Hermes	1869	stephanus	10	7
Hermes	1870	ambiguous	61	10
Hermes	1870	bekker	8	3
Hermes	1870	homer	4	4
Hermes	1870	stephanus	24	9
Hermes	1871	ambiguous	142	15
Hermes	1871	bekker	21	2
Hermes	1871	homer	4	3
Hermes	1871	stephanus	46	16
Hermes	1872	ambiguous	31	13
Hermes	1872	bekker	23	4
Hermes	1872	homer	5	5
Hermes	1872	stephanus	28	11
Hermes	1873	ambiguous	31	13
Hermes	1873	bekker	12	6
Hermes	1873	homer	4	3
Hermes	1873	stephanus	16	10
Hermes	1874	ambiguous	54	13
Hermes	1874	bekker	9	4
Hermes	1874	homer	5	4
Hermes	1874	stephanus	17	7
Hermes	1875	ambiguous	74	11
Hermes	1875	bekker	3	3
Hermes	1875	homer	1	1
Hermes	1875	stephanus	19	8
Hermes	1876	ambiguous	49	24
Hermes	1876	bekker	21	9
Hermes	1876	homer	10	4
Hermes	1876	stephanus	35	19
Hermes	1877	ambiguous	40	13
Hermes	1877	bekker	7	5
Hermes	1877	homer	7	5
Hermes	1877	stephanus	30	14
Hermes	1878	ambiguous	25	17
Hermes	1878	bekker	5	5
Hermes	1878	homer	15	6
Hermes	1878	stephanus	10	7
Hermes	1879	ambiguous	97	16
Hermes	1879	bekker	3	2
Hermes	1879	homer	11	8
Hermes	1879	stephanus	36	16
Hermes	1880	ambiguous	50	12
Hermes	1880	bekker	3	2
Hermes	1880	homer	15	5
Hermes	1880	stephanus	12	8
Hermes	1881	ambiguous	87	13
Hermes	1881	bekker	7	6
Hermes	1881	homer	8	3
Hermes	1881	stephanus	79	8
Hermes	1882	ambiguous	58	18
Hermes	1882	bekker	9	6
Hermes	1882	homer	2	2
Hermes	1882	stephanus	21	14
Hermes	1883	ambiguous	75	14
Hermes	1883	bekker	8	2
Hermes	1883	homer	4	4
Hermes	1883	stephanus	58	13
Hermes	1884	ambiguous	75	12
Hermes	1884	bekker	28	7
Hermes	1884	homer	6	4
Hermes	1884	stephanus	31	12
Hermes	1885	ambiguous	43	15
Hermes	1885	bekker	3	2
Hermes	1885	homer	9	7
Hermes	1885	stephanus	13	9
Hermes	1886	ambiguous	86	21
Hermes	1886	bekker	4	2
Hermes	1886	homer	14	5
Hermes	1886	stephanus	80	13
Hermes	1887	ambiguous	182	20
Hermes	1887	bekker	8	6
Hermes	1887	homer	4	4
Hermes	1887	stephanus	40	18
Hermes	1888	ambiguous	87	16
Hermes	1888	bekker	9	4
Hermes	1888	homer	10	5
Hermes	1888	stephanus	98	10
Hermes	1889	ambiguous	33	11
Hermes	1889	bekker	3	3
Hermes	1889	homer	9	6
Hermes	1889	stephanus	30	12
Hermes	1890	ambiguous	46	16
Hermes	1890	bekker	6	4
Hermes	1890	homer	5	3
Hermes	1890	stephanus	34	13
Hermes	1891	ambiguous	902	15
Hermes	1891	bekker	34	4
Hermes	1891	homer	18	6
Hermes	1891	stephanus	194	18
Hermes	1892	ambiguous	49	16
Hermes	1892	bekker	8	4
Hermes	1892	homer	15	10
Hermes	1892	stephanus	28	12
Hermes	1893	ambiguous	37	11
Hermes	1893	bekker	2	2
Hermes	1893	homer	10	7
Hermes	1893	stephanus	8	7
Hermes	1894	ambiguous	48	13
Hermes	1894	bekker	1	1
Hermes	1894	homer	16	3
Hermes	1894	stephanus	13	8
Hermes	1895	ambiguous	31	10
Hermes	1895	bekker	11	4
Hermes	1895	homer	7	6
Hermes	1895	stephanus	30	7
Hermes	1896	ambiguous	17	9
Hermes	1896	bekker	5	5
Hermes	1896	homer	31	7
Hermes	1896	stephanus	15	9
Hermes	1897	ambiguous	35	9
Hermes	1897	bekker	8	6
Hermes	1897	homer	8	5
Hermes	1897	stephanus	46	12
Hermes	1898	ambiguous	45	11
Hermes	1898	homer	53	8
Hermes	1898	stephanus	9	6
Hermes	1899	ambiguous	35	14
Hermes	1899	bekker	17	5
Hermes	1899	homer	10	6
Hermes	1899	stephanus	42	15
Hermes	1900	ambiguous	65	11
Hermes	1900	bekker	8	2
Hermes	1900	homer	12	6
Hermes	1900	stephanus	50	8
Hermes	1901	ambiguous	67	14
Hermes	1901	bekker	11	6
Hermes	1901	homer	2	2
Hermes	1901	stephanus	38	10
Hermes	1902	ambiguous	103	22
Hermes	1902	bekker	16	7
Hermes	1902	homer	12	7
Hermes	1902	stephanus	55	21
Hermes	1903	ambiguous	35	17
Hermes	1903	bekker	3	3
Hermes	1903	homer	6	5
Hermes	1903	stephanus	40	22
Hermes	1904	ambiguous	58	16
Hermes	1904	bekker	12	6
Hermes	1904	homer	4	3
Hermes	1904	stephanus	25	10
Hermes	1905	ambiguous	63	18
Hermes	1905	bekker	6	3
Hermes	1905	homer	4	3
Hermes	1905	stephanus	44	12
Hermes	1906	ambiguous	46	16
Hermes	1906	bekker	17	5
Hermes	1906	homer	2	2
Hermes	1906	stephanus	26	10
Hermes	1907	ambiguous	94	11
Hermes	1907	bekker	6	3
Hermes	1907	homer	3	2
Hermes	1907	stephanus	89	12
Hermes	1908	ambiguous	44	19
Hermes	1908	bekker	8	3
Hermes	1908	homer	5	3
Hermes	1908	stephanus	29	13
Hermes	1909	ambiguous	40	18
Hermes	1909	bekker	9	5
Hermes	1909	homer	8	3
Hermes	1909	stephanus	16	12
Hermes	1910	ambiguous	47	15
Hermes	1910	bekker	4	3
Hermes	1910	homer	3	3
Hermes	1910	stephanus	33	13
Hermes	1911	ambiguous	60	16
Hermes	1911	bekker	6	5
Hermes	1911	homer	3	3
Hermes	1911	stephanus	18	10
Hermes	1912	ambiguous	29	16
Hermes	1912	bekker	5	4
Hermes	1912	homer	4	4
Hermes	1912	stephanus	17	12
Hermes	1913	ambiguous	31	14
Hermes	1913	bekker	2	2
Hermes	1913	homer	5	5
Hermes	1913	stephanus	29	12
Hermes	1914	ambiguous	41	17
Hermes	1914	bekker	10	2
Hermes	1914	homer	13	9
Hermes	1914	stephanus	23	10
Hermes	1915	ambiguous	120	13
Hermes	1915	bekker	2	2
Hermes	1915	homer	9	5
Hermes	1915	stephanus	18	10
Hermes	1916	ambiguous	38	17
Hermes	1916	bekker	16	6
Hermes	1916	homer	8	3
Hermes	1916	stephanus	33	12
Hermes	1917	ambiguous	36	12
Hermes	1917	bekker	29	4
Hermes	1917	homer	6	5
Hermes	1917	stephanus	12	9
Hermes	1918	ambiguous	38	9
Hermes	1918	bekker	15	4
Hermes	1918	homer	13	4
Hermes	1918	stephanus	45	10
Hermes	1919	ambiguous	43	12
Hermes	1919	bekker	31	3
Hermes	1919	homer	7	5
Hermes	1919	stephanus	23	9
Hermes	1920	ambiguous	65	8
Hermes	1920	bekker	7	5
Hermes	1920	stephanus	13	4
Hermes	1921	ambiguous	17	8
Hermes	1921	bekker	1	1
Hermes	1921	homer	2	2
Hermes	1921	stephanus	20	9
Hermes	1922	ambiguous	35	16
Hermes	1922	bekker	44	3
Hermes	1922	homer	11	9
Hermes	1922	stephanus	21	9
Hermes	1923	ambiguous	22	10
Hermes	1923	homer	12	5
Hermes	1923	stephanus	11	6
Hermes	1924	ambiguous	59	11
Hermes	1924	bekker	15	4
Hermes	1924	homer	14	6
Hermes	1924	stephanus	10	7
Hermes	1925	ambiguous	46	9
Hermes	1925	bekker	9	3
Hermes	1925	homer	4	3
Hermes	1925	stephanus	22	9
Hermes	1926	ambiguous	110	17
Hermes	1926	bekker	26	7
Hermes	1926	homer	12	5
Hermes	1926	stephanus	74	17
Hermes	1927	ambiguous	32	13
Hermes	1927	bekker	8	2
Hermes	1927	homer	4	2
Hermes	1927	stephanus	22	9
Hermes	1928	ambiguous	131	21
Hermes	1928	bekker	15	7
Hermes	1928	homer	5	5
Hermes	1928	stephanus	43	11
Hermes	1929	ambiguous	16	8
Hermes	1929	bekker	12	5
Hermes	1929	homer	3	3
Hermes	1929	stephanus	7	6
Hermes	1930	ambiguous	63	13
Hermes	1930	bekker	13	5
Hermes	1930	homer	1	1
Hermes	1930	stephanus	29	8
Hermes	1931	ambiguous	11	8
Hermes	1931	bekker	18	4
Hermes	1931	homer	6	4
Hermes	1931	stephanus	14	8
Hermes	1932	ambiguous	26	11
Hermes	1932	bekker	15	4
Hermes	1932	stephanus	20	8
Hermes	1933	ambiguous	34	11
Hermes	1933	bekker	2	2
Hermes	1933	homer	4	3
Hermes	1933	stephanus	39	12
Hermes	1934	ambiguous	58	16
Hermes	1934	bekker	2	1
Hermes	1934	homer	1	1
Hermes	1934	stephanus	15	11
Hermes	1935	ambiguous	285	8
Hermes	1935	homer	3	2
Hermes	1935	stephanus	339	10
Hermes	1936	ambiguous	45	13
Hermes	1936	bekker	3	1
Hermes	1936	homer	10	4
Hermes	1936	stephanus	16	14
Hermes	1937	ambiguous	33	11
Hermes	1937	bekker	1	1
Hermes	1937	stephanus	46	9
Hermes	1938	ambiguous	134	11
Hermes	1938	bekker	3	3
Hermes	1938	homer	5	2
Hermes	1938	stephanus	62	12
Hermes	1939	ambiguous	24	11
Hermes	1939	bekker	2	2
Hermes	1939	homer	12	3
Hermes	1939	stephanus	33	12
Hermes	1940	ambiguous	75	12
Hermes	1940	bekker	9	4
Hermes	1940	homer	1	1
Hermes	1940	stephanus	26	10
Hermes	1941	ambiguous	37	13
Hermes	1941	bekker	4	4
Hermes	1941	stephanus	20	7
Hermes	1942	ambiguous	54	12
Hermes	1942	bekker	1	1
Hermes	1942	homer	3	3
Hermes	1942	stephanus	33	11
Hermes	1943	ambiguous	33	12
Hermes	1943	bekker	2	2
Hermes	1943	stephanus	21	6
Hermes	1944	ambiguous	15	6
Hermes	1944	stephanus	7	3
Hermes	1952	ambiguous	60	10
Hermes	1952	bekker	2	2
Hermes	1952	homer	2	2
Hermes	1952	stephanus	54	13
Hermes	1953	ambiguous	73	11
Hermes	1953	homer	8	2
Hermes	1953	stephanus	27	12
Hermes	1954	ambiguous	105	15
Hermes	1954	bekker	8	7
Hermes	1954	homer	2	2
Hermes	1954	stephanus	27	13
Hermes	1955	ambiguous	75	12
Hermes	1955	bekker	19	4
Hermes	1955	homer	1	1
Hermes	1955	stephanus	36	11
Hermes	1956	ambiguous	76	16
Hermes	1956	bekker	8	4
Hermes	1956	homer	46	6
Hermes	1956	stephanus	29	13
Hermes	1957	ambiguous	20	9
Hermes	1957	homer	16	6
Hermes	1957	stephanus	16	7
Hermes	1958	ambiguous	73	19
Hermes	1958	bekker	4	3
Hermes	1958	homer	7	5
Hermes	1958	stephanus	46	11
Hermes	1959	ambiguous	34	18
Hermes	1959	homer	7	4
Hermes	1959	stephanus	17	8
Hermes	1960	ambiguous	108	13
Hermes	1960	bekker	2	2
Hermes	1960	homer	8	4
Hermes	1960	stephanus	97	10
Hermes	1961	ambiguous	33	16
Hermes	1961	bekker	3	3
Hermes	1961	homer	11	6
Hermes	1961	stephanus	22	12
Hermes	1962	ambiguous	61	14
Hermes	1962	bekker	2	2
Hermes	1962	homer	22	7
Hermes	1962	stephanus	43	15
Hermes	1963	ambiguous	104	16
Hermes	1963	homer	23	5
Hermes	1963	stephanus	49	15
Hermes	1964	ambiguous	295	14
Hermes	1964	bekker	25	6
Hermes	1964	homer	5	3
Hermes	1964	stephanus	25	15
Hermes	1965	ambiguous	77	18
Hermes	1965	bekker	1	1
Hermes	1965	homer	6	6
Hermes	1965	stephanus	46	13
Hermes	1966	ambiguous	27	15
Hermes	1966	homer	15	7
Hermes	1966	stephanus	20	14
Hermes	1967	ambiguous	88	15
Hermes	1967	homer	5	3
Hermes	1967	stephanus	28	13
Hermes	1968	ambiguous	216	32
Hermes	1968	bekker	3	3
Hermes	1968	homer	12	8
Hermes	1968	stephanus	89	21
Hermes	1969	ambiguous	134	16
Hermes	1969	bekker	3	3
Hermes	1969	homer	36	7
Hermes	1969	stephanus	166	11
Hermes	1970	ambiguous	30	11
Hermes	1970	bekker	2	2
Hermes	1970	homer	29	9
Hermes	1970	stephanus	17	7
Hermes	1971	ambiguous	121	14
Hermes	1971	bekker	8	5
Hermes	1971	homer	24	8
Hermes	1971	stephanus	40	15
Hermes	1972	ambiguous	105	20
Hermes	1972	bekker	4	3
Hermes	1972	homer	4	4
Hermes	1972	stephanus	84	17
Hermes	1973	ambiguous	36	12
Hermes	1973	bekker	1	1
Hermes	1973	homer	7	4
Hermes	1973	stephanus	11	6
Hermes	1974	ambiguous	45	16
Hermes	1974	bekker	5	2
Hermes	1974	homer	28	10
Hermes	1974	stephanus	17	11
Hermes	1975	ambiguous	58	18
Hermes	1975	bekker	24	2
Hermes	1975	homer	3	3
Hermes	1975	stephanus	25	12
Hermes	1976	ambiguous	23	14
Hermes	1976	bekker	4	2
Hermes	1976	homer	11	6
Hermes	1976	stephanus	10	5
Hermes	1977	ambiguous	19	14
Hermes	1977	homer	4	4
Hermes	1977	stephanus	15	11
Hermes	1978	ambiguous	177	18
Hermes	1978	bekker	4	2
Hermes	1978	homer	8	6
Hermes	1978	stephanus	134	14
Hermes	1979	ambiguous	80	18
Hermes	1979	bekker	4	2
Hermes	1979	homer	17	6
Hermes	1979	stephanus	24	14
Hermes	1980	ambiguous	190	18
Hermes	1980	bekker	57	7
Hermes	1980	homer	64	6
Hermes	1980	stephanus	27	15
Hermes	1981	ambiguous	95	22
Hermes	1981	bekker	23	7
Hermes	1981	homer	16	6
Hermes	1981	stephanus	60	17
Hermes	1982	ambiguous	428	20
Hermes	1982	bekker	131	11
Hermes	1982	homer	21	8
Hermes	1982	stephanus	115	15
Hermes	1983	ambiguous	135	21
Hermes	1983	bekker	79	9
Hermes	1983	homer	36	8
Hermes	1983	stephanus	96	13
Hermes	1984	ambiguous	68	25
Hermes	1984	bekker	62	7
Hermes	1984	homer	19	9
Hermes	1984	stephanus	54	20
Hermes	1985	ambiguous	165	25
Hermes	1985	bekker	85	9
Hermes	1985	homer	38	6
Hermes	1985	pindar	1	1
Hermes	1985	stephanus	88	18
Hermes	1986	ambiguous	94	22
Hermes	1986	bekker	17	6
Hermes	1986	homer	9	7
Hermes	1986	nt	1	1
Hermes	1986	pindar	1	1
Hermes	1986	stephanus	44	11
Hermes	1987	ambiguous	129	24
Hermes	1987	bekker	89	9
Hermes	1987	homer	10	4
Hermes	1987	stephanus	84	23
Hermes	1988	ambiguous	149	26
Hermes	1988	bekker	30	2
Hermes	1988	homer	23	7
Hermes	1988	stephanus	61	13
Hermes	1989	ambiguous	125	22
Hermes	1989	bekker	100	6
Hermes	1989	homer	16	7
Hermes	1989	pindar	5	3
Hermes	1989	stephanus	84	18
Hermes	1990	ambiguous	125	21
Hermes	1990	bekker	13	7
Hermes	1990	homer	12	9
Hermes	1990	pindar	5	2
Hermes	1990	stephanus	154	21
Hermes	1991	ambiguous	316	22
Hermes	1991	bekker	21	5
Hermes	1991	homer	13	4
Hermes	1991	pindar	2	1
Hermes	1991	stephanus	199	15
Hermes	1992	ambiguous	184	22
Hermes	1992	bekker	62	7
Hermes	1992	homer	6	4
Hermes	1992	pindar	23	2
Hermes	1992	stephanus	150	18
Hermes	1993	ambiguous	94	26
Hermes	1993	bekker	13	7
Hermes	1993	homer	6	4
Hermes	1993	pindar	1	1
Hermes	1993	stephanus	25	12
Hermes	1994	ambiguous	132	23
Hermes	1994	bekker	40	8
Hermes	1994	homer	12	5
Hermes	1994	pindar	17	4
Hermes	1994	stephanus	63	16
Hermes	1995	ambiguous	54	21
Hermes	1995	bekker	18	6
Hermes	1995	homer	8	6
Hermes	1995	pindar	1	1
Hermes	1995	stephanus	28	14
Hermes	1996	ambiguous	181	25
Hermes	1996	bekker	13	7
Hermes	1996	homer	12	7
Hermes	1996	pindar	8	3
Hermes	1996	stephanus	33	15
Hermes	1997	ambiguous	195	18
Hermes	1997	bekker	12	6
Hermes	1997	homer	29	4
Hermes	1997	pindar	1	1
Hermes	1997	stephanus	136	16
Hermes	1998	ambiguous	108	20
Hermes	1998	bekker	32	9
Hermes	1998	homer	14	7
Hermes	1998	pindar	1	1
Hermes	1998	stephanus	86	16
Hermes	1999	ambiguous	65	20
Hermes	1999	bekker	5	4
Hermes	1999	homer	36	14
Hermes	1999	pindar	2	1
Hermes	1999	stephanus	57	17
Hermes	2000	ambiguous	167	24
Hermes	2000	bekker	10	3
Hermes	2000	homer	26	11
Hermes	2000	pindar	1	1
Hermes	2000	stephanus	81	19
Hermes	2001	ambiguous	170	31
Hermes	2001	bekker	105	13
Hermes	2001	homer	25	9
Hermes	2001	pindar	1	1
Hermes	2001	stephanus	58	20
Hermes	2002	ambiguous	61	24
Hermes	2002	bekker	26	10
Hermes	2002	homer	16	7
Hermes	2002	stephanus	33	13
Hermes	2003	ambiguous	93	19
Hermes	2003	bekker	3	3
Hermes	2003	homer	44	9
Hermes	2003	stephanus	75	13
Hermes	2004	ambiguous	109	21
Hermes	2004	bekker	73	9
Hermes	2004	homer	21	8
Hermes	2004	stephanus	82	12
Hermes	2005	ambiguous	222	29
Hermes	2005	bekker	17	8
Hermes	2005	homer	78	17
Hermes	2005	pindar	1	1
Hermes	2005	stephanus	139	18
Hermes	2006	ambiguous	95	18
Hermes	2006	bekker	13	6
Hermes	2006	homer	70	11
Hermes	2006	pindar	10	1
Hermes	2006	stephanus	55	16
Hermes	2007	ambiguous	90	19
Hermes	2007	bekker	7	2
Hermes	2007	homer	49	8
Hermes	2007	stephanus	20	8
Hermes	2008	ambiguous	92	18
Hermes	2008	bekker	39	8
Hermes	2008	homer	26	11
Hermes	2008	pindar	7	3
Hermes	2008	stephanus	84	18
Hermes	2009	ambiguous	114	20
Hermes	2009	bekker	46	9
Hermes	2009	homer	26	8
Hermes	2009	stephanus	91	10
Hermes	2010	ambiguous	98	16
Hermes	2010	bekker	55	7
Hermes	2010	homer	17	9
Hermes	2010	pindar	4	2
Hermes	2010	stephanus	18	10
Hermes	2011	ambiguous	137	18
Hermes	2011	bekker	82	13
Hermes	2011	homer	20	9
Hermes	2011	pindar	6	1
Hermes	2011	stephanus	118	18
Hermes	2012	ambiguous	176	19
Hermes	2012	bekker	45	7
Hermes	2012	homer	66	8
Hermes	2012	stephanus	85	10
Hermes	2013	ambiguous	151	23
Hermes	2013	bekker	127	14
Hermes	2013	homer	39	13
Hermes	2013	nt	4	1
Hermes	2013	pindar	6	2
Hermes	2013	stephanus	55	15
Hermes	2014	ambiguous	128	20
Hermes	2014	bekker	29	4
Hermes	2014	homer	23	5
Hermes	2014	stephanus	42	12
Hermes	2015	ambiguous	226	18
Hermes	2015	bekker	69	14
Hermes	2015	homer	57	11
Hermes	2015	stephanus	102	14
Hermes	2016	ambiguous	86	20
Hermes	2016	bekker	106	11
Hermes	2016	homer	21	7
Hermes	2016	stephanus	41	11
Hermes	2017	ambiguous	60	18
Hermes	2017	bekker	80	8
Hermes	2017	homer	81	11
Hermes	2017	stephanus	51	10
Hermes	2018	ambiguous	119	21
Hermes	2018	bekker	138	19
Hermes	2018	homer	102	12
Hermes	2018	pindar	7	2
Hermes	2018	stephanus	115	11
Hermes	2019	ambiguous	98	20
Hermes	2019	bekker	34	9
Hermes	2019	homer	91	11
Hermes	2019	pindar	3	1
Hermes	2019	stephanus	68	12
Hermes	2020	ambiguous	87	14
Hermes	2020	bekker	112	13
Hermes	2020	homer	187	14
Hermes	2020	stephanus	69	13
Hermes	2021	ambiguous	163	16
Hermes	2021	bekker	44	12
Hermes	2021	homer	73	8
Hermes	2021	pindar	8	4
Hermes	2021	stephanus	117	10
History of Philosophy Quarterly	1984	ambiguous	295	10
History of Philosophy Quarterly	1984	bekker	150	7
History of Philosophy Quarterly	1984	homer	2	2
History of Philosophy Quarterly	1984	stephanus	68	6
History of Philosophy Quarterly	1985	ambiguous	204	8
History of Philosophy Quarterly	1985	bekker	72	3
History of Philosophy Quarterly	1985	homer	3	1
History of Philosophy Quarterly	1985	stephanus	137	4
History of Philosophy Quarterly	1986	ambiguous	94	9
History of Philosophy Quarterly	1986	bekker	90	4
History of Philosophy Quarterly	1986	homer	1	1
History of Philosophy Quarterly	1986	stephanus	56	6
History of Philosophy Quarterly	1987	ambiguous	348	16
History of Philosophy Quarterly	1987	bekker	137	11
History of Philosophy Quarterly	1987	homer	3	1
History of Philosophy Quarterly	1987	stephanus	297	12
History of Philosophy Quarterly	1988	ambiguous	188	11
History of Philosophy Quarterly	1988	bekker	43	3
History of Philosophy Quarterly	1988	pindar	1	1
History of Philosophy Quarterly	1988	stephanus	190	8
History of Philosophy Quarterly	1989	ambiguous	6	5
History of Philosophy Quarterly	1989	bekker	62	3
History of Philosophy Quarterly	1990	ambiguous	104	9
History of Philosophy Quarterly	1990	bekker	116	7
History of Philosophy Quarterly	1990	stephanus	45	2
History of Philosophy Quarterly	1991	ambiguous	4	3
History of Philosophy Quarterly	1991	bekker	2	1
History of Philosophy Quarterly	1992	ambiguous	136	6
History of Philosophy Quarterly	1992	bekker	105	7
History of Philosophy Quarterly	1992	stephanus	108	6
History of Philosophy Quarterly	1993	ambiguous	68	3
History of Philosophy Quarterly	1993	bekker	15	3
History of Philosophy Quarterly	1993	stephanus	87	5
History of Philosophy Quarterly	1994	ambiguous	80	3
History of Philosophy Quarterly	1994	bekker	11	4
History of Philosophy Quarterly	1994	nt	1	1
History of Philosophy Quarterly	1994	stephanus	123	3
History of Philosophy Quarterly	1995	ambiguous	80	6
History of Philosophy Quarterly	1995	bekker	47	2
History of Philosophy Quarterly	1995	stephanus	82	3
History of Philosophy Quarterly	1996	ambiguous	87	6
History of Philosophy Quarterly	1996	bekker	6	3
History of Philosophy Quarterly	1996	stephanus	35	5
History of Philosophy Quarterly	1997	ambiguous	49	6
History of Philosophy Quarterly	1997	bekker	3	3
History of Philosophy Quarterly	1997	stephanus	13	3
History of Philosophy Quarterly	1998	ambiguous	114	5
History of Philosophy Quarterly	1998	bekker	4	2
History of Philosophy Quarterly	1998	stephanus	142	5
History of Philosophy Quarterly	1999	ambiguous	39	4
History of Philosophy Quarterly	1999	bekker	34	2
History of Philosophy Quarterly	1999	stephanus	18	2
History of Philosophy Quarterly	2000	ambiguous	73	4
History of Philosophy Quarterly	2000	bekker	6	3
History of Philosophy Quarterly	2000	stephanus	108	3
History of Philosophy Quarterly	2001	ambiguous	68	7
History of Philosophy Quarterly	2001	bekker	81	5
History of Philosophy Quarterly	2001	homer	3	1
History of Philosophy Quarterly	2001	stephanus	43	5
History of Philosophy Quarterly	2002	ambiguous	86	4
History of Philosophy Quarterly	2002	bekker	47	4
History of Philosophy Quarterly	2002	stephanus	115	2
History of Philosophy Quarterly	2003	ambiguous	131	5
History of Philosophy Quarterly	2003	bekker	32	4
History of Philosophy Quarterly	2003	stephanus	82	3
History of Philosophy Quarterly	2004	ambiguous	98	3
History of Philosophy Quarterly	2004	bekker	3	2
History of Philosophy Quarterly	2004	stephanus	98	2
History of Philosophy Quarterly	2005	ambiguous	60	6
History of Philosophy Quarterly	2005	bekker	67	4
History of Philosophy Quarterly	2005	nt	1	1
History of Philosophy Quarterly	2005	stephanus	49	3
History of Philosophy Quarterly	2006	ambiguous	6	4
History of Philosophy Quarterly	2006	bekker	9	3
History of Philosophy Quarterly	2006	stephanus	7	4
History of Philosophy Quarterly	2007	ambiguous	8	4
History of Philosophy Quarterly	2007	bekker	52	4
History of Philosophy Quarterly	2007	homer	2	2
History of Philosophy Quarterly	2007	stephanus	1	1
History of Philosophy Quarterly	2008	ambiguous	3	2
History of Philosophy Quarterly	2008	bekker	18	5
History of Philosophy Quarterly	2008	stephanus	2	2
History of Philosophy Quarterly	2009	ambiguous	62	9
History of Philosophy Quarterly	2009	bekker	10	5
History of Philosophy Quarterly	2009	homer	1	1
History of Philosophy Quarterly	2009	stephanus	52	4
History of Philosophy Quarterly	2010	ambiguous	56	3
History of Philosophy Quarterly	2010	bekker	7	2
History of Philosophy Quarterly	2010	homer	1	1
History of Philosophy Quarterly	2010	stephanus	53	2
History of Philosophy Quarterly	2011	ambiguous	77	4
History of Philosophy Quarterly	2011	bekker	53	5
History of Philosophy Quarterly	2011	stephanus	97	4
History of Philosophy Quarterly	2012	ambiguous	94	8
History of Philosophy Quarterly	2012	bekker	99	8
History of Philosophy Quarterly	2012	homer	1	1
History of Philosophy Quarterly	2012	stephanus	138	5
History of Philosophy Quarterly	2013	ambiguous	58	6
History of Philosophy Quarterly	2013	bekker	63	7
History of Philosophy Quarterly	2013	stephanus	46	4
History of Philosophy Quarterly	2014	ambiguous	30	3
History of Philosophy Quarterly	2014	bekker	25	6
History of Philosophy Quarterly	2014	stephanus	32	2
History of Philosophy Quarterly	2015	ambiguous	16	2
History of Philosophy Quarterly	2015	bekker	49	6
History of Philosophy Quarterly	2016	ambiguous	138	6
History of Philosophy Quarterly	2016	bekker	105	16
History of Philosophy Quarterly	2016	pindar	10	1
History of Philosophy Quarterly	2016	stephanus	183	4
History of Philosophy Quarterly	2017	ambiguous	39	5
History of Philosophy Quarterly	2017	bekker	95	9
History of Philosophy Quarterly	2017	stephanus	40	2
History of Philosophy Quarterly	2018	ambiguous	30	4
History of Philosophy Quarterly	2018	bekker	118	6
History of Philosophy Quarterly	2018	stephanus	10	3
History of Philosophy Quarterly	2019	ambiguous	53	4
History of Philosophy Quarterly	2019	bekker	130	11
History of Philosophy Quarterly	2019	homer	3	2
History of Philosophy Quarterly	2019	nt	1	1
History of Philosophy Quarterly	2019	stephanus	4	2
History of Philosophy Quarterly	2020	ambiguous	121	7
History of Philosophy Quarterly	2020	bekker	115	11
History of Philosophy Quarterly	2020	nt	2	1
History of Philosophy Quarterly	2020	stephanus	210	8
History of Philosophy Quarterly	2021	ambiguous	24	3
History of Philosophy Quarterly	2021	bekker	167	11
History of Philosophy Quarterly	2021	stephanus	16	1
History of Philosophy Quarterly	2022	ambiguous	69	6
History of Philosophy Quarterly	2022	bekker	57	11
History of Philosophy Quarterly	2022	stephanus	3	1
History of Religions	1961	ambiguous	41	3
History of Religions	1961	stephanus	1	1
History of Religions	1962	ambiguous	84	4
History of Religions	1962	stephanus	3	2
History of Religions	1963	ambiguous	27	2
History of Religions	1964	ambiguous	42	5
History of Religions	1965	ambiguous	69	7
History of Religions	1965	homer	1	1
History of Religions	1965	stephanus	25	3
History of Religions	1966	ambiguous	191	8
History of Religions	1966	bekker	40	3
History of Religions	1966	nt	4	1
History of Religions	1966	stephanus	22	4
History of Religions	1967	ambiguous	4	3
History of Religions	1967	stephanus	5	2
History of Religions	1968	ambiguous	132	7
History of Religions	1968	bekker	4	1
History of Religions	1968	stephanus	28	2
History of Religions	1969	ambiguous	56	7
History of Religions	1969	bekker	8	2
History of Religions	1969	stephanus	8	3
History of Religions	1970	ambiguous	13	6
History of Religions	1970	bekker	1	1
History of Religions	1970	homer	3	2
History of Religions	1970	nt	2	1
History of Religions	1970	stephanus	12	5
History of Religions	1971	ambiguous	39	6
History of Religions	1971	bekker	3	1
History of Religions	1971	stephanus	11	5
History of Religions	1972	ambiguous	36	2
History of Religions	1972	stephanus	8	1
History of Religions	1973	ambiguous	27	4
History of Religions	1973	nt	1	1
History of Religions	1973	stephanus	30	3
History of Religions	1974	ambiguous	44	4
History of Religions	1974	nt	1	1
History of Religions	1974	stephanus	8	3
History of Religions	1975	ambiguous	8	2
History of Religions	1975	homer	1	1
History of Religions	1976	ambiguous	126	5
History of Religions	1976	bekker	6	2
History of Religions	1976	stephanus	30	2
History of Religions	1977	ambiguous	11	6
History of Religions	1977	homer	1	1
History of Religions	1977	stephanus	2	2
History of Religions	1978	ambiguous	114	10
History of Religions	1978	bekker	3	3
History of Religions	1978	stephanus	4	4
History of Religions	1979	ambiguous	124	6
History of Religions	1979	bekker	1	1
History of Religions	1979	homer	32	2
History of Religions	1979	stephanus	4	3
History of Religions	1980	ambiguous	19	3
History of Religions	1980	bekker	1	1
History of Religions	1980	stephanus	11	4
History of Religions	1981	ambiguous	17	4
History of Religions	1981	homer	2	1
History of Religions	1981	stephanus	23	5
History of Religions	1982	ambiguous	4	4
History of Religions	1982	homer	15	3
History of Religions	1982	nt	6	2
History of Religions	1982	stephanus	5	4
History of Religions	1983	ambiguous	24	2
History of Religions	1983	homer	1	1
History of Religions	1983	stephanus	5	3
History of Religions	1984	ambiguous	1	1
History of Religions	1985	ambiguous	32	7
History of Religions	1985	nt	3	2
History of Religions	1985	stephanus	3	1
History of Religions	1986	ambiguous	26	6
History of Religions	1986	bekker	13	3
History of Religions	1986	stephanus	12	4
History of Religions	1987	ambiguous	141	3
History of Religions	1987	bekker	1	1
History of Religions	1987	nt	10	3
History of Religions	1987	stephanus	7	5
History of Religions	1988	ambiguous	8	6
History of Religions	1988	stephanus	1	1
History of Religions	1989	ambiguous	20	3
History of Religions	1989	bekker	1	1
History of Religions	1989	stephanus	7	1
History of Religions	1990	ambiguous	89	6
History of Religions	1990	nt	7	3
History of Religions	1990	stephanus	4	3
History of Religions	1991	ambiguous	15	5
History of Religions	1991	bekker	6	5
History of Religions	1991	nt	6	2
History of Religions	1991	stephanus	2	2
History of Religions	1992	ambiguous	81	3
History of Religions	1992	bekker	6	2
History of Religions	1992	stephanus	9	2
History of Religions	1993	ambiguous	27	5
History of Religions	1993	bekker	2	1
History of Religions	1993	stephanus	17	3
History of Religions	1994	ambiguous	15	4
History of Religions	1994	bekker	2	2
History of Religions	1994	homer	59	1
History of Religions	1994	pindar	1	1
History of Religions	1995	ambiguous	16	2
History of Religions	1995	bekker	1	1
History of Religions	1995	stephanus	1	1
History of Religions	1996	ambiguous	25	4
History of Religions	1996	bekker	2	1
History of Religions	1996	homer	4	1
History of Religions	1996	nt	8	1
History of Religions	1996	stephanus	17	4
History of Religions	1997	ambiguous	66	4
History of Religions	1997	bekker	2	1
History of Religions	1997	homer	3	1
History of Religions	1997	nt	1	1
History of Religions	1997	stephanus	9	3
History of Religions	1998	ambiguous	52	4
History of Religions	1998	bekker	1	1
History of Religions	1998	homer	1	1
History of Religions	1998	stephanus	15	3
History of Religions	1999	ambiguous	3	1
History of Religions	1999	stephanus	1	1
History of Religions	2000	ambiguous	214	5
History of Religions	2000	bekker	2	2
History of Religions	2000	stephanus	15	3
History of Religions	2001	ambiguous	6	3
History of Religions	2002	ambiguous	33	5
History of Religions	2002	bekker	5	4
History of Religions	2002	nt	2	2
History of Religions	2002	stephanus	5	1
History of Religions	2003	ambiguous	82	2
History of Religions	2003	bekker	1	1
History of Religions	2003	stephanus	22	2
History of Religions	2004	ambiguous	14	4
History of Religions	2004	homer	13	2
History of Religions	2004	stephanus	1	1
History of Religions	2005	ambiguous	59	7
History of Religions	2005	bekker	1	1
History of Religions	2005	nt	7	2
History of Religions	2005	stephanus	33	5
History of Religions	2006	ambiguous	20	3
History of Religions	2006	bekker	3	2
History of Religions	2006	homer	1	1
History of Religions	2006	pindar	3	1
History of Religions	2006	stephanus	1	1
History of Religions	2007	ambiguous	15	4
History of Religions	2007	nt	1	1
History of Religions	2007	stephanus	5	2
History of Religions	2008	ambiguous	31	2
History of Religions	2008	bekker	5	1
History of Religions	2008	nt	2	2
History of Religions	2008	stephanus	11	2
History of Religions	2009	ambiguous	56	4
History of Religions	2009	nt	4	1
History of Religions	2009	stephanus	23	3
History of Religions	2010	ambiguous	29	6
History of Religions	2010	bekker	2	2
History of Religions	2010	homer	2	2
History of Religions	2010	nt	1	1
History of Religions	2010	stephanus	32	4
History of Religions	2011	ambiguous	174	6
History of Religions	2011	bekker	3	2
History of Religions	2011	nt	2	1
History of Religions	2011	stephanus	16	5
History of Religions	2012	ambiguous	52	5
History of Religions	2012	bekker	18	2
History of Religions	2012	homer	1	1
History of Religions	2012	nt	4	1
History of Religions	2012	stephanus	21	3
History of Religions	2014	ambiguous	12	4
History of Religions	2015	ambiguous	10	2
History of Religions	2015	nt	1	1
History of Religions	2015	stephanus	6	1
History of Religions	2016	ambiguous	46	9
History of Religions	2016	bekker	2	1
History of Religions	2016	nt	10	3
History of Religions	2016	stephanus	17	5
History of Religions	2017	ambiguous	53	4
History of Religions	2017	bekker	1	1
History of Religions	2017	nt	5	2
History of Religions	2017	stephanus	23	3
History of Religions	2018	ambiguous	46	4
History of Religions	2018	bekker	10	1
History of Religions	2018	homer	1	1
History of Religions	2018	nt	2	1
History of Religions	2018	stephanus	14	2
History of Religions	2019	ambiguous	37	6
History of Religions	2019	homer	2	1
History of Religions	2019	stephanus	13	4
History of Religions	2020	ambiguous	31	3
History of Religions	2020	bekker	1	1
History of Religions	2020	nt	1	1
History of Religions	2020	stephanus	16	1
Illinois Classical Studies	1976	ambiguous	28	9
Illinois Classical Studies	1976	bekker	2	2
Illinois Classical Studies	1976	homer	3	2
Illinois Classical Studies	1976	pindar	12	2
Illinois Classical Studies	1976	stephanus	4	2
Illinois Classical Studies	1977	ambiguous	42	11
Illinois Classical Studies	1977	bekker	14	3
Illinois Classical Studies	1977	homer	30	6
Illinois Classical Studies	1977	pindar	2	1
Illinois Classical Studies	1977	stephanus	28	5
Illinois Classical Studies	1978	ambiguous	23	6
Illinois Classical Studies	1978	bekker	5	2
Illinois Classical Studies	1978	homer	18	4
Illinois Classical Studies	1978	pindar	2	1
Illinois Classical Studies	1978	stephanus	9	5
Illinois Classical Studies	1979	ambiguous	27	6
Illinois Classical Studies	1979	bekker	5	2
Illinois Classical Studies	1979	homer	13	2
Illinois Classical Studies	1979	nt	2	1
Illinois Classical Studies	1979	stephanus	2	1
Illinois Classical Studies	1980	ambiguous	36	4
Illinois Classical Studies	1980	bekker	1	1
Illinois Classical Studies	1980	homer	5	2
Illinois Classical Studies	1980	stephanus	2	2
Illinois Classical Studies	1981	ambiguous	41	11
Illinois Classical Studies	1981	bekker	5	2
Illinois Classical Studies	1981	homer	18	7
Illinois Classical Studies	1981	nt	6	2
Illinois Classical Studies	1981	pindar	3	3
Illinois Classical Studies	1981	stephanus	26	6
Illinois Classical Studies	1982	ambiguous	97	13
Illinois Classical Studies	1982	bekker	3	3
Illinois Classical Studies	1982	homer	13	5
Illinois Classical Studies	1982	pindar	6	4
Illinois Classical Studies	1982	stephanus	65	8
Illinois Classical Studies	1983	ambiguous	30	14
Illinois Classical Studies	1983	bekker	8	3
Illinois Classical Studies	1983	nt	1	1
Illinois Classical Studies	1983	pindar	1	1
Illinois Classical Studies	1983	stephanus	15	6
Illinois Classical Studies	1984	ambiguous	15	5
Illinois Classical Studies	1984	bekker	1	1
Illinois Classical Studies	1984	nt	5	1
Illinois Classical Studies	1984	stephanus	2	2
Illinois Classical Studies	1985	ambiguous	7	6
Illinois Classical Studies	1985	bekker	2	1
Illinois Classical Studies	1985	nt	2	1
Illinois Classical Studies	1985	stephanus	8	5
Illinois Classical Studies	1986	ambiguous	246	14
Illinois Classical Studies	1986	bekker	45	7
Illinois Classical Studies	1986	homer	4	1
Illinois Classical Studies	1986	nt	3	2
Illinois Classical Studies	1986	stephanus	205	10
Illinois Classical Studies	1987	ambiguous	118	11
Illinois Classical Studies	1987	bekker	2	1
Illinois Classical Studies	1987	homer	1	1
Illinois Classical Studies	1987	nt	10	2
Illinois Classical Studies	1987	pindar	4	2
Illinois Classical Studies	1987	stephanus	69	8
Illinois Classical Studies	1988	ambiguous	296	20
Illinois Classical Studies	1988	bekker	24	10
Illinois Classical Studies	1988	homer	3	3
Illinois Classical Studies	1988	nt	13	2
Illinois Classical Studies	1988	stephanus	358	19
Illinois Classical Studies	1989	ambiguous	64	9
Illinois Classical Studies	1989	bekker	10	2
Illinois Classical Studies	1989	homer	7	4
Illinois Classical Studies	1989	stephanus	9	6
Illinois Classical Studies	1990	ambiguous	51	9
Illinois Classical Studies	1990	bekker	2	2
Illinois Classical Studies	1990	homer	6	4
Illinois Classical Studies	1990	stephanus	58	7
Illinois Classical Studies	1991	ambiguous	154	14
Illinois Classical Studies	1991	bekker	172	12
Illinois Classical Studies	1991	homer	1	1
Illinois Classical Studies	1991	stephanus	112	12
Illinois Classical Studies	1992	ambiguous	52	9
Illinois Classical Studies	1992	bekker	12	3
Illinois Classical Studies	1992	homer	2	1
Illinois Classical Studies	1992	stephanus	44	7
Illinois Classical Studies	1993	ambiguous	218	15
Illinois Classical Studies	1993	bekker	42	6
Illinois Classical Studies	1993	homer	2	2
Illinois Classical Studies	1993	stephanus	190	17
Illinois Classical Studies	1994	ambiguous	31	9
Illinois Classical Studies	1994	bekker	4	4
Illinois Classical Studies	1994	homer	1	1
Illinois Classical Studies	1994	stephanus	33	7
Illinois Classical Studies	1995	ambiguous	18	8
Illinois Classical Studies	1995	bekker	22	2
Illinois Classical Studies	1995	pindar	1	1
Illinois Classical Studies	1995	stephanus	20	5
Illinois Classical Studies	1996	ambiguous	125	5
Illinois Classical Studies	1996	bekker	24	4
Illinois Classical Studies	1996	homer	1	1
Illinois Classical Studies	1996	stephanus	83	3
Illinois Classical Studies	1997	ambiguous	21	7
Illinois Classical Studies	1997	bekker	12	3
Illinois Classical Studies	1997	homer	1	1
Illinois Classical Studies	1997	stephanus	8	3
Illinois Classical Studies	1998	ambiguous	123	4
Illinois Classical Studies	1998	bekker	2	2
Illinois Classical Studies	1998	homer	1	1
Illinois Classical Studies	1998	stephanus	53	3
Illinois Classical Studies	1999	ambiguous	45	16
Illinois Classical Studies	1999	bekker	341	27
Illinois Classical Studies	1999	homer	4	3
Illinois Classical Studies	1999	stephanus	40	13
Illinois Classical Studies	2001	ambiguous	59	7
Illinois Classical Studies	2001	bekker	7	4
Illinois Classical Studies	2001	nt	1	1
Illinois Classical Studies	2001	stephanus	79	4
Illinois Classical Studies	2002	ambiguous	77	8
Illinois Classical Studies	2002	bekker	4	4
Illinois Classical Studies	2002	stephanus	77	7
Illinois Classical Studies	2004	ambiguous	34	8
Illinois Classical Studies	2004	bekker	23	5
Illinois Classical Studies	2004	homer	4	2
Illinois Classical Studies	2004	nt	55	3
Illinois Classical Studies	2004	pindar	1	1
Illinois Classical Studies	2004	stephanus	10	6
Illinois Classical Studies	2005	ambiguous	35	8
Illinois Classical Studies	2005	bekker	8	4
Illinois Classical Studies	2005	homer	8	4
Illinois Classical Studies	2005	stephanus	31	7
Illinois Classical Studies	2006	ambiguous	15	5
Illinois Classical Studies	2006	bekker	6	3
Illinois Classical Studies	2006	homer	2	2
Illinois Classical Studies	2006	pindar	27	3
Illinois Classical Studies	2006	stephanus	6	4
Illinois Classical Studies	2009	ambiguous	13	6
Illinois Classical Studies	2009	bekker	4	3
Illinois Classical Studies	2009	homer	10	3
Illinois Classical Studies	2009	pindar	1	1
Illinois Classical Studies	2009	stephanus	16	4
Illinois Classical Studies	2011	ambiguous	108	9
Illinois Classical Studies	2011	bekker	21	5
Illinois Classical Studies	2011	homer	118	6
Illinois Classical Studies	2011	pindar	1	1
Illinois Classical Studies	2011	stephanus	132	7
Illinois Classical Studies	2012	ambiguous	29	6
Illinois Classical Studies	2012	bekker	84	4
Illinois Classical Studies	2012	homer	19	2
Illinois Classical Studies	2012	pindar	1	1
Illinois Classical Studies	2012	stephanus	42	3
Illinois Classical Studies	2013	ambiguous	25	9
Illinois Classical Studies	2013	bekker	60	8
Illinois Classical Studies	2013	homer	26	6
Illinois Classical Studies	2013	pindar	3	2
Illinois Classical Studies	2013	stephanus	19	5
Illinois Classical Studies	2014	ambiguous	21	4
Illinois Classical Studies	2014	bekker	94	6
Illinois Classical Studies	2014	homer	26	4
Illinois Classical Studies	2014	stephanus	24	1
Illinois Classical Studies	2015	ambiguous	82	8
Illinois Classical Studies	2015	bekker	73	12
Illinois Classical Studies	2015	homer	23	6
Illinois Classical Studies	2015	pindar	16	3
Illinois Classical Studies	2015	stephanus	96	10
Illinois Classical Studies	2016	ambiguous	21	10
Illinois Classical Studies	2016	bekker	105	14
Illinois Classical Studies	2016	homer	38	6
Illinois Classical Studies	2016	pindar	2	1
Illinois Classical Studies	2016	stephanus	14	8
Illinois Classical Studies	2017	ambiguous	43	6
Illinois Classical Studies	2017	bekker	35	7
Illinois Classical Studies	2017	homer	34	5
Illinois Classical Studies	2017	stephanus	64	7
Illinois Classical Studies	2018	ambiguous	121	15
Illinois Classical Studies	2018	bekker	111	15
Illinois Classical Studies	2018	homer	26	9
Illinois Classical Studies	2018	pindar	2	1
Illinois Classical Studies	2018	stephanus	93	7
Illinois Classical Studies	2019	ambiguous	69	7
Illinois Classical Studies	2019	bekker	36	8
Illinois Classical Studies	2019	homer	1	1
Illinois Classical Studies	2019	pindar	2	2
Illinois Classical Studies	2019	stephanus	119	7
Illinois Classical Studies	2020	ambiguous	59	9
Illinois Classical Studies	2020	bekker	144	10
Illinois Classical Studies	2020	homer	24	10
Illinois Classical Studies	2020	pindar	43	5
Illinois Classical Studies	2020	stephanus	44	8
Illinois Classical Studies	2021	ambiguous	16	6
Illinois Classical Studies	2021	bekker	47	5
Illinois Classical Studies	2021	homer	74	7
Illinois Classical Studies	2021	pindar	3	3
Illinois Classical Studies	2021	stephanus	6	4
Illinois Classical Studies	2022	ambiguous	457	13
Illinois Classical Studies	2022	bekker	59	9
Illinois Classical Studies	2022	homer	33	9
Illinois Classical Studies	2022	pindar	7	2
Illinois Classical Studies	2022	stephanus	614	12
Journal of Biblical Literature	1890	ambiguous	42	4
Journal of Biblical Literature	1890	stephanus	5	4
Journal of Biblical Literature	1891	ambiguous	49	4
Journal of Biblical Literature	1891	stephanus	7	3
Journal of Biblical Literature	1892	ambiguous	72	2
Journal of Biblical Literature	1892	stephanus	4	3
Journal of Biblical Literature	1893	ambiguous	88	6
Journal of Biblical Literature	1893	stephanus	17	4
Journal of Biblical Literature	1894	ambiguous	5	5
Journal of Biblical Literature	1894	homer	1	1
Journal of Biblical Literature	1894	stephanus	3	3
Journal of Biblical Literature	1895	ambiguous	14	2
Journal of Biblical Literature	1895	stephanus	2	2
Journal of Biblical Literature	1896	ambiguous	3	2
Journal of Biblical Literature	1896	stephanus	3	3
Journal of Biblical Literature	1897	ambiguous	41	7
Journal of Biblical Literature	1897	bekker	9	1
Journal of Biblical Literature	1897	stephanus	11	3
Journal of Biblical Literature	1898	ambiguous	19	9
Journal of Biblical Literature	1898	bekker	5	1
Journal of Biblical Literature	1898	stephanus	3	2
Journal of Biblical Literature	1899	ambiguous	34	5
Journal of Biblical Literature	1899	stephanus	3	2
Journal of Biblical Literature	1900	ambiguous	52	5
Journal of Biblical Literature	1900	bekker	2	1
Journal of Biblical Literature	1900	stephanus	7	6
Journal of Biblical Literature	1901	ambiguous	19	6
Journal of Biblical Literature	1901	bekker	2	2
Journal of Biblical Literature	1901	stephanus	4	2
Journal of Biblical Literature	1902	ambiguous	21	8
Journal of Biblical Literature	1902	bekker	2	2
Journal of Biblical Literature	1902	stephanus	7	5
Journal of Biblical Literature	1903	ambiguous	7	3
Journal of Biblical Literature	1903	bekker	1	1
Journal of Biblical Literature	1903	stephanus	3	3
Journal of Biblical Literature	1904	ambiguous	6	3
Journal of Biblical Literature	1904	stephanus	6	5
Journal of Biblical Literature	1905	ambiguous	103	5
Journal of Biblical Literature	1905	bekker	55	3
Journal of Biblical Literature	1905	stephanus	11	4
Journal of Biblical Literature	1906	ambiguous	18	4
Journal of Biblical Literature	1906	bekker	4	1
Journal of Biblical Literature	1906	homer	1	1
Journal of Biblical Literature	1906	stephanus	5	2
Journal of Biblical Literature	1907	ambiguous	71	3
Journal of Biblical Literature	1907	homer	1	1
Journal of Biblical Literature	1907	stephanus	3	2
Journal of Biblical Literature	1908	stephanus	2	2
Journal of Biblical Literature	1909	ambiguous	90	3
Journal of Biblical Literature	1909	stephanus	2	2
Journal of Biblical Literature	1910	ambiguous	14	2
Journal of Biblical Literature	1910	stephanus	1	1
Journal of Biblical Literature	1911	ambiguous	5	1
Journal of Biblical Literature	1911	homer	1	1
Journal of Biblical Literature	1911	stephanus	3	2
Journal of Biblical Literature	1912	ambiguous	13	4
Journal of Biblical Literature	1912	stephanus	12	3
Journal of Biblical Literature	1913	ambiguous	85	10
Journal of Biblical Literature	1913	bekker	2	1
Journal of Biblical Literature	1913	stephanus	12	4
Journal of Biblical Literature	1914	ambiguous	109	15
Journal of Biblical Literature	1914	nt	1	1
Journal of Biblical Literature	1914	stephanus	15	8
Journal of Biblical Literature	1915	ambiguous	65	10
Journal of Biblical Literature	1915	homer	1	1
Journal of Biblical Literature	1915	stephanus	15	5
Journal of Biblical Literature	1916	ambiguous	58	9
Journal of Biblical Literature	1916	nt	2	2
Journal of Biblical Literature	1916	stephanus	7	2
Journal of Biblical Literature	1917	ambiguous	115	23
Journal of Biblical Literature	1917	bekker	2	2
Journal of Biblical Literature	1917	homer	1	1
Journal of Biblical Literature	1917	nt	4	3
Journal of Biblical Literature	1917	stephanus	21	8
Journal of Biblical Literature	1918	ambiguous	39	6
Journal of Biblical Literature	1918	bekker	1	1
Journal of Biblical Literature	1918	stephanus	10	5
Journal of Biblical Literature	1919	ambiguous	101	15
Journal of Biblical Literature	1919	nt	2	2
Journal of Biblical Literature	1919	stephanus	21	7
Journal of Biblical Literature	1920	ambiguous	275	10
Journal of Biblical Literature	1920	bekker	9	2
Journal of Biblical Literature	1920	stephanus	41	5
Journal of Biblical Literature	1921	ambiguous	24	9
Journal of Biblical Literature	1921	bekker	2	2
Journal of Biblical Literature	1921	stephanus	9	5
Journal of Biblical Literature	1922	ambiguous	26	6
Journal of Biblical Literature	1922	stephanus	5	2
Journal of Biblical Literature	1923	ambiguous	20	6
Journal of Biblical Literature	1923	bekker	2	1
Journal of Biblical Literature	1923	stephanus	9	3
Journal of Biblical Literature	1924	ambiguous	65	10
Journal of Biblical Literature	1924	bekker	4	2
Journal of Biblical Literature	1924	stephanus	11	4
Journal of Biblical Literature	1925	ambiguous	28	8
Journal of Biblical Literature	1925	homer	1	1
Journal of Biblical Literature	1925	stephanus	14	6
Journal of Biblical Literature	1926	ambiguous	19	10
Journal of Biblical Literature	1926	homer	1	1
Journal of Biblical Literature	1926	nt	1	1
Journal of Biblical Literature	1926	stephanus	7	5
Journal of Biblical Literature	1927	ambiguous	11	6
Journal of Biblical Literature	1927	stephanus	3	1
Journal of Biblical Literature	1928	ambiguous	60	8
Journal of Biblical Literature	1928	bekker	2	2
Journal of Biblical Literature	1928	stephanus	4	3
Journal of Biblical Literature	1929	ambiguous	23	9
Journal of Biblical Literature	1929	bekker	1	1
Journal of Biblical Literature	1929	stephanus	5	5
Journal of Biblical Literature	1930	ambiguous	115	14
Journal of Biblical Literature	1930	bekker	2	2
Journal of Biblical Literature	1930	stephanus	10	5
Journal of Biblical Literature	1931	ambiguous	71	11
Journal of Biblical Literature	1931	bekker	1	1
Journal of Biblical Literature	1931	stephanus	16	5
Journal of Biblical Literature	1932	ambiguous	55	10
Journal of Biblical Literature	1932	bekker	4	1
Journal of Biblical Literature	1932	stephanus	21	6
Journal of Biblical Literature	1933	ambiguous	36	7
Journal of Biblical Literature	1933	bekker	2	2
Journal of Biblical Literature	1933	stephanus	7	3
Journal of Biblical Literature	1934	ambiguous	46	13
Journal of Biblical Literature	1934	nt	4	1
Journal of Biblical Literature	1934	stephanus	8	5
Journal of Biblical Literature	1935	ambiguous	87	9
Journal of Biblical Literature	1935	bekker	1	1
Journal of Biblical Literature	1935	stephanus	11	5
Journal of Biblical Literature	1936	ambiguous	25	11
Journal of Biblical Literature	1936	stephanus	2	2
Journal of Biblical Literature	1937	ambiguous	99	17
Journal of Biblical Literature	1937	homer	2	1
Journal of Biblical Literature	1937	stephanus	10	4
Journal of Biblical Literature	1938	ambiguous	79	12
Journal of Biblical Literature	1938	stephanus	4	3
Journal of Biblical Literature	1939	ambiguous	27	12
Journal of Biblical Literature	1939	stephanus	14	5
Journal of Biblical Literature	1940	ambiguous	55	12
Journal of Biblical Literature	1940	stephanus	30	5
Journal of Biblical Literature	1941	ambiguous	40	18
Journal of Biblical Literature	1941	stephanus	9	6
Journal of Biblical Literature	1942	ambiguous	30	9
Journal of Biblical Literature	1942	bekker	1	1
Journal of Biblical Literature	1942	stephanus	9	3
Journal of Biblical Literature	1943	ambiguous	86	15
Journal of Biblical Literature	1943	stephanus	21	7
Journal of Biblical Literature	1944	ambiguous	55	12
Journal of Biblical Literature	1944	stephanus	12	6
Journal of Biblical Literature	1945	ambiguous	87	14
Journal of Biblical Literature	1945	bekker	1	1
Journal of Biblical Literature	1945	stephanus	16	4
Journal of Biblical Literature	1946	ambiguous	150	19
Journal of Biblical Literature	1946	bekker	2	1
Journal of Biblical Literature	1946	homer	2	2
Journal of Biblical Literature	1946	stephanus	19	9
Journal of Biblical Literature	1947	ambiguous	55	19
Journal of Biblical Literature	1947	homer	1	1
Journal of Biblical Literature	1947	stephanus	7	6
Journal of Biblical Literature	1948	ambiguous	61	18
Journal of Biblical Literature	1948	stephanus	13	6
Journal of Biblical Literature	1949	ambiguous	59	16
Journal of Biblical Literature	1949	homer	1	1
Journal of Biblical Literature	1949	stephanus	4	2
Journal of Biblical Literature	1950	ambiguous	64	16
Journal of Biblical Literature	1950	nt	1	1
Journal of Biblical Literature	1950	stephanus	5	3
Journal of Biblical Literature	1951	ambiguous	43	12
Journal of Biblical Literature	1951	homer	1	1
Journal of Biblical Literature	1951	stephanus	8	4
Journal of Biblical Literature	1952	ambiguous	55	18
Journal of Biblical Literature	1952	nt	15	3
Journal of Biblical Literature	1952	stephanus	19	7
Journal of Biblical Literature	1953	ambiguous	118	14
Journal of Biblical Literature	1953	bekker	2	2
Journal of Biblical Literature	1953	homer	2	1
Journal of Biblical Literature	1953	nt	1	1
Journal of Biblical Literature	1953	stephanus	13	6
Journal of Biblical Literature	1954	ambiguous	50	8
Journal of Biblical Literature	1954	homer	1	1
Journal of Biblical Literature	1954	stephanus	10	7
Journal of Biblical Literature	1955	ambiguous	44	18
Journal of Biblical Literature	1955	homer	1	1
Journal of Biblical Literature	1955	stephanus	9	7
Journal of Biblical Literature	1956	ambiguous	66	19
Journal of Biblical Literature	1956	stephanus	14	6
Journal of Biblical Literature	1957	ambiguous	69	16
Journal of Biblical Literature	1957	bekker	1	1
Journal of Biblical Literature	1957	stephanus	16	8
Journal of Biblical Literature	1958	ambiguous	54	14
Journal of Biblical Literature	1958	bekker	1	1
Journal of Biblical Literature	1958	homer	1	1
Journal of Biblical Literature	1958	stephanus	11	5
Journal of Biblical Literature	1959	ambiguous	47	16
Journal of Biblical Literature	1959	bekker	2	2
Journal of Biblical Literature	1959	homer	3	3
Journal of Biblical Literature	1959	stephanus	12	6
Journal of Biblical Literature	1960	ambiguous	58	18
Journal of Biblical Literature	1960	bekker	5	3
Journal of Biblical Literature	1960	stephanus	5	4
Journal of Biblical Literature	1961	ambiguous	39	19
Journal of Biblical Literature	1961	nt	1	1
Journal of Biblical Literature	1961	stephanus	6	5
Journal of Biblical Literature	1962	ambiguous	31	15
Journal of Biblical Literature	1962	stephanus	8	6
Journal of Biblical Literature	1963	ambiguous	78	21
Journal of Biblical Literature	1963	homer	1	1
Journal of Biblical Literature	1963	nt	4	2
Journal of Biblical Literature	1963	stephanus	5	3
Journal of Biblical Literature	1964	ambiguous	68	14
Journal of Biblical Literature	1964	homer	1	1
Journal of Biblical Literature	1964	stephanus	17	7
Journal of Biblical Literature	1965	ambiguous	89	27
Journal of Biblical Literature	1965	bekker	2	2
Journal of Biblical Literature	1965	nt	2	2
Journal of Biblical Literature	1965	stephanus	10	5
Journal of Biblical Literature	1966	ambiguous	135	46
Journal of Biblical Literature	1966	homer	3	1
Journal of Biblical Literature	1966	nt	1	1
Journal of Biblical Literature	1966	stephanus	13	12
Journal of Biblical Literature	1967	ambiguous	76	23
Journal of Biblical Literature	1967	homer	4	2
Journal of Biblical Literature	1967	nt	7	1
Journal of Biblical Literature	1967	stephanus	14	6
Journal of Biblical Literature	1968	ambiguous	180	34
Journal of Biblical Literature	1968	bekker	3	3
Journal of Biblical Literature	1968	homer	3	2
Journal of Biblical Literature	1968	nt	5	2
Journal of Biblical Literature	1968	stephanus	45	11
Journal of Biblical Literature	1969	ambiguous	65	25
Journal of Biblical Literature	1969	bekker	2	2
Journal of Biblical Literature	1969	homer	3	1
Journal of Biblical Literature	1969	nt	4	3
Journal of Biblical Literature	1969	stephanus	19	6
Journal of Biblical Literature	1970	ambiguous	143	27
Journal of Biblical Literature	1970	bekker	2	2
Journal of Biblical Literature	1970	stephanus	27	11
Journal of Biblical Literature	1971	ambiguous	184	28
Journal of Biblical Literature	1971	bekker	1	1
Journal of Biblical Literature	1971	homer	1	1
Journal of Biblical Literature	1971	nt	93	17
Journal of Biblical Literature	1971	stephanus	25	8
Journal of Biblical Literature	1972	ambiguous	200	52
Journal of Biblical Literature	1972	bekker	3	2
Journal of Biblical Literature	1972	homer	1	1
Journal of Biblical Literature	1972	nt	177	43
Journal of Biblical Literature	1972	stephanus	33	17
Journal of Biblical Literature	1973	ambiguous	203	40
Journal of Biblical Literature	1973	bekker	2	2
Journal of Biblical Literature	1973	nt	402	37
Journal of Biblical Literature	1973	stephanus	61	18
Journal of Biblical Literature	1974	ambiguous	331	41
Journal of Biblical Literature	1974	bekker	1	1
Journal of Biblical Literature	1974	homer	3	2
Journal of Biblical Literature	1974	nt	127	31
Journal of Biblical Literature	1974	stephanus	64	19
Journal of Biblical Literature	1975	ambiguous	225	54
Journal of Biblical Literature	1975	homer	1	1
Journal of Biblical Literature	1975	nt	315	26
Journal of Biblical Literature	1975	stephanus	25	14
Journal of Biblical Literature	1976	ambiguous	277	47
Journal of Biblical Literature	1976	bekker	3	2
Journal of Biblical Literature	1976	homer	1	1
Journal of Biblical Literature	1976	nt	179	25
Journal of Biblical Literature	1976	stephanus	29	14
Journal of Biblical Literature	1977	ambiguous	274	45
Journal of Biblical Literature	1977	nt	179	17
Journal of Biblical Literature	1977	stephanus	22	12
Journal of Biblical Literature	1978	ambiguous	172	53
Journal of Biblical Literature	1978	bekker	3	1
Journal of Biblical Literature	1978	nt	196	24
Journal of Biblical Literature	1978	stephanus	64	23
Journal of Biblical Literature	1979	ambiguous	250	44
Journal of Biblical Literature	1979	bekker	1	1
Journal of Biblical Literature	1979	homer	2	2
Journal of Biblical Literature	1979	nt	139	15
Journal of Biblical Literature	1979	stephanus	33	15
Journal of Biblical Literature	1980	ambiguous	305	38
Journal of Biblical Literature	1980	bekker	2	1
Journal of Biblical Literature	1980	nt	358	18
Journal of Biblical Literature	1980	stephanus	68	13
Journal of Biblical Literature	1981	ambiguous	202	35
Journal of Biblical Literature	1981	bekker	2	1
Journal of Biblical Literature	1981	homer	7	3
Journal of Biblical Literature	1981	nt	146	37
Journal of Biblical Literature	1981	pindar	1	1
Journal of Biblical Literature	1981	stephanus	35	11
Journal of Biblical Literature	1982	ambiguous	247	38
Journal of Biblical Literature	1982	bekker	1	1
Journal of Biblical Literature	1982	homer	4	4
Journal of Biblical Literature	1982	nt	158	19
Journal of Biblical Literature	1982	stephanus	35	11
Journal of Biblical Literature	1983	ambiguous	214	42
Journal of Biblical Literature	1983	bekker	4	1
Journal of Biblical Literature	1983	nt	287	34
Journal of Biblical Literature	1983	stephanus	16	12
Journal of Biblical Literature	1984	ambiguous	292	36
Journal of Biblical Literature	1984	bekker	4	3
Journal of Biblical Literature	1984	homer	1	1
Journal of Biblical Literature	1984	nt	262	33
Journal of Biblical Literature	1984	stephanus	88	22
Journal of Biblical Literature	1985	ambiguous	300	41
Journal of Biblical Literature	1985	bekker	4	2
Journal of Biblical Literature	1985	homer	3	3
Journal of Biblical Literature	1985	nt	214	40
Journal of Biblical Literature	1985	stephanus	82	9
Journal of Biblical Literature	1986	ambiguous	354	50
Journal of Biblical Literature	1986	bekker	13	4
Journal of Biblical Literature	1986	nt	238	27
Journal of Biblical Literature	1986	stephanus	52	13
Journal of Biblical Literature	1987	ambiguous	283	55
Journal of Biblical Literature	1987	bekker	10	2
Journal of Biblical Literature	1987	homer	2	1
Journal of Biblical Literature	1987	nt	263	25
Journal of Biblical Literature	1987	stephanus	46	12
Journal of Biblical Literature	1988	ambiguous	303	50
Journal of Biblical Literature	1988	bekker	3	2
Journal of Biblical Literature	1988	homer	3	3
Journal of Biblical Literature	1988	nt	322	32
Journal of Biblical Literature	1988	stephanus	74	21
Journal of Biblical Literature	1989	ambiguous	315	36
Journal of Biblical Literature	1989	bekker	46	3
Journal of Biblical Literature	1989	homer	2	2
Journal of Biblical Literature	1989	nt	396	35
Journal of Biblical Literature	1989	stephanus	36	15
Journal of Biblical Literature	1990	ambiguous	193	44
Journal of Biblical Literature	1990	bekker	1	1
Journal of Biblical Literature	1990	nt	136	25
Journal of Biblical Literature	1990	stephanus	16	8
Journal of Biblical Literature	1991	ambiguous	291	52
Journal of Biblical Literature	1991	nt	171	22
Journal of Biblical Literature	1991	stephanus	29	13
Journal of Biblical Literature	1992	ambiguous	259	47
Journal of Biblical Literature	1992	bekker	27	4
Journal of Biblical Literature	1992	nt	320	29
Journal of Biblical Literature	1992	stephanus	51	16
Journal of Biblical Literature	1993	ambiguous	258	45
Journal of Biblical Literature	1993	bekker	2	2
Journal of Biblical Literature	1993	homer	9	2
Journal of Biblical Literature	1993	nt	528	35
Journal of Biblical Literature	1993	pindar	2	1
Journal of Biblical Literature	1993	stephanus	52	17
Journal of Biblical Literature	1994	ambiguous	252	45
Journal of Biblical Literature	1994	bekker	3	3
Journal of Biblical Literature	1994	nt	234	26
Journal of Biblical Literature	1994	stephanus	43	12
Journal of Biblical Literature	1995	ambiguous	172	42
Journal of Biblical Literature	1995	bekker	6	2
Journal of Biblical Literature	1995	homer	3	3
Journal of Biblical Literature	1995	nt	228	34
Journal of Biblical Literature	1995	stephanus	63	17
Journal of Biblical Literature	1996	ambiguous	283	52
Journal of Biblical Literature	1996	bekker	6	1
Journal of Biblical Literature	1996	homer	2	1
Journal of Biblical Literature	1996	nt	391	52
Journal of Biblical Literature	1996	stephanus	55	24
Journal of Biblical Literature	1997	ambiguous	264	50
Journal of Biblical Literature	1997	homer	1	1
Journal of Biblical Literature	1997	nt	306	39
Journal of Biblical Literature	1997	stephanus	39	13
Journal of Biblical Literature	1998	ambiguous	180	43
Journal of Biblical Literature	1998	bekker	3	3
Journal of Biblical Literature	1998	homer	1	1
Journal of Biblical Literature	1998	nt	355	31
Journal of Biblical Literature	1998	stephanus	42	17
Journal of Biblical Literature	1999	ambiguous	261	34
Journal of Biblical Literature	1999	bekker	4	1
Journal of Biblical Literature	1999	homer	1	1
Journal of Biblical Literature	1999	nt	193	23
Journal of Biblical Literature	1999	stephanus	21	13
Journal of Biblical Literature	2000	ambiguous	207	39
Journal of Biblical Literature	2000	bekker	11	4
Journal of Biblical Literature	2000	homer	1	1
Journal of Biblical Literature	2000	nt	235	26
Journal of Biblical Literature	2000	stephanus	42	17
Journal of Biblical Literature	2001	ambiguous	238	28
Journal of Biblical Literature	2001	bekker	28	3
Journal of Biblical Literature	2001	homer	4	3
Journal of Biblical Literature	2001	nt	264	23
Journal of Biblical Literature	2001	pindar	2	2
Journal of Biblical Literature	2001	stephanus	70	9
Journal of Biblical Literature	2002	ambiguous	223	35
Journal of Biblical Literature	2002	bekker	3	2
Journal of Biblical Literature	2002	nt	337	22
Journal of Biblical Literature	2002	stephanus	18	11
Journal of Biblical Literature	2003	ambiguous	450	38
Journal of Biblical Literature	2003	bekker	3	2
Journal of Biblical Literature	2003	homer	5	4
Journal of Biblical Literature	2003	nt	239	18
Journal of Biblical Literature	2003	pindar	1	1
Journal of Biblical Literature	2003	stephanus	84	18
Journal of Biblical Literature	2004	ambiguous	180	27
Journal of Biblical Literature	2004	bekker	10	6
Journal of Biblical Literature	2004	homer	8	3
Journal of Biblical Literature	2004	nt	547	20
Journal of Biblical Literature	2004	pindar	2	1
Journal of Biblical Literature	2004	stephanus	70	20
Journal of Biblical Literature	2005	ambiguous	336	36
Journal of Biblical Literature	2005	bekker	3	2
Journal of Biblical Literature	2005	homer	11	3
Journal of Biblical Literature	2005	nt	431	20
Journal of Biblical Literature	2005	stephanus	24	11
Journal of Biblical Literature	2006	ambiguous	218	31
Journal of Biblical Literature	2006	bekker	2	2
Journal of Biblical Literature	2006	homer	2	2
Journal of Biblical Literature	2006	nt	325	17
Journal of Biblical Literature	2006	stephanus	43	14
Journal of Biblical Literature	2007	ambiguous	207	32
Journal of Biblical Literature	2007	bekker	9	2
Journal of Biblical Literature	2007	homer	1	1
Journal of Biblical Literature	2007	nt	575	11
Journal of Biblical Literature	2007	stephanus	50	19
Journal of Biblical Literature	2008	ambiguous	204	34
Journal of Biblical Literature	2008	bekker	3	3
Journal of Biblical Literature	2008	homer	4	2
Journal of Biblical Literature	2008	nt	234	13
Journal of Biblical Literature	2008	stephanus	74	18
Journal of Biblical Literature	2009	ambiguous	238	43
Journal of Biblical Literature	2009	bekker	11	3
Journal of Biblical Literature	2009	homer	6	2
Journal of Biblical Literature	2009	nt	176	13
Journal of Biblical Literature	2009	stephanus	48	14
Journal of Biblical Literature	2010	ambiguous	252	38
Journal of Biblical Literature	2010	bekker	4	1
Journal of Biblical Literature	2010	homer	7	1
Journal of Biblical Literature	2010	nt	95	11
Journal of Biblical Literature	2010	pindar	1	1
Journal of Biblical Literature	2010	stephanus	27	12
Journal of Biblical Literature	2011	ambiguous	271	28
Journal of Biblical Literature	2011	bekker	3	3
Journal of Biblical Literature	2011	homer	12	4
Journal of Biblical Literature	2011	nt	297	20
Journal of Biblical Literature	2011	pindar	1	1
Journal of Biblical Literature	2011	stephanus	30	16
Journal of Biblical Literature	2012	ambiguous	427	33
Journal of Biblical Literature	2012	bekker	7	3
Journal of Biblical Literature	2012	homer	2	2
Journal of Biblical Literature	2012	nt	417	15
Journal of Biblical Literature	2012	stephanus	79	14
Journal of Biblical Literature	2013	ambiguous	361	45
Journal of Biblical Literature	2013	bekker	4	2
Journal of Biblical Literature	2013	homer	5	4
Journal of Biblical Literature	2013	nt	77	15
Journal of Biblical Literature	2013	pindar	2	2
Journal of Biblical Literature	2013	stephanus	57	28
Journal of Biblical Literature	2014	ambiguous	231	38
Journal of Biblical Literature	2014	bekker	21	8
Journal of Biblical Literature	2014	homer	5	3
Journal of Biblical Literature	2014	nt	197	11
Journal of Biblical Literature	2014	pindar	1	1
Journal of Biblical Literature	2014	stephanus	56	20
Journal of Biblical Literature	2015	ambiguous	249	37
Journal of Biblical Literature	2015	bekker	23	3
Journal of Biblical Literature	2015	homer	7	4
Journal of Biblical Literature	2015	nt	194	17
Journal of Biblical Literature	2015	stephanus	44	21
Journal of Biblical Literature	2016	ambiguous	277	41
Journal of Biblical Literature	2016	bekker	12	4
Journal of Biblical Literature	2016	homer	24	2
Journal of Biblical Literature	2016	nt	383	19
Journal of Biblical Literature	2016	pindar	1	1
Journal of Biblical Literature	2016	stephanus	31	19
Journal of Biblical Literature	2017	ambiguous	450	45
Journal of Biblical Literature	2017	bekker	20	2
Journal of Biblical Literature	2017	homer	21	5
Journal of Biblical Literature	2017	nt	272	17
Journal of Biblical Literature	2017	stephanus	41	20
Journal of Biblical Literature	2018	ambiguous	310	47
Journal of Biblical Literature	2018	bekker	14	8
Journal of Biblical Literature	2018	homer	12	3
Journal of Biblical Literature	2018	nt	482	21
Journal of Biblical Literature	2018	pindar	1	1
Journal of Biblical Literature	2018	stephanus	45	20
Journal of Biblical Literature	2019	ambiguous	309	33
Journal of Biblical Literature	2019	bekker	7	5
Journal of Biblical Literature	2019	homer	4	3
Journal of Biblical Literature	2019	nt	310	17
Journal of Biblical Literature	2019	stephanus	40	22
Journal of Biblical Literature	2020	ambiguous	244	32
Journal of Biblical Literature	2020	bekker	3	3
Journal of Biblical Literature	2020	homer	1	1
Journal of Biblical Literature	2020	nt	216	11
Journal of Biblical Literature	2020	pindar	1	1
Journal of Biblical Literature	2020	stephanus	36	20
Journal of Biblical Literature	2021	ambiguous	167	24
Journal of Biblical Literature	2021	bekker	16	4
Journal of Biblical Literature	2021	homer	6	4
Journal of Biblical Literature	2021	nt	266	16
Journal of Biblical Literature	2021	stephanus	45	14
Journal of Biblical Literature	2022	ambiguous	441	31
Journal of Biblical Literature	2022	bekker	3	2
Journal of Biblical Literature	2022	homer	13	1
Journal of Biblical Literature	2022	nt	271	9
Journal of Biblical Literature	2022	pindar	2	1
Journal of Biblical Literature	2022	stephanus	32	12
Journal of the Society of Biblical Literature and Exegesis	1881	ambiguous	3	1
Journal of the Society of Biblical Literature and Exegesis	1881	stephanus	5	2
Journal of the Society of Biblical Literature and Exegesis	1882	ambiguous	12	3
Journal of the Society of Biblical Literature and Exegesis	1882	stephanus	2	1
Journal of the Society of Biblical Literature and Exegesis	1883	ambiguous	1	1
Journal of the Society of Biblical Literature and Exegesis	1883	stephanus	2	2
Journal of the Society of Biblical Literature and Exegesis	1884	stephanus	2	2
Journal of the Society of Biblical Literature and Exegesis	1885	ambiguous	1	1
Journal of the Society of Biblical Literature and Exegesis	1885	stephanus	2	2
Journal of the Society of Biblical Literature and Exegesis	1886	ambiguous	5	3
Journal of the Society of Biblical Literature and Exegesis	1886	stephanus	9	4
Journal of the Society of Biblical Literature and Exegesis	1887	stephanus	5	5
Journal of the Society of Biblical Literature and Exegesis	1888	ambiguous	3	2
Journal of the Society of Biblical Literature and Exegesis	1888	stephanus	3	3
Les Études philosophiques	1928	ambiguous	3	2
Les Études philosophiques	1928	stephanus	2	2
Les Études philosophiques	1929	ambiguous	4	3
Les Études philosophiques	1929	stephanus	3	2
Les Études philosophiques	1931	ambiguous	1	1
Les Études philosophiques	1931	stephanus	1	1
Les Études philosophiques	1932	stephanus	1	1
Les Études philosophiques	1933	homer	1	1
Les Études philosophiques	1933	stephanus	1	1
Les Études philosophiques	1934	stephanus	2	1
Les Études philosophiques	1935	stephanus	1	1
Les Études philosophiques	1942	homer	2	2
Les Études philosophiques	1943	ambiguous	1	1
Les Études philosophiques	1946	ambiguous	1	1
Les Études philosophiques	1946	stephanus	2	2
Les Études philosophiques	1947	ambiguous	1	1
Les Études philosophiques	1947	homer	1	1
Les Études philosophiques	1947	stephanus	1	1
Les Études philosophiques	1948	stephanus	6	2
Les Études philosophiques	1949	stephanus	5	5
Les Études philosophiques	1950	ambiguous	1	1
Les Études philosophiques	1950	stephanus	2	2
Les Études philosophiques	1951	homer	1	1
Les Études philosophiques	1951	stephanus	1	1
Les Études philosophiques	1953	ambiguous	1	1
Les Études philosophiques	1953	stephanus	4	4
Les Études philosophiques	1954	ambiguous	2	1
Les Études philosophiques	1954	stephanus	16	9
Les Études philosophiques	1955	ambiguous	1	1
Les Études philosophiques	1955	stephanus	1	1
Les Études philosophiques	1956	ambiguous	1	1
Les Études philosophiques	1956	stephanus	15	6
Les Études philosophiques	1957	ambiguous	5	3
Les Études philosophiques	1957	stephanus	23	11
Les Études philosophiques	1958	homer	1	1
Les Études philosophiques	1958	stephanus	8	5
Les Études philosophiques	1959	ambiguous	1	1
Les Études philosophiques	1959	stephanus	16	9
Les Études philosophiques	1960	ambiguous	1	1
Les Études philosophiques	1960	stephanus	13	4
Les Études philosophiques	1961	stephanus	6	4
Les Études philosophiques	1962	stephanus	2	2
Les Études philosophiques	1963	bekker	1	1
Les Études philosophiques	1963	stephanus	2	2
Les Études philosophiques	1964	ambiguous	1	1
Les Études philosophiques	1964	stephanus	1	1
Les Études philosophiques	1965	stephanus	6	5
Les Études philosophiques	1966	homer	1	1
Les Études philosophiques	1966	stephanus	9	8
Les Études philosophiques	1967	stephanus	3	3
Les Études philosophiques	1968	homer	1	1
Les Études philosophiques	1968	stephanus	12	7
Les Études philosophiques	1969	homer	2	2
Les Études philosophiques	1969	stephanus	8	7
Les Études philosophiques	1970	ambiguous	1	1
Les Études philosophiques	1970	homer	1	1
Les Études philosophiques	1970	stephanus	6	3
Les Études philosophiques	1971	ambiguous	1	1
Les Études philosophiques	1971	stephanus	9	5
Les Études philosophiques	1972	ambiguous	1	1
Les Études philosophiques	1972	bekker	1	1
Les Études philosophiques	1972	stephanus	1	1
Les Études philosophiques	1973	stephanus	4	4
Les Études philosophiques	1974	ambiguous	1	1
Les Études philosophiques	1974	bekker	1	1
Les Études philosophiques	1974	stephanus	30	14
Les Études philosophiques	1975	ambiguous	1	1
Les Études philosophiques	1975	stephanus	6	6
Les Études philosophiques	1976	ambiguous	2	2
Les Études philosophiques	1976	bekker	3	1
Les Études philosophiques	1976	stephanus	5	5
Les Études philosophiques	1977	ambiguous	4	1
Les Études philosophiques	1978	bekker	1	1
Les Études philosophiques	1978	stephanus	6	4
Les Études philosophiques	1979	ambiguous	1	1
Les Études philosophiques	1979	stephanus	3	3
Les Études philosophiques	1980	ambiguous	3	2
Les Études philosophiques	1980	stephanus	2	2
Les Études philosophiques	1981	stephanus	8	5
Les Études philosophiques	1982	ambiguous	2	2
Les Études philosophiques	1982	stephanus	2	2
Les Études philosophiques	1983	ambiguous	1	1
Les Études philosophiques	1983	stephanus	2	2
Les Études philosophiques	1984	bekker	1	1
Les Études philosophiques	1984	stephanus	3	3
Les Études philosophiques	1985	stephanus	4	4
Les Études philosophiques	1986	stephanus	9	6
Les Études philosophiques	1987	ambiguous	1	1
Les Études philosophiques	1987	stephanus	7	7
Les Études philosophiques	1988	ambiguous	1	1
Les Études philosophiques	1988	stephanus	13	11
Les Études philosophiques	1989	ambiguous	3	2
Les Études philosophiques	1989	stephanus	2	2
Les Études philosophiques	1990	ambiguous	3	3
Les Études philosophiques	1990	homer	1	1
Les Études philosophiques	1990	stephanus	15	7
Les Études philosophiques	1991	ambiguous	9	3
Les Études philosophiques	1991	stephanus	6	3
Les Études philosophiques	1992	ambiguous	1	1
Les Études philosophiques	1992	bekker	1	1
Les Études philosophiques	1992	stephanus	1	1
Les Études philosophiques	1993	ambiguous	4	2
Les Études philosophiques	1993	stephanus	5	5
Les Études philosophiques	1994	stephanus	5	5
Les Études philosophiques	1995	ambiguous	21	7
Les Études philosophiques	1995	stephanus	18	6
Les Études philosophiques	1996	ambiguous	8	6
Les Études philosophiques	1996	stephanus	5	5
Les Études philosophiques	1997	ambiguous	6	5
Les Études philosophiques	1997	stephanus	12	6
Les Études philosophiques	1998	ambiguous	14	4
Les Études philosophiques	1998	stephanus	17	4
Les Études philosophiques	1999	ambiguous	5	4
Les Études philosophiques	1999	stephanus	2	2
Les Études philosophiques	2000	ambiguous	2	1
Les Études philosophiques	2000	stephanus	7	2
Les Études philosophiques	2001	bekker	1	1
Les Études philosophiques	2001	stephanus	3	1
Les Études philosophiques	2002	stephanus	1	1
Les Études philosophiques	2003	ambiguous	1	1
Les Études philosophiques	2003	bekker	1	1
Les Études philosophiques	2003	stephanus	5	3
Les Études philosophiques	2004	ambiguous	1	1
Les Études philosophiques	2004	stephanus	7	4
Les Études philosophiques	2005	ambiguous	85	3
Les Études philosophiques	2005	bekker	1	1
Les Études philosophiques	2005	stephanus	123	4
Les Études philosophiques	2006	ambiguous	1	1
Les Études philosophiques	2006	stephanus	7	5
Les Études philosophiques	2007	stephanus	4	4
Les Études philosophiques	2008	stephanus	4	4
Les Études philosophiques	2009	ambiguous	2	2
Les Études philosophiques	2009	stephanus	3	2
Les Études philosophiques	2010	ambiguous	3	3
Les Études philosophiques	2010	bekker	4	1
Les Études philosophiques	2010	stephanus	10	5
Les Études philosophiques	2011	ambiguous	104	10
Les Études philosophiques	2011	bekker	17	3
Les Études philosophiques	2011	stephanus	27	8
Les Études philosophiques	2012	ambiguous	16	6
Les Études philosophiques	2012	bekker	3	1
Les Études philosophiques	2012	stephanus	17	5
Les Études philosophiques	2013	ambiguous	246	12
Les Études philosophiques	2013	bekker	118	9
Les Études philosophiques	2013	stephanus	143	13
Les Études philosophiques	2014	ambiguous	233	9
Les Études philosophiques	2014	bekker	74	8
Les Études philosophiques	2014	homer	3	1
Les Études philosophiques	2014	stephanus	67	5
Les Études philosophiques	2015	ambiguous	34	5
Les Études philosophiques	2015	bekker	12	1
Les Études philosophiques	2015	homer	1	1
Les Études philosophiques	2015	stephanus	12	7
Les Études philosophiques	2016	ambiguous	20	5
Les Études philosophiques	2016	bekker	12	3
Les Études philosophiques	2016	homer	1	1
Les Études philosophiques	2016	stephanus	13	3
Les Études philosophiques	2017	ambiguous	106	2
Les Études philosophiques	2017	stephanus	4	4
Les Études philosophiques	2018	ambiguous	143	20
Les Études philosophiques	2018	bekker	80	11
Les Études philosophiques	2018	stephanus	76	19
Les Études philosophiques	2019	ambiguous	244	6
Les Études philosophiques	2019	bekker	2	1
Les Études philosophiques	2019	stephanus	106	2
Les Études philosophiques	2020	ambiguous	100	8
Les Études philosophiques	2020	bekker	7	2
Les Études philosophiques	2020	stephanus	57	8
Les Études philosophiques	2021	ambiguous	57	8
Les Études philosophiques	2021	bekker	162	4
Les Études philosophiques	2021	stephanus	58	5
Les Études philosophiques	2022	ambiguous	116	10
Les Études philosophiques	2022	bekker	96	7
Les Études philosophiques	2022	stephanus	5	4
Mnemosyne	1852	ambiguous	3	3
Mnemosyne	1852	stephanus	1	1
Mnemosyne	1853	ambiguous	1	1
Mnemosyne	1853	homer	3	3
Mnemosyne	1853	stephanus	7	4
Mnemosyne	1854	homer	2	1
Mnemosyne	1854	stephanus	8	2
Mnemosyne	1855	homer	1	1
Mnemosyne	1855	stephanus	4	3
Mnemosyne	1856	homer	2	2
Mnemosyne	1856	stephanus	1	1
Mnemosyne	1857	homer	1	1
Mnemosyne	1858	ambiguous	1	1
Mnemosyne	1858	homer	2	2
Mnemosyne	1859	ambiguous	5	1
Mnemosyne	1859	homer	15	3
Mnemosyne	1859	stephanus	3	1
Mnemosyne	1860	ambiguous	1	1
Mnemosyne	1860	homer	1	1
Mnemosyne	1861	homer	10	4
Mnemosyne	1862	ambiguous	16	10
Mnemosyne	1862	bekker	1	1
Mnemosyne	1862	stephanus	26	10
Mnemosyne	1873	ambiguous	13	4
Mnemosyne	1873	bekker	1	1
Mnemosyne	1873	homer	7	3
Mnemosyne	1873	stephanus	15	2
Mnemosyne	1874	ambiguous	13	7
Mnemosyne	1874	homer	1	1
Mnemosyne	1874	stephanus	9	8
Mnemosyne	1875	ambiguous	1	1
Mnemosyne	1875	homer	1	1
Mnemosyne	1875	stephanus	1	1
Mnemosyne	1876	ambiguous	5	2
Mnemosyne	1876	homer	1	1
Mnemosyne	1876	stephanus	10	3
Mnemosyne	1877	ambiguous	3	2
Mnemosyne	1877	homer	12	2
Mnemosyne	1877	stephanus	2	2
Mnemosyne	1878	ambiguous	4	4
Mnemosyne	1878	homer	5	4
Mnemosyne	1878	stephanus	4	2
Mnemosyne	1879	ambiguous	4	3
Mnemosyne	1879	homer	5	4
Mnemosyne	1879	stephanus	8	3
Mnemosyne	1880	ambiguous	16	11
Mnemosyne	1880	homer	1	1
Mnemosyne	1880	stephanus	24	11
Mnemosyne	1881	ambiguous	17	12
Mnemosyne	1881	homer	4	3
Mnemosyne	1881	stephanus	13	11
Mnemosyne	1882	ambiguous	8	6
Mnemosyne	1882	stephanus	9	9
Mnemosyne	1883	ambiguous	5	5
Mnemosyne	1883	bekker	1	1
Mnemosyne	1883	homer	9	3
Mnemosyne	1883	stephanus	9	7
Mnemosyne	1884	homer	10	2
Mnemosyne	1884	stephanus	3	3
Mnemosyne	1885	ambiguous	2	2
Mnemosyne	1885	homer	8	5
Mnemosyne	1886	ambiguous	3	2
Mnemosyne	1886	homer	8	6
Mnemosyne	1886	stephanus	35	2
Mnemosyne	1887	ambiguous	7	2
Mnemosyne	1887	bekker	18	1
Mnemosyne	1887	homer	8	4
Mnemosyne	1887	stephanus	3	2
Mnemosyne	1888	ambiguous	29	4
Mnemosyne	1888	bekker	4	1
Mnemosyne	1888	homer	10	5
Mnemosyne	1888	pindar	1	1
Mnemosyne	1888	stephanus	7	4
Mnemosyne	1889	ambiguous	6	3
Mnemosyne	1889	homer	27	8
Mnemosyne	1889	pindar	1	1
Mnemosyne	1889	stephanus	1	1
Mnemosyne	1890	ambiguous	12	7
Mnemosyne	1890	homer	36	7
Mnemosyne	1890	stephanus	10	6
Mnemosyne	1891	ambiguous	13	7
Mnemosyne	1891	homer	14	4
Mnemosyne	1891	stephanus	10	7
Mnemosyne	1892	ambiguous	10	4
Mnemosyne	1892	homer	43	8
Mnemosyne	1892	stephanus	8	4
Mnemosyne	1893	ambiguous	8	6
Mnemosyne	1893	homer	10	7
Mnemosyne	1893	stephanus	10	5
Mnemosyne	1894	ambiguous	5	3
Mnemosyne	1894	bekker	1	1
Mnemosyne	1894	homer	9	4
Mnemosyne	1894	stephanus	6	2
Mnemosyne	1895	ambiguous	34	4
Mnemosyne	1895	homer	15	7
Mnemosyne	1895	stephanus	1	1
Mnemosyne	1896	ambiguous	37	5
Mnemosyne	1896	bekker	3	2
Mnemosyne	1896	homer	12	3
Mnemosyne	1896	stephanus	20	2
Mnemosyne	1897	ambiguous	6	4
Mnemosyne	1897	homer	9	6
Mnemosyne	1897	stephanus	9	4
Mnemosyne	1898	ambiguous	4	3
Mnemosyne	1898	bekker	3	1
Mnemosyne	1898	homer	11	6
Mnemosyne	1899	ambiguous	1	1
Mnemosyne	1899	homer	22	6
Mnemosyne	1899	stephanus	4	2
Mnemosyne	1900	ambiguous	5	3
Mnemosyne	1900	homer	12	4
Mnemosyne	1900	stephanus	4	2
Mnemosyne	1901	ambiguous	1	1
Mnemosyne	1901	homer	8	6
Mnemosyne	1901	stephanus	3	2
Mnemosyne	1902	ambiguous	8	4
Mnemosyne	1902	homer	19	6
Mnemosyne	1902	stephanus	4	3
Mnemosyne	1903	ambiguous	12	4
Mnemosyne	1903	bekker	1	1
Mnemosyne	1903	homer	17	6
Mnemosyne	1903	stephanus	1	1
Mnemosyne	1904	ambiguous	59	3
Mnemosyne	1904	bekker	1	1
Mnemosyne	1904	homer	36	6
Mnemosyne	1905	ambiguous	7	5
Mnemosyne	1905	homer	28	6
Mnemosyne	1905	stephanus	5	3
Mnemosyne	1906	ambiguous	10	7
Mnemosyne	1906	homer	9	7
Mnemosyne	1906	stephanus	20	5
Mnemosyne	1907	ambiguous	36	6
Mnemosyne	1907	homer	35	5
Mnemosyne	1907	stephanus	65	4
Mnemosyne	1908	ambiguous	70	5
Mnemosyne	1908	homer	26	10
Mnemosyne	1908	pindar	2	1
Mnemosyne	1908	stephanus	194	4
Mnemosyne	1909	ambiguous	40	6
Mnemosyne	1909	homer	5	4
Mnemosyne	1909	pindar	2	2
Mnemosyne	1909	stephanus	102	8
Mnemosyne	1910	ambiguous	5	4
Mnemosyne	1910	homer	15	5
Mnemosyne	1910	stephanus	3	3
Mnemosyne	1911	homer	3	1
Mnemosyne	1911	stephanus	3	3
Mnemosyne	1912	ambiguous	1	1
Mnemosyne	1912	homer	19	4
Mnemosyne	1912	stephanus	8	5
Mnemosyne	1913	ambiguous	28	5
Mnemosyne	1913	homer	20	5
Mnemosyne	1913	stephanus	35	4
Mnemosyne	1914	ambiguous	70	6
Mnemosyne	1914	bekker	1	1
Mnemosyne	1914	homer	11	8
Mnemosyne	1914	stephanus	35	3
Mnemosyne	1915	ambiguous	45	5
Mnemosyne	1915	homer	22	3
Mnemosyne	1915	stephanus	51	4
Mnemosyne	1916	ambiguous	38	8
Mnemosyne	1916	homer	12	9
Mnemosyne	1916	stephanus	52	9
Mnemosyne	1917	ambiguous	30	5
Mnemosyne	1917	bekker	1	1
Mnemosyne	1917	homer	10	8
Mnemosyne	1917	stephanus	53	4
Mnemosyne	1918	ambiguous	9	4
Mnemosyne	1918	homer	27	13
Mnemosyne	1918	stephanus	13	5
Mnemosyne	1919	ambiguous	19	6
Mnemosyne	1919	homer	16	10
Mnemosyne	1919	stephanus	4	2
Mnemosyne	1920	ambiguous	9	4
Mnemosyne	1920	bekker	1	1
Mnemosyne	1920	homer	10	8
Mnemosyne	1920	stephanus	5	4
Mnemosyne	1921	ambiguous	2	1
Mnemosyne	1921	bekker	1	1
Mnemosyne	1921	homer	23	13
Mnemosyne	1921	stephanus	2	2
Mnemosyne	1922	ambiguous	5	4
Mnemosyne	1922	homer	18	13
Mnemosyne	1922	stephanus	3	2
Mnemosyne	1923	homer	13	5
Mnemosyne	1924	ambiguous	1	1
Mnemosyne	1924	bekker	1	1
Mnemosyne	1924	homer	57	7
Mnemosyne	1924	stephanus	4	4
Mnemosyne	1925	ambiguous	5	3
Mnemosyne	1925	bekker	2	2
Mnemosyne	1925	homer	18	10
Mnemosyne	1925	stephanus	123	4
Mnemosyne	1926	ambiguous	6	4
Mnemosyne	1926	bekker	14	4
Mnemosyne	1926	homer	23	11
Mnemosyne	1926	stephanus	63	4
Mnemosyne	1927	ambiguous	6	4
Mnemosyne	1927	bekker	1	1
Mnemosyne	1927	homer	14	8
Mnemosyne	1927	stephanus	14	1
Mnemosyne	1928	ambiguous	3	2
Mnemosyne	1928	homer	21	11
Mnemosyne	1928	stephanus	5	1
Mnemosyne	1929	ambiguous	12	3
Mnemosyne	1929	bekker	1	1
Mnemosyne	1929	homer	14	4
Mnemosyne	1929	stephanus	5	4
Mnemosyne	1930	ambiguous	8	5
Mnemosyne	1930	bekker	8	2
Mnemosyne	1930	homer	18	10
Mnemosyne	1930	stephanus	17	3
Mnemosyne	1931	ambiguous	4	2
Mnemosyne	1931	homer	7	3
Mnemosyne	1931	stephanus	1	1
Mnemosyne	1932	ambiguous	9	5
Mnemosyne	1932	bekker	7	2
Mnemosyne	1932	homer	32	8
Mnemosyne	1932	stephanus	2	2
Mnemosyne	1933	ambiguous	13	6
Mnemosyne	1933	homer	10	6
Mnemosyne	1933	stephanus	3	2
Mnemosyne	1935	ambiguous	8	4
Mnemosyne	1935	homer	5	3
Mnemosyne	1935	stephanus	5	3
Mnemosyne	1936	ambiguous	5	4
Mnemosyne	1936	homer	65	7
Mnemosyne	1936	stephanus	3	2
Mnemosyne	1937	ambiguous	13	6
Mnemosyne	1937	bekker	2	2
Mnemosyne	1937	homer	20	3
Mnemosyne	1937	stephanus	13	5
Mnemosyne	1938	ambiguous	68	14
Mnemosyne	1938	bekker	30	3
Mnemosyne	1938	homer	11	5
Mnemosyne	1938	stephanus	64	9
Mnemosyne	1939	ambiguous	5	2
Mnemosyne	1939	homer	1	1
Mnemosyne	1939	stephanus	2	2
Mnemosyne	1940	ambiguous	116	9
Mnemosyne	1940	bekker	7	1
Mnemosyne	1940	homer	3	3
Mnemosyne	1940	stephanus	5	4
Mnemosyne	1941	ambiguous	21	8
Mnemosyne	1941	bekker	5	4
Mnemosyne	1941	homer	4	4
Mnemosyne	1941	stephanus	8	6
Mnemosyne	1942	ambiguous	35	4
Mnemosyne	1942	bekker	2	2
Mnemosyne	1942	homer	9	5
Mnemosyne	1942	stephanus	4	3
Mnemosyne	1943	ambiguous	74	10
Mnemosyne	1943	bekker	9	3
Mnemosyne	1943	homer	15	5
Mnemosyne	1943	stephanus	40	7
Mnemosyne	1944	ambiguous	69	6
Mnemosyne	1944	bekker	2	2
Mnemosyne	1944	homer	14	3
Mnemosyne	1944	stephanus	67	5
Mnemosyne	1945	ambiguous	1	1
Mnemosyne	1945	bekker	95	1
Mnemosyne	1945	homer	1	1
Mnemosyne	1945	stephanus	3	3
Mnemosyne	1947	ambiguous	48	6
Mnemosyne	1947	bekker	26	2
Mnemosyne	1947	homer	6	2
Mnemosyne	1947	stephanus	7	4
Mnemosyne	1948	ambiguous	25	9
Mnemosyne	1948	stephanus	9	7
Mnemosyne	1949	ambiguous	46	12
Mnemosyne	1949	bekker	18	4
Mnemosyne	1949	homer	12	6
Mnemosyne	1949	stephanus	12	6
Mnemosyne	1950	ambiguous	49	17
Mnemosyne	1950	bekker	9	1
Mnemosyne	1950	homer	10	5
Mnemosyne	1950	stephanus	21	11
Mnemosyne	1951	ambiguous	49	13
Mnemosyne	1951	bekker	24	1
Mnemosyne	1951	homer	4	3
Mnemosyne	1951	stephanus	18	11
Mnemosyne	1952	ambiguous	39	16
Mnemosyne	1952	bekker	2	1
Mnemosyne	1952	homer	9	7
Mnemosyne	1952	stephanus	20	6
Mnemosyne	1953	ambiguous	46	23
Mnemosyne	1953	homer	9	7
Mnemosyne	1953	pindar	1	1
Mnemosyne	1953	stephanus	58	14
Mnemosyne	1954	ambiguous	31	12
Mnemosyne	1954	bekker	13	5
Mnemosyne	1954	homer	6	6
Mnemosyne	1954	stephanus	19	9
Mnemosyne	1955	ambiguous	73	18
Mnemosyne	1955	bekker	3	1
Mnemosyne	1955	homer	7	6
Mnemosyne	1955	stephanus	114	15
Mnemosyne	1956	ambiguous	58	24
Mnemosyne	1956	bekker	33	3
Mnemosyne	1956	homer	14	12
Mnemosyne	1956	stephanus	42	17
Mnemosyne	1957	ambiguous	26	11
Mnemosyne	1957	homer	5	5
Mnemosyne	1957	stephanus	5	3
Mnemosyne	1958	ambiguous	356	13
Mnemosyne	1958	bekker	4	2
Mnemosyne	1958	homer	10	9
Mnemosyne	1958	stephanus	306	7
Mnemosyne	1959	ambiguous	26	12
Mnemosyne	1959	bekker	1	1
Mnemosyne	1959	homer	9	8
Mnemosyne	1959	stephanus	16	8
Mnemosyne	1960	ambiguous	20	11
Mnemosyne	1960	bekker	8	5
Mnemosyne	1960	homer	1	1
Mnemosyne	1960	stephanus	20	13
Mnemosyne	1961	ambiguous	66	22
Mnemosyne	1961	bekker	1	1
Mnemosyne	1961	homer	12	10
Mnemosyne	1961	stephanus	44	12
Mnemosyne	1962	ambiguous	49	29
Mnemosyne	1962	bekker	8	4
Mnemosyne	1962	homer	7	4
Mnemosyne	1962	pindar	1	1
Mnemosyne	1962	stephanus	38	15
Mnemosyne	1963	ambiguous	80	15
Mnemosyne	1963	bekker	1	1
Mnemosyne	1963	homer	16	7
Mnemosyne	1963	stephanus	86	18
Mnemosyne	1964	ambiguous	112	25
Mnemosyne	1964	bekker	24	7
Mnemosyne	1964	homer	6	4
Mnemosyne	1964	stephanus	103	18
Mnemosyne	1965	ambiguous	49	21
Mnemosyne	1965	bekker	3	2
Mnemosyne	1965	homer	10	8
Mnemosyne	1965	nt	1	1
Mnemosyne	1965	stephanus	22	15
Mnemosyne	1966	ambiguous	42	22
Mnemosyne	1966	bekker	1	1
Mnemosyne	1966	homer	6	3
Mnemosyne	1966	stephanus	36	18
Mnemosyne	1967	ambiguous	41	25
Mnemosyne	1967	bekker	3	3
Mnemosyne	1967	homer	21	10
Mnemosyne	1967	stephanus	19	13
Mnemosyne	1968	ambiguous	16	13
Mnemosyne	1968	bekker	3	2
Mnemosyne	1968	homer	10	6
Mnemosyne	1968	stephanus	9	7
Mnemosyne	1969	ambiguous	70	16
Mnemosyne	1969	bekker	5	2
Mnemosyne	1969	homer	8	7
Mnemosyne	1969	stephanus	67	12
Mnemosyne	1970	ambiguous	34	13
Mnemosyne	1970	bekker	2	2
Mnemosyne	1970	homer	3	3
Mnemosyne	1970	stephanus	12	9
Mnemosyne	1971	ambiguous	19	14
Mnemosyne	1971	bekker	1	1
Mnemosyne	1971	homer	38	11
Mnemosyne	1971	stephanus	15	11
Mnemosyne	1972	ambiguous	18	14
Mnemosyne	1972	bekker	2	1
Mnemosyne	1972	homer	24	14
Mnemosyne	1972	stephanus	7	7
Mnemosyne	1973	ambiguous	21	12
Mnemosyne	1973	bekker	8	3
Mnemosyne	1973	homer	13	11
Mnemosyne	1973	stephanus	9	7
Mnemosyne	1974	ambiguous	18	11
Mnemosyne	1974	bekker	1	1
Mnemosyne	1974	homer	18	11
Mnemosyne	1974	stephanus	15	6
Mnemosyne	1975	ambiguous	65	7
Mnemosyne	1975	bekker	6	4
Mnemosyne	1975	homer	22	11
Mnemosyne	1975	stephanus	25	9
Mnemosyne	1976	ambiguous	13	7
Mnemosyne	1976	bekker	4	2
Mnemosyne	1976	homer	24	13
Mnemosyne	1976	stephanus	15	8
Mnemosyne	1977	ambiguous	13	10
Mnemosyne	1977	bekker	3	3
Mnemosyne	1977	homer	23	10
Mnemosyne	1977	stephanus	8	6
Mnemosyne	1978	ambiguous	29	10
Mnemosyne	1978	bekker	2	2
Mnemosyne	1978	homer	17	13
Mnemosyne	1978	stephanus	7	3
Mnemosyne	1979	ambiguous	25	9
Mnemosyne	1979	bekker	3	3
Mnemosyne	1979	homer	16	9
Mnemosyne	1979	pindar	4	1
Mnemosyne	1979	stephanus	7	4
Mnemosyne	1980	ambiguous	58	11
Mnemosyne	1980	bekker	5	5
Mnemosyne	1980	homer	55	9
Mnemosyne	1980	stephanus	23	6
Mnemosyne	1981	ambiguous	20	9
Mnemosyne	1981	bekker	1	1
Mnemosyne	1981	homer	32	11
Mnemosyne	1981	stephanus	11	6
Mnemosyne	1982	ambiguous	33	16
Mnemosyne	1982	bekker	2	1
Mnemosyne	1982	homer	12	6
Mnemosyne	1982	stephanus	6	5
Mnemosyne	1983	ambiguous	41	14
Mnemosyne	1983	bekker	4	3
Mnemosyne	1983	homer	98	17
Mnemosyne	1983	pindar	2	1
Mnemosyne	1983	stephanus	33	12
Mnemosyne	1984	ambiguous	44	13
Mnemosyne	1984	bekker	6	4
Mnemosyne	1984	homer	20	6
Mnemosyne	1984	pindar	1	1
Mnemosyne	1984	stephanus	20	11
Mnemosyne	1985	ambiguous	19	8
Mnemosyne	1985	bekker	2	2
Mnemosyne	1985	homer	11	7
Mnemosyne	1985	nt	6	1
Mnemosyne	1985	stephanus	8	5
Mnemosyne	1986	ambiguous	149	19
Mnemosyne	1986	bekker	13	5
Mnemosyne	1986	homer	113	14
Mnemosyne	1986	pindar	2	2
Mnemosyne	1986	stephanus	116	12
Mnemosyne	1987	ambiguous	137	16
Mnemosyne	1987	bekker	25	5
Mnemosyne	1987	homer	34	8
Mnemosyne	1987	stephanus	72	15
Mnemosyne	1988	ambiguous	131	18
Mnemosyne	1988	bekker	11	7
Mnemosyne	1988	homer	30	12
Mnemosyne	1988	pindar	3	3
Mnemosyne	1988	stephanus	105	10
Mnemosyne	1989	ambiguous	110	23
Mnemosyne	1989	bekker	36	10
Mnemosyne	1989	homer	36	10
Mnemosyne	1989	stephanus	109	15
Mnemosyne	1990	ambiguous	227	20
Mnemosyne	1990	bekker	3	2
Mnemosyne	1990	homer	9	7
Mnemosyne	1990	nt	2	2
Mnemosyne	1990	pindar	2	1
Mnemosyne	1990	stephanus	294	14
Mnemosyne	1991	ambiguous	73	17
Mnemosyne	1991	bekker	4	4
Mnemosyne	1991	homer	29	9
Mnemosyne	1991	pindar	2	1
Mnemosyne	1991	stephanus	55	7
Mnemosyne	1992	ambiguous	172	18
Mnemosyne	1992	bekker	16	6
Mnemosyne	1992	homer	47	14
Mnemosyne	1992	stephanus	128	15
Mnemosyne	1993	ambiguous	219	20
Mnemosyne	1993	bekker	65	8
Mnemosyne	1993	homer	21	8
Mnemosyne	1993	pindar	5	4
Mnemosyne	1993	stephanus	121	15
Mnemosyne	1994	ambiguous	137	30
Mnemosyne	1994	bekker	20	9
Mnemosyne	1994	homer	15	11
Mnemosyne	1994	pindar	3	1
Mnemosyne	1994	stephanus	121	18
Mnemosyne	1995	ambiguous	276	20
Mnemosyne	1995	bekker	86	8
Mnemosyne	1995	homer	82	14
Mnemosyne	1995	pindar	1	1
Mnemosyne	1995	stephanus	245	16
Mnemosyne	1996	ambiguous	138	21
Mnemosyne	1996	bekker	13	4
Mnemosyne	1996	homer	66	6
Mnemosyne	1996	pindar	4	2
Mnemosyne	1996	stephanus	153	17
Mnemosyne	1997	ambiguous	120	26
Mnemosyne	1997	bekker	18	11
Mnemosyne	1997	homer	39	13
Mnemosyne	1997	pindar	2	2
Mnemosyne	1997	stephanus	96	20
Mnemosyne	1998	ambiguous	99	24
Mnemosyne	1998	bekker	20	8
Mnemosyne	1998	homer	58	16
Mnemosyne	1998	pindar	4	2
Mnemosyne	1998	stephanus	101	23
Mnemosyne	1999	ambiguous	192	30
Mnemosyne	1999	bekker	74	11
Mnemosyne	1999	homer	32	11
Mnemosyne	1999	pindar	2	2
Mnemosyne	1999	stephanus	165	19
Mnemosyne	2000	ambiguous	265	26
Mnemosyne	2000	bekker	27	11
Mnemosyne	2000	homer	69	14
Mnemosyne	2000	pindar	1	1
Mnemosyne	2000	stephanus	62	22
Mnemosyne	2001	ambiguous	261	28
Mnemosyne	2001	bekker	15	7
Mnemosyne	2001	homer	74	11
Mnemosyne	2001	pindar	2	2
Mnemosyne	2001	stephanus	310	15
Mnemosyne	2002	ambiguous	309	26
Mnemosyne	2002	bekker	23	8
Mnemosyne	2002	homer	40	10
Mnemosyne	2002	pindar	1	1
Mnemosyne	2002	stephanus	294	13
Mnemosyne	2003	ambiguous	441	23
Mnemosyne	2003	bekker	69	19
Mnemosyne	2003	homer	33	14
Mnemosyne	2003	stephanus	310	27
Mnemosyne	2004	ambiguous	58	21
Mnemosyne	2004	bekker	119	14
Mnemosyne	2004	homer	42	12
Mnemosyne	2004	stephanus	30	19
Mnemosyne	2005	ambiguous	135	30
Mnemosyne	2005	bekker	76	13
Mnemosyne	2005	homer	82	13
Mnemosyne	2005	pindar	1	1
Mnemosyne	2005	stephanus	83	18
Mnemosyne	2006	ambiguous	62	14
Mnemosyne	2006	bekker	59	12
Mnemosyne	2006	homer	60	11
Mnemosyne	2006	nt	2	1
Mnemosyne	2006	pindar	6	4
Mnemosyne	2006	stephanus	39	12
Mnemosyne	2007	ambiguous	361	28
Mnemosyne	2007	bekker	61	12
Mnemosyne	2007	homer	18	9
Mnemosyne	2007	pindar	1	1
Mnemosyne	2007	stephanus	218	12
Mnemosyne	2008	ambiguous	141	31
Mnemosyne	2008	bekker	82	11
Mnemosyne	2008	homer	45	16
Mnemosyne	2008	pindar	39	6
Mnemosyne	2008	stephanus	94	20
Mnemosyne	2009	ambiguous	357	31
Mnemosyne	2009	bekker	78	11
Mnemosyne	2009	homer	27	11
Mnemosyne	2009	stephanus	107	17
Mnemosyne	2010	ambiguous	63	26
Mnemosyne	2010	bekker	44	9
Mnemosyne	2010	homer	77	13
Mnemosyne	2010	stephanus	35	8
Mnemosyne	2011	ambiguous	98	29
Mnemosyne	2011	bekker	36	10
Mnemosyne	2011	homer	53	19
Mnemosyne	2011	pindar	12	6
Mnemosyne	2011	stephanus	64	19
Mnemosyne	2012	ambiguous	86	29
Mnemosyne	2012	bekker	65	12
Mnemosyne	2012	homer	93	19
Mnemosyne	2012	pindar	4	4
Mnemosyne	2012	stephanus	25	14
Mnemosyne	2013	ambiguous	96	20
Mnemosyne	2013	bekker	67	10
Mnemosyne	2013	homer	145	29
Mnemosyne	2013	nt	1	1
Mnemosyne	2013	pindar	38	2
Mnemosyne	2013	stephanus	42	13
Mnemosyne	2014	ambiguous	77	24
Mnemosyne	2014	bekker	173	30
Mnemosyne	2014	homer	113	28
Mnemosyne	2014	nt	1	1
Mnemosyne	2014	pindar	4	3
Mnemosyne	2014	stephanus	72	20
Mnemosyne	2015	ambiguous	167	46
Mnemosyne	2015	bekker	100	18
Mnemosyne	2015	homer	75	23
Mnemosyne	2015	pindar	4	4
Mnemosyne	2015	stephanus	105	24
Mnemosyne	2016	ambiguous	130	28
Mnemosyne	2016	bekker	215	20
Mnemosyne	2016	homer	94	14
Mnemosyne	2016	pindar	4	1
Mnemosyne	2016	stephanus	101	20
Mnemosyne	2017	ambiguous	148	37
Mnemosyne	2017	bekker	149	24
Mnemosyne	2017	homer	408	40
Mnemosyne	2017	pindar	5	3
Mnemosyne	2017	stephanus	107	25
Mnemosyne	2018	ambiguous	289	49
Mnemosyne	2018	bekker	247	31
Mnemosyne	2018	homer	199	32
Mnemosyne	2018	pindar	16	8
Mnemosyne	2018	stephanus	194	36
Mnemosyne	2019	ambiguous	419	36
Mnemosyne	2019	bekker	251	33
Mnemosyne	2019	homer	106	24
Mnemosyne	2019	nt	1	1
Mnemosyne	2019	pindar	12	3
Mnemosyne	2019	stephanus	321	30
Mnemosyne	2020	ambiguous	198	26
Mnemosyne	2020	bekker	161	25
Mnemosyne	2020	homer	360	28
Mnemosyne	2020	pindar	12	5
Mnemosyne	2020	stephanus	199	28
Mnemosyne	2021	ambiguous	258	30
Mnemosyne	2021	bekker	226	24
Mnemosyne	2021	homer	275	22
Mnemosyne	2021	pindar	6	3
Mnemosyne	2021	stephanus	188	23
Mnemosyne	2022	ambiguous	122	33
Mnemosyne	2022	bekker	239	21
Mnemosyne	2022	homer	160	12
Mnemosyne	2022	pindar	13	6
Mnemosyne	2022	stephanus	60	20
Méthexis	1991	ambiguous	107	14
Méthexis	1991	bekker	97	8
Méthexis	1991	stephanus	114	7
Méthexis	1992	ambiguous	89	13
Méthexis	1992	bekker	40	6
Méthexis	1992	stephanus	79	10
Méthexis	1993	ambiguous	302	24
Méthexis	1993	bekker	54	13
Méthexis	1993	stephanus	303	21
Méthexis	1994	ambiguous	281	23
Méthexis	1994	bekker	50	8
Méthexis	1994	stephanus	312	20
Méthexis	1995	ambiguous	222	9
Méthexis	1995	bekker	14	7
Méthexis	1995	stephanus	237	14
Méthexis	1996	ambiguous	229	14
Méthexis	1996	bekker	44	5
Méthexis	1996	stephanus	264	15
Méthexis	1997	ambiguous	191	16
Méthexis	1997	bekker	79	7
Méthexis	1997	homer	2	1
Méthexis	1997	stephanus	114	12
Méthexis	1998	ambiguous	154	11
Méthexis	1998	bekker	57	7
Méthexis	1998	homer	2	1
Méthexis	1998	stephanus	63	8
Méthexis	1999	ambiguous	77	16
Méthexis	1999	bekker	55	8
Méthexis	1999	stephanus	64	11
Méthexis	2000	ambiguous	177	15
Méthexis	2000	bekker	19	7
Méthexis	2000	homer	1	1
Méthexis	2000	stephanus	95	9
Méthexis	2001	ambiguous	273	13
Méthexis	2001	bekker	30	7
Méthexis	2001	stephanus	188	12
Méthexis	2002	ambiguous	126	13
Méthexis	2002	bekker	35	3
Méthexis	2002	homer	1	1
Méthexis	2002	stephanus	44	8
Méthexis	2003	ambiguous	133	9
Méthexis	2003	bekker	41	4
Méthexis	2003	stephanus	92	10
Méthexis	2004	ambiguous	148	11
Méthexis	2004	bekker	76	3
Méthexis	2004	stephanus	119	5
Méthexis	2005	ambiguous	141	11
Méthexis	2005	bekker	20	4
Méthexis	2005	homer	2	2
Méthexis	2005	stephanus	118	12
Méthexis	2006	ambiguous	296	16
Méthexis	2006	bekker	158	11
Méthexis	2006	stephanus	77	7
Méthexis	2007	ambiguous	267	12
Méthexis	2007	bekker	101	6
Méthexis	2007	homer	1	1
Méthexis	2007	stephanus	123	9
Méthexis	2008	ambiguous	93	12
Méthexis	2008	bekker	166	6
Méthexis	2008	stephanus	54	7
Méthexis	2009	ambiguous	146	7
Méthexis	2009	bekker	26	5
Méthexis	2009	homer	1	1
Méthexis	2009	stephanus	104	7
Méthexis	2010	ambiguous	116	9
Méthexis	2010	bekker	89	4
Méthexis	2010	stephanus	66	6
Méthexis	2011	ambiguous	247	12
Méthexis	2011	bekker	29	4
Méthexis	2011	homer	1	1
Méthexis	2011	stephanus	198	12
Méthexis	2012	ambiguous	111	12
Méthexis	2012	bekker	55	6
Méthexis	2012	stephanus	50	11
Méthexis	2013	ambiguous	202	11
Méthexis	2013	bekker	93	7
Méthexis	2013	homer	2	1
Méthexis	2013	stephanus	172	10
Méthexis	2014	ambiguous	330	15
Méthexis	2014	bekker	59	8
Méthexis	2014	homer	13	2
Méthexis	2014	stephanus	239	13
Méthexis	2016	ambiguous	224	8
Méthexis	2016	bekker	268	7
Méthexis	2016	stephanus	85	6
Méthexis	2017	ambiguous	101	9
Méthexis	2017	bekker	115	9
Méthexis	2017	homer	5	2
Méthexis	2017	stephanus	75	7
Méthexis	2018	ambiguous	233	11
Méthexis	2018	bekker	112	8
Méthexis	2018	homer	6	3
Méthexis	2018	stephanus	99	10
Méthexis	2019	ambiguous	187	9
Méthexis	2019	bekker	63	7
Méthexis	2019	stephanus	130	8
Méthexis	2020	ambiguous	391	10
Méthexis	2020	bekker	24	6
Méthexis	2020	homer	2	2
Méthexis	2020	stephanus	229	10
Méthexis	2021	ambiguous	212	10
Méthexis	2021	bekker	55	6
Méthexis	2021	homer	3	3
Méthexis	2021	pindar	1	1
Méthexis	2021	stephanus	233	10
Méthexis	2022	ambiguous	115	7
Méthexis	2022	bekker	56	5
Méthexis	2022	stephanus	167	6
Neotestamentica	1967	ambiguous	10	4
Neotestamentica	1967	bekker	4	2
Neotestamentica	1967	nt	25	7
Neotestamentica	1967	stephanus	2	2
Neotestamentica	1968	ambiguous	21	4
Neotestamentica	1968	nt	6	4
Neotestamentica	1968	stephanus	2	2
Neotestamentica	1969	ambiguous	14	1
Neotestamentica	1969	nt	33	6
Neotestamentica	1969	stephanus	2	1
Neotestamentica	1970	nt	19	5
Neotestamentica	1970	stephanus	5	2
Neotestamentica	1971	ambiguous	5	2
Neotestamentica	1971	nt	22	6
Neotestamentica	1972	ambiguous	2	2
Neotestamentica	1972	nt	4	1
Neotestamentica	1972	stephanus	1	1
Neotestamentica	1973	ambiguous	41	2
Neotestamentica	1973	bekker	1	1
Neotestamentica	1973	nt	4	2
Neotestamentica	1973	stephanus	1	1
Neotestamentica	1974	ambiguous	3	2
Neotestamentica	1974	nt	11	3
Neotestamentica	1974	stephanus	1	1
Neotestamentica	1975	ambiguous	26	3
Neotestamentica	1975	nt	19	4
Neotestamentica	1975	stephanus	6	1
Neotestamentica	1976	ambiguous	8	1
Neotestamentica	1976	nt	297	7
Neotestamentica	1977	ambiguous	90	7
Neotestamentica	1977	nt	3	1
Neotestamentica	1977	stephanus	46	1
Neotestamentica	1978	ambiguous	11	4
Neotestamentica	1978	bekker	1	1
Neotestamentica	1978	nt	2	1
Neotestamentica	1978	stephanus	1	1
Neotestamentica	1979	ambiguous	23	3
Neotestamentica	1979	homer	2	2
Neotestamentica	1979	nt	1	1
Neotestamentica	1979	stephanus	5	1
Neotestamentica	1980	ambiguous	68	7
Neotestamentica	1980	bekker	13	3
Neotestamentica	1980	nt	19	5
Neotestamentica	1980	stephanus	6	3
Neotestamentica	1981	ambiguous	51	7
Neotestamentica	1981	bekker	48	7
Neotestamentica	1981	nt	59	8
Neotestamentica	1981	stephanus	2	2
Neotestamentica	1982	ambiguous	17	6
Neotestamentica	1982	bekker	10	3
Neotestamentica	1982	stephanus	2	1
Neotestamentica	1983	ambiguous	4	2
Neotestamentica	1983	bekker	82	7
Neotestamentica	1983	nt	10	2
Neotestamentica	1983	stephanus	1	1
Neotestamentica	1984	ambiguous	2	1
Neotestamentica	1984	bekker	32	4
Neotestamentica	1985	ambiguous	2	1
Neotestamentica	1985	bekker	10	2
Neotestamentica	1985	nt	6	3
Neotestamentica	1985	stephanus	8	4
Neotestamentica	1986	ambiguous	6	2
Neotestamentica	1986	bekker	23	2
Neotestamentica	1986	nt	11	3
Neotestamentica	1987	ambiguous	10	3
Neotestamentica	1987	bekker	14	4
Neotestamentica	1987	homer	1	1
Neotestamentica	1987	nt	54	6
Neotestamentica	1987	stephanus	1	1
Neotestamentica	1988	ambiguous	75	13
Neotestamentica	1988	bekker	117	13
Neotestamentica	1988	nt	10	3
Neotestamentica	1988	stephanus	2	2
Neotestamentica	1989	ambiguous	80	11
Neotestamentica	1989	bekker	105	12
Neotestamentica	1989	nt	65	9
Neotestamentica	1989	stephanus	24	3
Neotestamentica	1990	ambiguous	87	11
Neotestamentica	1990	bekker	114	7
Neotestamentica	1990	nt	18	10
Neotestamentica	1990	stephanus	22	9
Neotestamentica	1991	ambiguous	29	12
Neotestamentica	1991	bekker	166	15
Neotestamentica	1991	nt	17	9
Neotestamentica	1991	stephanus	17	5
Neotestamentica	1992	ambiguous	301	19
Neotestamentica	1992	bekker	96	10
Neotestamentica	1992	homer	2	2
Neotestamentica	1992	nt	76	13
Neotestamentica	1992	stephanus	89	12
Neotestamentica	1993	ambiguous	153	13
Neotestamentica	1993	bekker	135	12
Neotestamentica	1993	nt	54	12
Neotestamentica	1993	stephanus	56	2
Neotestamentica	1994	ambiguous	78	18
Neotestamentica	1994	bekker	654	27
Neotestamentica	1994	nt	72	13
Neotestamentica	1994	stephanus	29	4
Neotestamentica	1995	ambiguous	25	13
Neotestamentica	1995	bekker	209	15
Neotestamentica	1995	nt	50	6
Neotestamentica	1995	stephanus	5	4
Neotestamentica	1996	ambiguous	34	9
Neotestamentica	1996	bekker	135	10
Neotestamentica	1996	nt	53	7
Neotestamentica	1996	stephanus	9	6
Neotestamentica	1997	ambiguous	66	13
Neotestamentica	1997	bekker	77	9
Neotestamentica	1997	homer	1	1
Neotestamentica	1997	nt	69	6
Neotestamentica	1997	stephanus	12	5
Neotestamentica	1998	ambiguous	42	11
Neotestamentica	1998	bekker	197	20
Neotestamentica	1998	homer	1	1
Neotestamentica	1998	nt	116	15
Neotestamentica	1998	stephanus	13	7
Neotestamentica	1999	ambiguous	69	10
Neotestamentica	1999	bekker	122	11
Neotestamentica	1999	homer	2	2
Neotestamentica	1999	nt	56	12
Neotestamentica	1999	stephanus	17	8
Neotestamentica	2000	ambiguous	74	12
Neotestamentica	2000	bekker	123	12
Neotestamentica	2000	homer	1	1
Neotestamentica	2000	nt	209	9
Neotestamentica	2000	stephanus	6	4
Neotestamentica	2001	ambiguous	33	6
Neotestamentica	2001	bekker	38	8
Neotestamentica	2001	nt	74	10
Neotestamentica	2001	pindar	1	1
Neotestamentica	2001	stephanus	14	4
Neotestamentica	2002	ambiguous	23	6
Neotestamentica	2002	bekker	50	5
Neotestamentica	2002	nt	83	11
Neotestamentica	2002	stephanus	5	4
Neotestamentica	2003	ambiguous	37	9
Neotestamentica	2003	bekker	79	7
Neotestamentica	2003	homer	1	1
Neotestamentica	2003	nt	195	12
Neotestamentica	2003	stephanus	9	3
Neotestamentica	2004	ambiguous	31	9
Neotestamentica	2004	bekker	32	6
Neotestamentica	2004	nt	94	7
Neotestamentica	2004	stephanus	3	2
Neotestamentica	2005	ambiguous	18	9
Neotestamentica	2005	bekker	45	6
Neotestamentica	2005	nt	281	13
Neotestamentica	2005	stephanus	2	2
Neotestamentica	2006	ambiguous	24	8
Neotestamentica	2006	bekker	52	8
Neotestamentica	2006	nt	148	15
Neotestamentica	2006	stephanus	3	3
Neotestamentica	2007	ambiguous	59	14
Neotestamentica	2007	bekker	46	6
Neotestamentica	2007	homer	2	2
Neotestamentica	2007	nt	67	8
Neotestamentica	2007	stephanus	13	6
Neotestamentica	2008	ambiguous	66	13
Neotestamentica	2008	bekker	111	8
Neotestamentica	2008	nt	189	19
Neotestamentica	2008	stephanus	14	9
Neotestamentica	2009	ambiguous	33	11
Neotestamentica	2009	bekker	91	10
Neotestamentica	2009	nt	415	14
Neotestamentica	2009	stephanus	6	4
Neotestamentica	2010	ambiguous	83	14
Neotestamentica	2010	bekker	63	8
Neotestamentica	2010	homer	2	2
Neotestamentica	2010	nt	406	22
Neotestamentica	2010	stephanus	16	9
Neotestamentica	2011	ambiguous	54	14
Neotestamentica	2011	bekker	106	11
Neotestamentica	2011	nt	319	15
Neotestamentica	2011	stephanus	11	5
Neotestamentica	2012	ambiguous	42	18
Neotestamentica	2012	bekker	105	10
Neotestamentica	2012	nt	583	20
Neotestamentica	2012	stephanus	12	9
Neotestamentica	2013	ambiguous	87	11
Neotestamentica	2013	bekker	72	10
Neotestamentica	2013	homer	1	1
Neotestamentica	2013	nt	108	14
Neotestamentica	2013	stephanus	19	6
Neotestamentica	2014	ambiguous	61	8
Neotestamentica	2014	bekker	107	10
Neotestamentica	2014	homer	1	1
Neotestamentica	2014	nt	142	19
Neotestamentica	2014	stephanus	5	4
Neotestamentica	2015	ambiguous	81	13
Neotestamentica	2015	bekker	123	11
Neotestamentica	2015	nt	753	16
Neotestamentica	2015	stephanus	4	4
Neotestamentica	2016	ambiguous	75	21
Neotestamentica	2016	bekker	120	11
Neotestamentica	2016	homer	4	4
Neotestamentica	2016	nt	557	26
Neotestamentica	2016	stephanus	12	4
Neotestamentica	2017	ambiguous	85	12
Neotestamentica	2017	bekker	70	5
Neotestamentica	2017	homer	5	1
Neotestamentica	2017	nt	228	10
Neotestamentica	2017	stephanus	6	5
Neotestamentica	2018	ambiguous	66	13
Neotestamentica	2018	bekker	215	13
Neotestamentica	2018	homer	4	1
Neotestamentica	2018	nt	488	18
Neotestamentica	2018	stephanus	15	7
Neotestamentica	2019	ambiguous	55	16
Neotestamentica	2019	bekker	136	14
Neotestamentica	2019	homer	9	1
Neotestamentica	2019	nt	396	19
Neotestamentica	2019	stephanus	7	6
Neotestamentica	2020	ambiguous	36	12
Neotestamentica	2020	bekker	83	8
Neotestamentica	2020	nt	249	15
Neotestamentica	2020	stephanus	7	5
Neotestamentica	2021	ambiguous	53	17
Neotestamentica	2021	bekker	153	10
Neotestamentica	2021	homer	9	1
Neotestamentica	2021	nt	240	19
Neotestamentica	2021	pindar	2	1
Neotestamentica	2021	stephanus	8	4
Neotestamentica	2022	ambiguous	29	11
Neotestamentica	2022	bekker	76	7
Neotestamentica	2022	nt	406	17
Neotestamentica	2022	stephanus	3	3
Novum Testamentum	1956	ambiguous	42	6
Novum Testamentum	1956	nt	1	1
Novum Testamentum	1956	stephanus	13	5
Novum Testamentum	1957	ambiguous	8	5
Novum Testamentum	1957	stephanus	2	1
Novum Testamentum	1958	ambiguous	57	4
Novum Testamentum	1958	homer	1	1
Novum Testamentum	1958	stephanus	1	1
Novum Testamentum	1959	ambiguous	14	3
Novum Testamentum	1959	bekker	1	1
Novum Testamentum	1959	stephanus	3	1
Novum Testamentum	1960	ambiguous	15	6
Novum Testamentum	1960	stephanus	5	5
Novum Testamentum	1962	ambiguous	40	9
Novum Testamentum	1962	bekker	1	1
Novum Testamentum	1962	stephanus	7	2
Novum Testamentum	1963	ambiguous	20	8
Novum Testamentum	1963	homer	3	2
Novum Testamentum	1963	stephanus	2	1
Novum Testamentum	1964	ambiguous	95	4
Novum Testamentum	1964	stephanus	3	2
Novum Testamentum	1965	ambiguous	12	3
Novum Testamentum	1965	bekker	5	1
Novum Testamentum	1965	stephanus	2	1
Novum Testamentum	1966	ambiguous	26	7
Novum Testamentum	1966	stephanus	3	2
Novum Testamentum	1967	ambiguous	48	8
Novum Testamentum	1967	bekker	1	1
Novum Testamentum	1967	stephanus	8	3
Novum Testamentum	1968	ambiguous	207	8
Novum Testamentum	1968	homer	1	1
Novum Testamentum	1968	stephanus	18	3
Novum Testamentum	1969	ambiguous	26	7
Novum Testamentum	1969	bekker	1	1
Novum Testamentum	1969	stephanus	13	3
Novum Testamentum	1970	ambiguous	58	9
Novum Testamentum	1970	homer	1	1
Novum Testamentum	1970	nt	5	1
Novum Testamentum	1970	stephanus	11	4
Novum Testamentum	1971	ambiguous	67	11
Novum Testamentum	1971	stephanus	31	5
Novum Testamentum	1972	ambiguous	20	10
Novum Testamentum	1972	stephanus	9	4
Novum Testamentum	1973	ambiguous	90	14
Novum Testamentum	1973	bekker	1	1
Novum Testamentum	1973	homer	3	2
Novum Testamentum	1973	stephanus	7	6
Novum Testamentum	1974	ambiguous	139	11
Novum Testamentum	1974	homer	2	1
Novum Testamentum	1974	stephanus	7	4
Novum Testamentum	1975	ambiguous	28	9
Novum Testamentum	1975	bekker	1	1
Novum Testamentum	1975	stephanus	10	8
Novum Testamentum	1976	ambiguous	98	10
Novum Testamentum	1976	bekker	1	1
Novum Testamentum	1976	stephanus	3	2
Novum Testamentum	1977	ambiguous	33	12
Novum Testamentum	1977	bekker	1	1
Novum Testamentum	1977	homer	1	1
Novum Testamentum	1977	nt	1	1
Novum Testamentum	1977	stephanus	6	4
Novum Testamentum	1978	ambiguous	173	13
Novum Testamentum	1978	nt	1	1
Novum Testamentum	1978	stephanus	49	5
Novum Testamentum	1979	ambiguous	113	14
Novum Testamentum	1979	bekker	6	2
Novum Testamentum	1979	homer	3	2
Novum Testamentum	1979	stephanus	20	6
Novum Testamentum	1980	ambiguous	57	14
Novum Testamentum	1980	bekker	4	2
Novum Testamentum	1980	homer	1	1
Novum Testamentum	1980	nt	1	1
Novum Testamentum	1980	stephanus	22	7
Novum Testamentum	1981	ambiguous	45	13
Novum Testamentum	1981	homer	1	1
Novum Testamentum	1981	nt	1	1
Novum Testamentum	1981	stephanus	8	5
Novum Testamentum	1982	ambiguous	71	15
Novum Testamentum	1982	nt	42	12
Novum Testamentum	1982	stephanus	13	4
Novum Testamentum	1983	ambiguous	85	16
Novum Testamentum	1983	bekker	21	4
Novum Testamentum	1983	homer	2	2
Novum Testamentum	1983	nt	344	17
Novum Testamentum	1983	stephanus	52	7
Novum Testamentum	1984	ambiguous	170	19
Novum Testamentum	1984	bekker	3	2
Novum Testamentum	1984	homer	1	1
Novum Testamentum	1984	nt	153	18
Novum Testamentum	1984	stephanus	13	8
Novum Testamentum	1985	ambiguous	112	18
Novum Testamentum	1985	bekker	5	4
Novum Testamentum	1985	nt	333	18
Novum Testamentum	1985	stephanus	14	6
Novum Testamentum	1986	ambiguous	224	22
Novum Testamentum	1986	bekker	5	2
Novum Testamentum	1986	homer	6	2
Novum Testamentum	1986	nt	86	14
Novum Testamentum	1986	stephanus	14	9
Novum Testamentum	1987	ambiguous	90	20
Novum Testamentum	1987	bekker	15	3
Novum Testamentum	1987	homer	3	1
Novum Testamentum	1987	nt	185	18
Novum Testamentum	1987	stephanus	71	9
Novum Testamentum	1988	ambiguous	89	18
Novum Testamentum	1988	bekker	63	2
Novum Testamentum	1988	homer	1	1
Novum Testamentum	1988	nt	204	21
Novum Testamentum	1988	stephanus	21	8
Novum Testamentum	1989	ambiguous	126	20
Novum Testamentum	1989	bekker	21	3
Novum Testamentum	1989	homer	1	1
Novum Testamentum	1989	nt	192	19
Novum Testamentum	1989	stephanus	32	4
Novum Testamentum	1990	ambiguous	156	20
Novum Testamentum	1990	bekker	10	4
Novum Testamentum	1990	homer	17	2
Novum Testamentum	1990	nt	179	20
Novum Testamentum	1990	stephanus	48	10
Novum Testamentum	1991	ambiguous	64	14
Novum Testamentum	1991	bekker	4	1
Novum Testamentum	1991	homer	1	1
Novum Testamentum	1991	nt	690	19
Novum Testamentum	1991	stephanus	10	4
Novum Testamentum	1992	ambiguous	344	21
Novum Testamentum	1992	bekker	19	6
Novum Testamentum	1992	nt	161	19
Novum Testamentum	1992	stephanus	77	11
Novum Testamentum	1993	ambiguous	150	19
Novum Testamentum	1993	bekker	36	2
Novum Testamentum	1993	homer	19	3
Novum Testamentum	1993	nt	249	18
Novum Testamentum	1993	pindar	2	1
Novum Testamentum	1993	stephanus	20	8
Novum Testamentum	1994	ambiguous	186	17
Novum Testamentum	1994	bekker	2	2
Novum Testamentum	1994	nt	364	20
Novum Testamentum	1994	stephanus	13	7
Novum Testamentum	1995	ambiguous	132	23
Novum Testamentum	1995	bekker	5	3
Novum Testamentum	1995	nt	258	17
Novum Testamentum	1995	stephanus	47	11
Novum Testamentum	1996	ambiguous	107	23
Novum Testamentum	1996	bekker	5	2
Novum Testamentum	1996	nt	416	22
Novum Testamentum	1996	stephanus	36	12
Novum Testamentum	1997	ambiguous	108	21
Novum Testamentum	1997	bekker	14	2
Novum Testamentum	1997	nt	341	28
Novum Testamentum	1997	stephanus	60	11
Novum Testamentum	1998	ambiguous	194	16
Novum Testamentum	1998	bekker	9	2
Novum Testamentum	1998	nt	363	20
Novum Testamentum	1998	stephanus	31	9
Novum Testamentum	1999	ambiguous	104	20
Novum Testamentum	1999	nt	276	19
Novum Testamentum	1999	stephanus	15	7
Novum Testamentum	2000	ambiguous	56	22
Novum Testamentum	2000	bekker	64	3
Novum Testamentum	2000	homer	1	1
Novum Testamentum	2000	nt	467	21
Novum Testamentum	2000	stephanus	9	6
Novum Testamentum	2001	ambiguous	137	19
Novum Testamentum	2001	bekker	12	2
Novum Testamentum	2001	homer	1	1
Novum Testamentum	2001	nt	168	12
Novum Testamentum	2001	stephanus	16	6
Novum Testamentum	2002	ambiguous	47	18
Novum Testamentum	2002	homer	1	1
Novum Testamentum	2002	nt	345	24
Novum Testamentum	2002	stephanus	20	8
Novum Testamentum	2003	ambiguous	136	17
Novum Testamentum	2003	homer	1	1
Novum Testamentum	2003	nt	225	22
Novum Testamentum	2003	stephanus	48	8
Novum Testamentum	2004	ambiguous	133	18
Novum Testamentum	2004	bekker	43	1
Novum Testamentum	2004	homer	1	1
Novum Testamentum	2004	nt	351	21
Novum Testamentum	2004	stephanus	13	7
Novum Testamentum	2005	ambiguous	138	19
Novum Testamentum	2005	bekker	1	1
Novum Testamentum	2005	homer	1	1
Novum Testamentum	2005	nt	341	30
Novum Testamentum	2005	stephanus	28	9
Novum Testamentum	2006	ambiguous	86	12
Novum Testamentum	2006	bekker	2	2
Novum Testamentum	2006	nt	199	25
Novum Testamentum	2006	stephanus	22	5
Novum Testamentum	2007	ambiguous	186	18
Novum Testamentum	2007	bekker	3	2
Novum Testamentum	2007	homer	1	1
Novum Testamentum	2007	nt	428	21
Novum Testamentum	2007	stephanus	26	8
Novum Testamentum	2008	ambiguous	110	11
Novum Testamentum	2008	bekker	2	2
Novum Testamentum	2008	nt	324	19
Novum Testamentum	2008	stephanus	43	7
Novum Testamentum	2009	ambiguous	68	14
Novum Testamentum	2009	bekker	24	1
Novum Testamentum	2009	nt	245	20
Novum Testamentum	2009	stephanus	22	9
Novum Testamentum	2010	ambiguous	129	19
Novum Testamentum	2010	bekker	13	3
Novum Testamentum	2010	homer	3	2
Novum Testamentum	2010	nt	365	18
Novum Testamentum	2010	stephanus	98	11
Novum Testamentum	2011	ambiguous	103	18
Novum Testamentum	2011	bekker	6	4
Novum Testamentum	2011	homer	13	2
Novum Testamentum	2011	nt	264	17
Novum Testamentum	2011	stephanus	63	12
Novum Testamentum	2012	ambiguous	63	16
Novum Testamentum	2012	bekker	11	3
Novum Testamentum	2012	homer	2	1
Novum Testamentum	2012	nt	242	12
Novum Testamentum	2012	stephanus	14	5
Novum Testamentum	2013	ambiguous	124	18
Novum Testamentum	2013	homer	1	1
Novum Testamentum	2013	nt	547	21
Novum Testamentum	2013	stephanus	25	9
Novum Testamentum	2014	ambiguous	86	15
Novum Testamentum	2014	homer	6	3
Novum Testamentum	2014	nt	324	14
Novum Testamentum	2014	stephanus	15	9
Novum Testamentum	2015	ambiguous	73	15
Novum Testamentum	2015	bekker	4	2
Novum Testamentum	2015	homer	1	1
Novum Testamentum	2015	nt	291	16
Novum Testamentum	2015	stephanus	15	9
Novum Testamentum	2016	ambiguous	52	13
Novum Testamentum	2016	bekker	4	4
Novum Testamentum	2016	homer	4	3
Novum Testamentum	2016	nt	66	11
Novum Testamentum	2016	stephanus	33	9
Novum Testamentum	2017	ambiguous	23	12
Novum Testamentum	2017	bekker	1	1
Novum Testamentum	2017	homer	21	4
Novum Testamentum	2017	nt	271	16
Novum Testamentum	2017	pindar	1	1
Novum Testamentum	2017	stephanus	12	6
Novum Testamentum	2018	ambiguous	77	15
Novum Testamentum	2018	bekker	5	2
Novum Testamentum	2018	homer	4	3
Novum Testamentum	2018	nt	197	12
Novum Testamentum	2018	stephanus	21	9
Novum Testamentum	2019	ambiguous	112	16
Novum Testamentum	2019	bekker	8	3
Novum Testamentum	2019	homer	6	4
Novum Testamentum	2019	nt	343	14
Novum Testamentum	2019	stephanus	44	11
Novum Testamentum	2020	ambiguous	139	17
Novum Testamentum	2020	bekker	9	5
Novum Testamentum	2020	homer	13	4
Novum Testamentum	2020	nt	218	18
Novum Testamentum	2020	pindar	1	1
Novum Testamentum	2020	stephanus	35	14
Novum Testamentum	2021	ambiguous	117	22
Novum Testamentum	2021	bekker	4	3
Novum Testamentum	2021	homer	4	3
Novum Testamentum	2021	nt	407	19
Novum Testamentum	2021	stephanus	30	8
Novum Testamentum	2022	ambiguous	124	16
Novum Testamentum	2022	bekker	6	2
Novum Testamentum	2022	nt	255	13
Novum Testamentum	2022	pindar	2	1
Novum Testamentum	2022	stephanus	27	6
Phronesis	1955	ambiguous	43	5
Phronesis	1955	stephanus	15	3
Phronesis	1956	ambiguous	30	5
Phronesis	1956	bekker	1	1
Phronesis	1956	stephanus	8	2
Phronesis	1957	ambiguous	71	13
Phronesis	1957	bekker	19	3
Phronesis	1957	homer	1	1
Phronesis	1957	stephanus	62	10
Phronesis	1958	ambiguous	58	11
Phronesis	1958	bekker	4	2
Phronesis	1958	stephanus	36	6
Phronesis	1959	ambiguous	64	11
Phronesis	1959	homer	1	1
Phronesis	1959	stephanus	83	9
Phronesis	1960	ambiguous	213	15
Phronesis	1960	bekker	1	1
Phronesis	1960	stephanus	187	13
Phronesis	1961	ambiguous	221	11
Phronesis	1961	bekker	5	2
Phronesis	1961	stephanus	69	12
Phronesis	1962	ambiguous	208	9
Phronesis	1962	bekker	7	2
Phronesis	1962	homer	13	3
Phronesis	1962	stephanus	64	7
Phronesis	1963	ambiguous	53	11
Phronesis	1963	homer	5	2
Phronesis	1963	stephanus	23	7
Phronesis	1964	ambiguous	221	18
Phronesis	1964	bekker	18	6
Phronesis	1964	homer	3	2
Phronesis	1964	stephanus	194	13
Phronesis	1965	ambiguous	238	15
Phronesis	1965	bekker	104	8
Phronesis	1965	homer	2	1
Phronesis	1965	stephanus	158	11
Phronesis	1966	ambiguous	182	11
Phronesis	1966	bekker	83	4
Phronesis	1966	homer	3	2
Phronesis	1966	stephanus	62	5
Phronesis	1967	ambiguous	97	9
Phronesis	1967	bekker	8	3
Phronesis	1967	homer	6	1
Phronesis	1967	stephanus	107	8
Phronesis	1968	ambiguous	156	15
Phronesis	1968	bekker	23	4
Phronesis	1968	stephanus	143	8
Phronesis	1969	ambiguous	165	11
Phronesis	1969	bekker	57	7
Phronesis	1969	homer	1	1
Phronesis	1969	stephanus	33	9
Phronesis	1970	ambiguous	4	3
Phronesis	1970	stephanus	4	4
Phronesis	1971	ambiguous	13	7
Phronesis	1971	homer	1	1
Phronesis	1971	stephanus	18	8
Phronesis	1972	ambiguous	13	8
Phronesis	1972	homer	8	2
Phronesis	1972	pindar	2	1
Phronesis	1972	stephanus	13	8
Phronesis	1973	ambiguous	14	8
Phronesis	1973	bekker	2	1
Phronesis	1973	homer	1	1
Phronesis	1973	stephanus	11	6
Phronesis	1974	ambiguous	57	8
Phronesis	1974	bekker	3	2
Phronesis	1974	homer	6	1
Phronesis	1974	pindar	1	1
Phronesis	1974	stephanus	67	9
Phronesis	1975	ambiguous	29	5
Phronesis	1975	bekker	2	1
Phronesis	1975	stephanus	41	6
Phronesis	1976	ambiguous	26	7
Phronesis	1976	bekker	1	1
Phronesis	1976	homer	2	1
Phronesis	1976	stephanus	36	10
Phronesis	1977	ambiguous	70	10
Phronesis	1977	bekker	9	3
Phronesis	1977	homer	6	2
Phronesis	1977	pindar	10	1
Phronesis	1977	stephanus	50	9
Phronesis	1978	ambiguous	181	17
Phronesis	1978	bekker	1	1
Phronesis	1978	homer	13	3
Phronesis	1978	stephanus	142	9
Phronesis	1979	ambiguous	317	14
Phronesis	1979	bekker	6	5
Phronesis	1979	homer	7	1
Phronesis	1979	stephanus	496	17
Phronesis	1980	ambiguous	429	17
Phronesis	1980	bekker	92	8
Phronesis	1980	stephanus	371	9
Phronesis	1981	ambiguous	457	21
Phronesis	1981	bekker	107	11
Phronesis	1981	homer	28	3
Phronesis	1981	stephanus	215	12
Phronesis	1982	ambiguous	226	15
Phronesis	1982	bekker	75	11
Phronesis	1982	homer	3	1
Phronesis	1982	pindar	1	1
Phronesis	1982	stephanus	132	11
Phronesis	1983	ambiguous	266	12
Phronesis	1983	bekker	40	8
Phronesis	1983	homer	5	1
Phronesis	1983	stephanus	110	6
Phronesis	1984	ambiguous	417	21
Phronesis	1984	bekker	164	9
Phronesis	1984	homer	3	3
Phronesis	1984	stephanus	168	10
Phronesis	1985	ambiguous	302	16
Phronesis	1985	bekker	253	8
Phronesis	1985	homer	2	2
Phronesis	1985	stephanus	194	14
Phronesis	1986	ambiguous	216	14
Phronesis	1986	bekker	73	6
Phronesis	1986	stephanus	70	6
Phronesis	1987	ambiguous	277	13
Phronesis	1987	bekker	218	11
Phronesis	1987	homer	1	1
Phronesis	1987	stephanus	114	12
Phronesis	1988	ambiguous	237	12
Phronesis	1988	bekker	499	10
Phronesis	1988	homer	1	1
Phronesis	1988	stephanus	50	9
Phronesis	1989	ambiguous	261	16
Phronesis	1989	bekker	75	7
Phronesis	1989	homer	1	1
Phronesis	1989	stephanus	193	8
Phronesis	1990	ambiguous	346	18
Phronesis	1990	bekker	52	6
Phronesis	1990	stephanus	323	15
Phronesis	1991	ambiguous	224	16
Phronesis	1991	bekker	71	10
Phronesis	1991	homer	2	2
Phronesis	1991	stephanus	177	12
Phronesis	1992	ambiguous	393	14
Phronesis	1992	bekker	268	12
Phronesis	1992	stephanus	294	15
Phronesis	1993	ambiguous	115	15
Phronesis	1993	bekker	342	11
Phronesis	1993	homer	2	2
Phronesis	1993	stephanus	58	7
Phronesis	1994	ambiguous	193	19
Phronesis	1994	bekker	193	12
Phronesis	1994	homer	6	2
Phronesis	1994	stephanus	107	11
Phronesis	1995	ambiguous	449	18
Phronesis	1995	bekker	114	14
Phronesis	1995	homer	11	5
Phronesis	1995	stephanus	132	13
Phronesis	1996	ambiguous	663	18
Phronesis	1996	bekker	91	10
Phronesis	1996	homer	5	5
Phronesis	1996	stephanus	177	15
Phronesis	1997	ambiguous	268	21
Phronesis	1997	bekker	230	11
Phronesis	1997	stephanus	191	14
Phronesis	1998	ambiguous	282	17
Phronesis	1998	bekker	122	8
Phronesis	1998	stephanus	223	17
Phronesis	1999	ambiguous	294	18
Phronesis	1999	bekker	117	12
Phronesis	1999	homer	4	1
Phronesis	1999	pindar	2	1
Phronesis	1999	stephanus	75	13
Phronesis	2000	ambiguous	289	15
Phronesis	2000	bekker	22	9
Phronesis	2000	homer	2	2
Phronesis	2000	stephanus	279	11
Phronesis	2001	ambiguous	219	13
Phronesis	2001	bekker	30	7
Phronesis	2001	homer	3	3
Phronesis	2001	stephanus	196	12
Phronesis	2002	ambiguous	766	14
Phronesis	2002	bekker	123	8
Phronesis	2002	homer	4	1
Phronesis	2002	stephanus	213	11
Phronesis	2003	ambiguous	288	14
Phronesis	2003	bekker	76	6
Phronesis	2003	homer	1	1
Phronesis	2003	stephanus	333	16
Phronesis	2004	ambiguous	343	12
Phronesis	2004	bekker	70	5
Phronesis	2004	homer	2	2
Phronesis	2004	stephanus	322	9
Phronesis	2005	ambiguous	195	12
Phronesis	2005	bekker	53	11
Phronesis	2005	homer	23	2
Phronesis	2005	stephanus	158	10
Phronesis	2006	ambiguous	391	15
Phronesis	2006	bekker	112	9
Phronesis	2006	stephanus	206	12
Phronesis	2007	ambiguous	273	16
Phronesis	2007	bekker	105	8
Phronesis	2007	homer	1	1
Phronesis	2007	stephanus	94	8
Phronesis	2008	ambiguous	422	16
Phronesis	2008	bekker	133	8
Phronesis	2008	homer	4	2
Phronesis	2008	stephanus	139	13
Phronesis	2009	ambiguous	284	15
Phronesis	2009	bekker	120	11
Phronesis	2009	homer	7	2
Phronesis	2009	stephanus	160	9
Phronesis	2010	ambiguous	603	16
Phronesis	2010	bekker	125	7
Phronesis	2010	homer	3	1
Phronesis	2010	stephanus	180	10
Phronesis	2011	ambiguous	274	14
Phronesis	2011	bekker	357	11
Phronesis	2011	stephanus	173	13
Phronesis	2012	ambiguous	367	15
Phronesis	2012	bekker	130	10
Phronesis	2012	homer	2	1
Phronesis	2012	stephanus	202	12
Phronesis	2013	ambiguous	381	17
Phronesis	2013	bekker	67	7
Phronesis	2013	homer	1	1
Phronesis	2013	stephanus	179	7
Phronesis	2014	ambiguous	216	10
Phronesis	2014	bekker	12	4
Phronesis	2014	stephanus	231	14
Phronesis	2015	ambiguous	163	14
Phronesis	2015	bekker	36	6
Phronesis	2015	homer	43	3
Phronesis	2015	pindar	7	2
Phronesis	2015	stephanus	144	11
Phronesis	2016	ambiguous	203	14
Phronesis	2016	bekker	73	13
Phronesis	2016	stephanus	190	12
Phronesis	2017	ambiguous	147	15
Phronesis	2017	bekker	166	12
Phronesis	2017	homer	1	1
Phronesis	2017	stephanus	24	11
Phronesis	2018	ambiguous	720	18
Phronesis	2018	bekker	239	12
Phronesis	2018	homer	3	2
Phronesis	2018	stephanus	419	17
Phronesis	2019	ambiguous	507	15
Phronesis	2019	bekker	937	10
Phronesis	2019	homer	3	3
Phronesis	2019	stephanus	200	12
Phronesis	2020	ambiguous	985	16
Phronesis	2020	bekker	318	14
Phronesis	2020	homer	3	2
Phronesis	2020	stephanus	418	13
Phronesis	2021	ambiguous	509	16
Phronesis	2021	bekker	281	12
Phronesis	2021	homer	2	1
Phronesis	2021	pindar	1	1
Phronesis	2021	stephanus	210	11
Phronesis	2022	ambiguous	811	13
Phronesis	2022	bekker	428	13
Phronesis	2022	stephanus	214	9
Quaderni Urbinati di Cultura Classica	1966	ambiguous	19	3
Quaderni Urbinati di Cultura Classica	1966	bekker	1	1
Quaderni Urbinati di Cultura Classica	1966	homer	11	4
Quaderni Urbinati di Cultura Classica	1966	stephanus	2	2
Quaderni Urbinati di Cultura Classica	1967	ambiguous	24	7
Quaderni Urbinati di Cultura Classica	1967	homer	57	5
Quaderni Urbinati di Cultura Classica	1967	stephanus	23	4
Quaderni Urbinati di Cultura Classica	1968	ambiguous	35	6
Quaderni Urbinati di Cultura Classica	1968	homer	2	2
Quaderni Urbinati di Cultura Classica	1968	stephanus	3	3
Quaderni Urbinati di Cultura Classica	1969	ambiguous	221	8
Quaderni Urbinati di Cultura Classica	1969	bekker	288	1
Quaderni Urbinati di Cultura Classica	1969	homer	118	6
Quaderni Urbinati di Cultura Classica	1969	stephanus	4	2
Quaderni Urbinati di Cultura Classica	1970	ambiguous	7	3
Quaderni Urbinati di Cultura Classica	1970	bekker	1	1
Quaderni Urbinati di Cultura Classica	1970	homer	1	1
Quaderni Urbinati di Cultura Classica	1970	stephanus	11	1
Quaderni Urbinati di Cultura Classica	1971	ambiguous	5	3
Quaderni Urbinati di Cultura Classica	1971	bekker	1	1
Quaderni Urbinati di Cultura Classica	1971	homer	16	4
Quaderni Urbinati di Cultura Classica	1972	ambiguous	11	4
Quaderni Urbinati di Cultura Classica	1972	bekker	1	1
Quaderni Urbinati di Cultura Classica	1972	homer	9	6
Quaderni Urbinati di Cultura Classica	1972	stephanus	9	6
Quaderni Urbinati di Cultura Classica	1973	ambiguous	35	10
Quaderni Urbinati di Cultura Classica	1973	bekker	17	1
Quaderni Urbinati di Cultura Classica	1973	homer	93	3
Quaderni Urbinati di Cultura Classica	1973	stephanus	13	6
Quaderni Urbinati di Cultura Classica	1974	ambiguous	24	6
Quaderni Urbinati di Cultura Classica	1974	bekker	5	1
Quaderni Urbinati di Cultura Classica	1974	homer	26	4
Quaderni Urbinati di Cultura Classica	1974	stephanus	21	4
Quaderni Urbinati di Cultura Classica	1975	ambiguous	89	8
Quaderni Urbinati di Cultura Classica	1975	bekker	2	2
Quaderni Urbinati di Cultura Classica	1975	homer	32	5
Quaderni Urbinati di Cultura Classica	1975	stephanus	83	7
Quaderni Urbinati di Cultura Classica	1976	ambiguous	79	15
Quaderni Urbinati di Cultura Classica	1976	bekker	18	7
Quaderni Urbinati di Cultura Classica	1976	homer	46	9
Quaderni Urbinati di Cultura Classica	1976	pindar	4	1
Quaderni Urbinati di Cultura Classica	1976	stephanus	22	12
Quaderni Urbinati di Cultura Classica	1977	ambiguous	59	17
Quaderni Urbinati di Cultura Classica	1977	bekker	8	5
Quaderni Urbinati di Cultura Classica	1977	homer	60	10
Quaderni Urbinati di Cultura Classica	1977	stephanus	16	8
Quaderni Urbinati di Cultura Classica	1978	ambiguous	140	13
Quaderni Urbinati di Cultura Classica	1978	bekker	34	3
Quaderni Urbinati di Cultura Classica	1978	homer	17	6
Quaderni Urbinati di Cultura Classica	1978	pindar	2	2
Quaderni Urbinati di Cultura Classica	1978	stephanus	77	10
Quaderni Urbinati di Cultura Classica	1979	ambiguous	19	11
Quaderni Urbinati di Cultura Classica	1979	bekker	12	4
Quaderni Urbinati di Cultura Classica	1979	homer	20	13
Quaderni Urbinati di Cultura Classica	1979	pindar	4	3
Quaderni Urbinati di Cultura Classica	1979	stephanus	13	7
Quaderni Urbinati di Cultura Classica	1980	ambiguous	76	9
Quaderni Urbinati di Cultura Classica	1980	bekker	7	4
Quaderni Urbinati di Cultura Classica	1980	homer	20	9
Quaderni Urbinati di Cultura Classica	1980	stephanus	70	9
Quaderni Urbinati di Cultura Classica	1981	ambiguous	49	15
Quaderni Urbinati di Cultura Classica	1981	homer	63	12
Quaderni Urbinati di Cultura Classica	1981	stephanus	23	9
Quaderni Urbinati di Cultura Classica	1982	ambiguous	119	19
Quaderni Urbinati di Cultura Classica	1982	bekker	32	4
Quaderni Urbinati di Cultura Classica	1982	homer	51	12
Quaderni Urbinati di Cultura Classica	1982	stephanus	64	13
Quaderni Urbinati di Cultura Classica	1983	ambiguous	52	15
Quaderni Urbinati di Cultura Classica	1983	bekker	34	7
Quaderni Urbinati di Cultura Classica	1983	homer	49	9
Quaderni Urbinati di Cultura Classica	1983	stephanus	20	12
Quaderni Urbinati di Cultura Classica	1984	ambiguous	55	13
Quaderni Urbinati di Cultura Classica	1984	bekker	5	3
Quaderni Urbinati di Cultura Classica	1984	homer	38	4
Quaderni Urbinati di Cultura Classica	1984	stephanus	37	9
Quaderni Urbinati di Cultura Classica	1985	ambiguous	44	14
Quaderni Urbinati di Cultura Classica	1985	bekker	65	9
Quaderni Urbinati di Cultura Classica	1985	homer	22	6
Quaderni Urbinati di Cultura Classica	1985	stephanus	16	9
Quaderni Urbinati di Cultura Classica	1986	ambiguous	36	15
Quaderni Urbinati di Cultura Classica	1986	bekker	16	4
Quaderni Urbinati di Cultura Classica	1986	homer	32	10
Quaderni Urbinati di Cultura Classica	1986	stephanus	16	11
Quaderni Urbinati di Cultura Classica	1987	ambiguous	49	14
Quaderni Urbinati di Cultura Classica	1987	bekker	6	4
Quaderni Urbinati di Cultura Classica	1987	homer	119	12
Quaderni Urbinati di Cultura Classica	1987	pindar	1	1
Quaderni Urbinati di Cultura Classica	1987	stephanus	25	10
Quaderni Urbinati di Cultura Classica	1988	ambiguous	89	18
Quaderni Urbinati di Cultura Classica	1988	bekker	28	6
Quaderni Urbinati di Cultura Classica	1988	homer	24	12
Quaderni Urbinati di Cultura Classica	1988	stephanus	49	12
Quaderni Urbinati di Cultura Classica	1989	ambiguous	35	13
Quaderni Urbinati di Cultura Classica	1989	bekker	9	3
Quaderni Urbinati di Cultura Classica	1989	homer	50	12
Quaderni Urbinati di Cultura Classica	1989	pindar	1	1
Quaderni Urbinati di Cultura Classica	1989	stephanus	6	5
Quaderni Urbinati di Cultura Classica	1990	ambiguous	41	12
Quaderni Urbinati di Cultura Classica	1990	bekker	31	7
Quaderni Urbinati di Cultura Classica	1990	homer	19	8
Quaderni Urbinati di Cultura Classica	1990	pindar	1	1
Quaderni Urbinati di Cultura Classica	1990	stephanus	30	10
Quaderni Urbinati di Cultura Classica	1991	ambiguous	53	18
Quaderni Urbinati di Cultura Classica	1991	bekker	5	4
Quaderni Urbinati di Cultura Classica	1991	homer	37	12
Quaderni Urbinati di Cultura Classica	1991	pindar	1	1
Quaderni Urbinati di Cultura Classica	1991	stephanus	19	8
Quaderni Urbinati di Cultura Classica	1992	ambiguous	90	19
Quaderni Urbinati di Cultura Classica	1992	bekker	38	6
Quaderni Urbinati di Cultura Classica	1992	homer	50	10
Quaderni Urbinati di Cultura Classica	1992	stephanus	94	13
Quaderni Urbinati di Cultura Classica	1993	ambiguous	62	14
Quaderni Urbinati di Cultura Classica	1993	bekker	3	2
Quaderni Urbinati di Cultura Classica	1993	homer	78	13
Quaderni Urbinati di Cultura Classica	1993	stephanus	34	10
Quaderni Urbinati di Cultura Classica	1994	ambiguous	107	19
Quaderni Urbinati di Cultura Classica	1994	bekker	42	10
Quaderni Urbinati di Cultura Classica	1994	homer	51	11
Quaderni Urbinati di Cultura Classica	1994	stephanus	33	15
Quaderni Urbinati di Cultura Classica	1995	ambiguous	103	16
Quaderni Urbinati di Cultura Classica	1995	bekker	73	11
Quaderni Urbinati di Cultura Classica	1995	homer	20	13
Quaderni Urbinati di Cultura Classica	1995	pindar	1	1
Quaderni Urbinati di Cultura Classica	1995	stephanus	71	21
Quaderni Urbinati di Cultura Classica	1996	ambiguous	114	22
Quaderni Urbinati di Cultura Classica	1996	bekker	29	7
Quaderni Urbinati di Cultura Classica	1996	homer	61	11
Quaderni Urbinati di Cultura Classica	1996	pindar	1	1
Quaderni Urbinati di Cultura Classica	1996	stephanus	95	17
Quaderni Urbinati di Cultura Classica	1997	ambiguous	82	18
Quaderni Urbinati di Cultura Classica	1997	bekker	15	8
Quaderni Urbinati di Cultura Classica	1997	homer	42	14
Quaderni Urbinati di Cultura Classica	1997	stephanus	59	16
Quaderni Urbinati di Cultura Classica	1998	ambiguous	438	20
Quaderni Urbinati di Cultura Classica	1998	bekker	140	13
Quaderni Urbinati di Cultura Classica	1998	homer	33	15
Quaderni Urbinati di Cultura Classica	1998	stephanus	113	22
Quaderni Urbinati di Cultura Classica	1999	ambiguous	121	23
Quaderni Urbinati di Cultura Classica	1999	bekker	14	6
Quaderni Urbinati di Cultura Classica	1999	homer	52	14
Quaderni Urbinati di Cultura Classica	1999	stephanus	58	10
Quaderni Urbinati di Cultura Classica	2000	ambiguous	211	17
Quaderni Urbinati di Cultura Classica	2000	bekker	104	5
Quaderni Urbinati di Cultura Classica	2000	homer	32	18
Quaderni Urbinati di Cultura Classica	2000	pindar	1	1
Quaderni Urbinati di Cultura Classica	2000	stephanus	44	13
Quaderni Urbinati di Cultura Classica	2001	ambiguous	71	18
Quaderni Urbinati di Cultura Classica	2001	bekker	29	10
Quaderni Urbinati di Cultura Classica	2001	homer	21	7
Quaderni Urbinati di Cultura Classica	2001	stephanus	44	16
Quaderni Urbinati di Cultura Classica	2002	ambiguous	120	17
Quaderni Urbinati di Cultura Classica	2002	bekker	32	7
Quaderni Urbinati di Cultura Classica	2002	homer	11	6
Quaderni Urbinati di Cultura Classica	2002	stephanus	38	13
Quaderni Urbinati di Cultura Classica	2003	ambiguous	170	16
Quaderni Urbinati di Cultura Classica	2003	bekker	81	8
Quaderni Urbinati di Cultura Classica	2003	homer	78	11
Quaderni Urbinati di Cultura Classica	2003	stephanus	91	10
Quaderni Urbinati di Cultura Classica	2004	ambiguous	99	24
Quaderni Urbinati di Cultura Classica	2004	bekker	27	11
Quaderni Urbinati di Cultura Classica	2004	homer	33	10
Quaderni Urbinati di Cultura Classica	2004	stephanus	47	14
Quaderni Urbinati di Cultura Classica	2005	ambiguous	67	18
Quaderni Urbinati di Cultura Classica	2005	bekker	32	9
Quaderni Urbinati di Cultura Classica	2005	homer	39	11
Quaderni Urbinati di Cultura Classica	2005	stephanus	29	10
Quaderni Urbinati di Cultura Classica	2006	ambiguous	338	15
Quaderni Urbinati di Cultura Classica	2006	bekker	26	6
Quaderni Urbinati di Cultura Classica	2006	homer	34	10
Quaderni Urbinati di Cultura Classica	2006	stephanus	37	8
Quaderni Urbinati di Cultura Classica	2007	ambiguous	219	24
Quaderni Urbinati di Cultura Classica	2007	bekker	31	8
Quaderni Urbinati di Cultura Classica	2007	homer	69	9
Quaderni Urbinati di Cultura Classica	2007	pindar	1	1
Quaderni Urbinati di Cultura Classica	2007	stephanus	160	16
Quaderni Urbinati di Cultura Classica	2008	ambiguous	118	21
Quaderni Urbinati di Cultura Classica	2008	bekker	36	9
Quaderni Urbinati di Cultura Classica	2008	homer	29	8
Quaderni Urbinati di Cultura Classica	2008	stephanus	67	18
Quaderni Urbinati di Cultura Classica	2009	ambiguous	58	22
Quaderni Urbinati di Cultura Classica	2009	bekker	47	8
Quaderni Urbinati di Cultura Classica	2009	homer	37	8
Quaderni Urbinati di Cultura Classica	2009	pindar	1	1
Quaderni Urbinati di Cultura Classica	2009	stephanus	28	14
Quaderni Urbinati di Cultura Classica	2010	ambiguous	83	15
Quaderni Urbinati di Cultura Classica	2010	bekker	48	9
Quaderni Urbinati di Cultura Classica	2010	homer	51	14
Quaderni Urbinati di Cultura Classica	2010	pindar	2	2
Quaderni Urbinati di Cultura Classica	2010	stephanus	19	8
Quaderni Urbinati di Cultura Classica	2011	ambiguous	149	29
Quaderni Urbinati di Cultura Classica	2011	bekker	228	19
Quaderni Urbinati di Cultura Classica	2011	homer	62	12
Quaderni Urbinati di Cultura Classica	2011	pindar	2	2
Quaderni Urbinati di Cultura Classica	2011	stephanus	98	23
Quaderni Urbinati di Cultura Classica	2012	ambiguous	103	21
Quaderni Urbinati di Cultura Classica	2012	bekker	152	13
Quaderni Urbinati di Cultura Classica	2012	homer	54	16
Quaderni Urbinati di Cultura Classica	2012	stephanus	37	15
Quaderni Urbinati di Cultura Classica	2013	ambiguous	375	20
Quaderni Urbinati di Cultura Classica	2013	bekker	226	15
Quaderni Urbinati di Cultura Classica	2013	homer	39	13
Quaderni Urbinati di Cultura Classica	2013	pindar	6	2
Quaderni Urbinati di Cultura Classica	2013	stephanus	51	13
Quaderni Urbinati di Cultura Classica	2014	ambiguous	76	20
Quaderni Urbinati di Cultura Classica	2014	bekker	61	11
Quaderni Urbinati di Cultura Classica	2014	homer	76	13
Quaderni Urbinati di Cultura Classica	2014	pindar	1	1
Quaderni Urbinati di Cultura Classica	2014	stephanus	27	14
Quaderni Urbinati di Cultura Classica	2015	ambiguous	161	20
Quaderni Urbinati di Cultura Classica	2015	bekker	62	9
Quaderni Urbinati di Cultura Classica	2015	homer	33	6
Quaderni Urbinati di Cultura Classica	2015	pindar	2	2
Quaderni Urbinati di Cultura Classica	2015	stephanus	90	14
Quaderni Urbinati di Cultura Classica	2016	ambiguous	51	15
Quaderni Urbinati di Cultura Classica	2016	bekker	75	10
Quaderni Urbinati di Cultura Classica	2016	homer	24	11
Quaderni Urbinati di Cultura Classica	2016	stephanus	24	12
Quaderni Urbinati di Cultura Classica	2017	ambiguous	73	23
Quaderni Urbinati di Cultura Classica	2017	bekker	124	19
Quaderni Urbinati di Cultura Classica	2017	homer	64	13
Quaderni Urbinati di Cultura Classica	2017	stephanus	58	16
Quaderni Urbinati di Cultura Classica	2018	ambiguous	285	20
Quaderni Urbinati di Cultura Classica	2018	bekker	145	20
Quaderni Urbinati di Cultura Classica	2018	homer	117	18
Quaderni Urbinati di Cultura Classica	2018	stephanus	111	22
Quaderni Urbinati di Cultura Classica	2019	ambiguous	88	18
Quaderni Urbinati di Cultura Classica	2019	bekker	127	17
Quaderni Urbinati di Cultura Classica	2019	homer	95	12
Quaderni Urbinati di Cultura Classica	2019	stephanus	25	8
Quaderni Urbinati di Cultura Classica	2020	ambiguous	290	23
Quaderni Urbinati di Cultura Classica	2020	bekker	101	13
Quaderni Urbinati di Cultura Classica	2020	homer	297	17
Quaderni Urbinati di Cultura Classica	2020	pindar	4	2
Quaderni Urbinati di Cultura Classica	2020	stephanus	72	14
Recherches de théologie ancienne et médiévale	1929	ambiguous	3	3
Recherches de théologie ancienne et médiévale	1929	bekker	2	1
Recherches de théologie ancienne et médiévale	1929	stephanus	61	16
Recherches de théologie ancienne et médiévale	1930	ambiguous	45	9
Recherches de théologie ancienne et médiévale	1930	bekker	15	6
Recherches de théologie ancienne et médiévale	1930	stephanus	48	14
Recherches de théologie ancienne et médiévale	1931	ambiguous	59	9
Recherches de théologie ancienne et médiévale	1931	homer	1	1
Recherches de théologie ancienne et médiévale	1931	stephanus	43	10
Recherches de théologie ancienne et médiévale	1932	ambiguous	19	4
Recherches de théologie ancienne et médiévale	1932	bekker	49	1
Recherches de théologie ancienne et médiévale	1932	stephanus	31	10
Recherches de théologie ancienne et médiévale	1933	ambiguous	10	6
Recherches de théologie ancienne et médiévale	1933	bekker	4	4
Recherches de théologie ancienne et médiévale	1933	stephanus	62	6
Recherches de théologie ancienne et médiévale	1934	ambiguous	105	10
Recherches de théologie ancienne et médiévale	1934	bekker	1	1
Recherches de théologie ancienne et médiévale	1934	stephanus	194	15
Recherches de théologie ancienne et médiévale	1935	ambiguous	28	12
Recherches de théologie ancienne et médiévale	1935	stephanus	44	8
Recherches de théologie ancienne et médiévale	1936	ambiguous	43	8
Recherches de théologie ancienne et médiévale	1936	stephanus	56	10
Recherches de théologie ancienne et médiévale	1937	ambiguous	78	7
Recherches de théologie ancienne et médiévale	1937	bekker	1	1
Recherches de théologie ancienne et médiévale	1937	homer	1	1
Recherches de théologie ancienne et médiévale	1937	stephanus	67	11
Recherches de théologie ancienne et médiévale	1938	ambiguous	77	8
Recherches de théologie ancienne et médiévale	1938	stephanus	282	7
Recherches de théologie ancienne et médiévale	1939	ambiguous	82	7
Recherches de théologie ancienne et médiévale	1939	stephanus	99	9
Recherches de théologie ancienne et médiévale	1940	ambiguous	18	3
Recherches de théologie ancienne et médiévale	1940	stephanus	16	5
Recherches de théologie ancienne et médiévale	1946	ambiguous	23	4
Recherches de théologie ancienne et médiévale	1946	bekker	3	2
Recherches de théologie ancienne et médiévale	1946	stephanus	10	7
Recherches de théologie ancienne et médiévale	1947	ambiguous	18	8
Recherches de théologie ancienne et médiévale	1947	stephanus	6	4
Recherches de théologie ancienne et médiévale	1948	ambiguous	14	5
Recherches de théologie ancienne et médiévale	1948	stephanus	8	4
Recherches de théologie ancienne et médiévale	1949	ambiguous	64	5
Recherches de théologie ancienne et médiévale	1949	bekker	1	1
Recherches de théologie ancienne et médiévale	1949	homer	1	1
Recherches de théologie ancienne et médiévale	1949	stephanus	63	8
Recherches de théologie ancienne et médiévale	1950	ambiguous	38	6
Recherches de théologie ancienne et médiévale	1950	bekker	11	1
Recherches de théologie ancienne et médiévale	1950	homer	1	1
Recherches de théologie ancienne et médiévale	1950	stephanus	42	8
Recherches de théologie ancienne et médiévale	1951	ambiguous	8	6
Recherches de théologie ancienne et médiévale	1951	bekker	3	1
Recherches de théologie ancienne et médiévale	1951	stephanus	9	5
Recherches de théologie ancienne et médiévale	1952	ambiguous	82	7
Recherches de théologie ancienne et médiévale	1952	bekker	3	2
Recherches de théologie ancienne et médiévale	1952	stephanus	5	2
Recherches de théologie ancienne et médiévale	1953	ambiguous	154	5
Recherches de théologie ancienne et médiévale	1953	bekker	15	3
Recherches de théologie ancienne et médiévale	1953	stephanus	25	10
Recherches de théologie ancienne et médiévale	1954	ambiguous	16	6
Recherches de théologie ancienne et médiévale	1954	bekker	9	2
Recherches de théologie ancienne et médiévale	1954	stephanus	7	5
Recherches de théologie ancienne et médiévale	1955	ambiguous	5	4
Recherches de théologie ancienne et médiévale	1955	stephanus	12	5
Recherches de théologie ancienne et médiévale	1956	ambiguous	28	6
Recherches de théologie ancienne et médiévale	1956	bekker	7	3
Recherches de théologie ancienne et médiévale	1956	stephanus	35	6
Recherches de théologie ancienne et médiévale	1957	ambiguous	8	6
Recherches de théologie ancienne et médiévale	1957	bekker	1	1
Recherches de théologie ancienne et médiévale	1957	stephanus	15	4
Recherches de théologie ancienne et médiévale	1958	ambiguous	143	7
Recherches de théologie ancienne et médiévale	1958	bekker	28	1
Recherches de théologie ancienne et médiévale	1958	stephanus	113	12
Recherches de théologie ancienne et médiévale	1959	ambiguous	141	9
Recherches de théologie ancienne et médiévale	1959	bekker	50	6
Recherches de théologie ancienne et médiévale	1959	stephanus	159	10
Recherches de théologie ancienne et médiévale	1960	ambiguous	73	12
Recherches de théologie ancienne et médiévale	1960	bekker	2	2
Recherches de théologie ancienne et médiévale	1960	homer	1	1
Recherches de théologie ancienne et médiévale	1960	stephanus	87	13
Recherches de théologie ancienne et médiévale	1961	ambiguous	102	7
Recherches de théologie ancienne et médiévale	1961	bekker	17	4
Recherches de théologie ancienne et médiévale	1961	stephanus	133	10
Recherches de théologie ancienne et médiévale	1962	ambiguous	30	5
Recherches de théologie ancienne et médiévale	1962	bekker	9	3
Recherches de théologie ancienne et médiévale	1962	stephanus	52	8
Recherches de théologie ancienne et médiévale	1963	ambiguous	145	7
Recherches de théologie ancienne et médiévale	1963	bekker	13	2
Recherches de théologie ancienne et médiévale	1963	stephanus	153	10
Recherches de théologie ancienne et médiévale	1964	ambiguous	46	11
Recherches de théologie ancienne et médiévale	1964	bekker	4	3
Recherches de théologie ancienne et médiévale	1964	homer	1	1
Recherches de théologie ancienne et médiévale	1964	stephanus	21	5
Recherches de théologie ancienne et médiévale	1965	ambiguous	143	9
Recherches de théologie ancienne et médiévale	1965	bekker	2	1
Recherches de théologie ancienne et médiévale	1965	homer	1	1
Recherches de théologie ancienne et médiévale	1965	stephanus	92	8
Recherches de théologie ancienne et médiévale	1966	ambiguous	116	10
Recherches de théologie ancienne et médiévale	1966	bekker	31	3
Recherches de théologie ancienne et médiévale	1966	homer	1	1
Recherches de théologie ancienne et médiévale	1966	stephanus	179	9
Recherches de théologie ancienne et médiévale	1967	ambiguous	88	6
Recherches de théologie ancienne et médiévale	1967	bekker	25	3
Recherches de théologie ancienne et médiévale	1967	stephanus	88	6
Recherches de théologie ancienne et médiévale	1968	ambiguous	210	6
Recherches de théologie ancienne et médiévale	1968	bekker	18	3
Recherches de théologie ancienne et médiévale	1968	nt	1	1
Recherches de théologie ancienne et médiévale	1968	stephanus	85	9
Recherches de théologie ancienne et médiévale	1969	ambiguous	6	4
Recherches de théologie ancienne et médiévale	1969	stephanus	11	6
Recherches de théologie ancienne et médiévale	1970	ambiguous	167	4
Recherches de théologie ancienne et médiévale	1970	bekker	2	1
Recherches de théologie ancienne et médiévale	1970	stephanus	43	5
Recherches de théologie ancienne et médiévale	1971	ambiguous	53	3
Recherches de théologie ancienne et médiévale	1971	bekker	35	3
Recherches de théologie ancienne et médiévale	1971	stephanus	20	5
Recherches de théologie ancienne et médiévale	1972	ambiguous	18	6
Recherches de théologie ancienne et médiévale	1972	bekker	8	3
Recherches de théologie ancienne et médiévale	1972	stephanus	10	4
Recherches de théologie ancienne et médiévale	1973	ambiguous	18	5
Recherches de théologie ancienne et médiévale	1973	bekker	5	3
Recherches de théologie ancienne et médiévale	1973	stephanus	14	4
Recherches de théologie ancienne et médiévale	1974	ambiguous	43	3
Recherches de théologie ancienne et médiévale	1974	bekker	7	2
Recherches de théologie ancienne et médiévale	1974	stephanus	60	5
Recherches de théologie ancienne et médiévale	1975	ambiguous	25	4
Recherches de théologie ancienne et médiévale	1975	bekker	9	2
Recherches de théologie ancienne et médiévale	1975	homer	1	1
Recherches de théologie ancienne et médiévale	1975	stephanus	26	3
Recherches de théologie ancienne et médiévale	1976	ambiguous	38	4
Recherches de théologie ancienne et médiévale	1976	bekker	18	1
Recherches de théologie ancienne et médiévale	1976	homer	1	1
Recherches de théologie ancienne et médiévale	1976	nt	30	2
Recherches de théologie ancienne et médiévale	1976	stephanus	35	3
Recherches de théologie ancienne et médiévale	1977	ambiguous	19	5
Recherches de théologie ancienne et médiévale	1977	bekker	5	2
Recherches de théologie ancienne et médiévale	1977	stephanus	4	1
Recherches de théologie ancienne et médiévale	1978	ambiguous	29	6
Recherches de théologie ancienne et médiévale	1978	bekker	12	3
Recherches de théologie ancienne et médiévale	1978	stephanus	11	3
Recherches de théologie ancienne et médiévale	1979	ambiguous	20	4
Recherches de théologie ancienne et médiévale	1979	bekker	9	6
Recherches de théologie ancienne et médiévale	1979	stephanus	20	2
Recherches de théologie ancienne et médiévale	1980	ambiguous	209	8
Recherches de théologie ancienne et médiévale	1980	bekker	21	2
Recherches de théologie ancienne et médiévale	1980	homer	1	1
Recherches de théologie ancienne et médiévale	1980	stephanus	69	4
Recherches de théologie ancienne et médiévale	1981	ambiguous	61	5
Recherches de théologie ancienne et médiévale	1981	nt	9	2
Recherches de théologie ancienne et médiévale	1981	stephanus	4	3
Recherches de théologie ancienne et médiévale	1982	ambiguous	33	6
Recherches de théologie ancienne et médiévale	1982	bekker	2	1
Recherches de théologie ancienne et médiévale	1982	stephanus	16	4
Recherches de théologie ancienne et médiévale	1983	ambiguous	99	5
Recherches de théologie ancienne et médiévale	1983	bekker	6	3
Recherches de théologie ancienne et médiévale	1983	stephanus	18	3
Recherches de théologie ancienne et médiévale	1984	ambiguous	25	5
Recherches de théologie ancienne et médiévale	1984	bekker	7	2
Recherches de théologie ancienne et médiévale	1984	stephanus	64	6
Recherches de théologie ancienne et médiévale	1985	ambiguous	142	9
Recherches de théologie ancienne et médiévale	1985	bekker	34	5
Recherches de théologie ancienne et médiévale	1985	nt	5	1
Recherches de théologie ancienne et médiévale	1985	stephanus	110	12
Recherches de théologie ancienne et médiévale	1986	ambiguous	20	2
Recherches de théologie ancienne et médiévale	1986	bekker	11	1
Recherches de théologie ancienne et médiévale	1986	stephanus	15	2
Recherches de théologie ancienne et médiévale	1987	ambiguous	328	7
Recherches de théologie ancienne et médiévale	1987	nt	2	1
Recherches de théologie ancienne et médiévale	1987	stephanus	22	4
Recherches de théologie ancienne et médiévale	1988	ambiguous	48	4
Recherches de théologie ancienne et médiévale	1988	bekker	1	1
Recherches de théologie ancienne et médiévale	1988	nt	1	1
Recherches de théologie ancienne et médiévale	1988	stephanus	28	5
Recherches de théologie ancienne et médiévale	1989	ambiguous	107	6
Recherches de théologie ancienne et médiévale	1989	bekker	1	1
Recherches de théologie ancienne et médiévale	1989	nt	3	1
Recherches de théologie ancienne et médiévale	1989	stephanus	8	2
Recherches de théologie ancienne et médiévale	1990	ambiguous	38	4
Recherches de théologie ancienne et médiévale	1990	stephanus	5	3
Recherches de théologie ancienne et médiévale	1991	ambiguous	16	6
Recherches de théologie ancienne et médiévale	1991	bekker	3	2
Recherches de théologie ancienne et médiévale	1991	homer	1	1
Recherches de théologie ancienne et médiévale	1991	nt	4	1
Recherches de théologie ancienne et médiévale	1991	stephanus	6	2
Recherches de théologie ancienne et médiévale	1992	ambiguous	47	4
Recherches de théologie ancienne et médiévale	1992	bekker	37	1
Recherches de théologie ancienne et médiévale	1992	nt	4	1
Recherches de théologie ancienne et médiévale	1992	stephanus	33	3
Recherches de théologie ancienne et médiévale	1993	ambiguous	11	3
Recherches de théologie ancienne et médiévale	1993	bekker	2	2
Recherches de théologie ancienne et médiévale	1993	stephanus	6	4
Recherches de théologie ancienne et médiévale	1994	ambiguous	53	6
Recherches de théologie ancienne et médiévale	1994	bekker	26	3
Recherches de théologie ancienne et médiévale	1994	nt	6	3
Recherches de théologie ancienne et médiévale	1994	stephanus	3	2
Recherches de théologie ancienne et médiévale	1995	ambiguous	104	6
Recherches de théologie ancienne et médiévale	1995	bekker	6	3
Recherches de théologie ancienne et médiévale	1995	nt	1	1
Recherches de théologie ancienne et médiévale	1995	stephanus	64	4
Recherches de théologie ancienne et médiévale	1996	ambiguous	39	5
Recherches de théologie ancienne et médiévale	1996	bekker	14	4
Recherches de théologie ancienne et médiévale	1996	homer	1	1
Recherches de théologie ancienne et médiévale	1996	stephanus	31	7
Recherches de théologie et philosophie médiévales	1997	ambiguous	384	11
Recherches de théologie et philosophie médiévales	1997	bekker	33	7
Recherches de théologie et philosophie médiévales	1997	nt	9	1
Recherches de théologie et philosophie médiévales	1997	stephanus	42	6
Recherches de théologie et philosophie médiévales	1998	ambiguous	50	9
Recherches de théologie et philosophie médiévales	1998	bekker	8	5
Recherches de théologie et philosophie médiévales	1998	homer	1	1
Recherches de théologie et philosophie médiévales	1998	nt	2	2
Recherches de théologie et philosophie médiévales	1998	stephanus	14	6
Recherches de théologie et philosophie médiévales	1999	ambiguous	99	6
Recherches de théologie et philosophie médiévales	1999	bekker	6	2
Recherches de théologie et philosophie médiévales	1999	nt	31	3
Recherches de théologie et philosophie médiévales	1999	stephanus	13	7
Recherches de théologie et philosophie médiévales	2000	ambiguous	48	8
Recherches de théologie et philosophie médiévales	2000	bekker	5	2
Recherches de théologie et philosophie médiévales	2000	nt	14	2
Recherches de théologie et philosophie médiévales	2000	stephanus	19	4
Recherches de théologie et philosophie médiévales	2001	ambiguous	204	15
Recherches de théologie et philosophie médiévales	2001	bekker	40	6
Recherches de théologie et philosophie médiévales	2001	stephanus	33	9
Recherches de théologie et philosophie médiévales	2002	ambiguous	142	12
Recherches de théologie et philosophie médiévales	2002	bekker	25	4
Recherches de théologie et philosophie médiévales	2002	stephanus	35	7
Recherches de théologie et philosophie médiévales	2003	ambiguous	144	10
Recherches de théologie et philosophie médiévales	2003	bekker	102	8
Recherches de théologie et philosophie médiévales	2003	nt	32	3
Recherches de théologie et philosophie médiévales	2003	stephanus	24	6
Recherches de théologie et philosophie médiévales	2004	ambiguous	129	6
Recherches de théologie et philosophie médiévales	2004	bekker	5	2
Recherches de théologie et philosophie médiévales	2004	stephanus	1	1
Recherches de théologie et philosophie médiévales	2005	ambiguous	87	10
Recherches de théologie et philosophie médiévales	2005	bekker	36	6
Recherches de théologie et philosophie médiévales	2005	nt	1	1
Recherches de théologie et philosophie médiévales	2005	stephanus	29	3
Recherches de théologie et philosophie médiévales	2006	ambiguous	48	11
Recherches de théologie et philosophie médiévales	2006	bekker	6	3
Recherches de théologie et philosophie médiévales	2006	stephanus	14	8
Recherches de théologie et philosophie médiévales	2007	ambiguous	68	7
Recherches de théologie et philosophie médiévales	2007	bekker	48	6
Recherches de théologie et philosophie médiévales	2007	stephanus	13	6
Recherches de théologie et philosophie médiévales	2008	ambiguous	99	12
Recherches de théologie et philosophie médiévales	2008	bekker	25	4
Recherches de théologie et philosophie médiévales	2008	homer	1	1
Recherches de théologie et philosophie médiévales	2008	nt	31	2
Recherches de théologie et philosophie médiévales	2008	stephanus	8	2
Recherches de théologie et philosophie médiévales	2009	ambiguous	82	7
Recherches de théologie et philosophie médiévales	2009	bekker	25	5
Recherches de théologie et philosophie médiévales	2009	homer	4	1
Recherches de théologie et philosophie médiévales	2009	stephanus	14	4
Recherches de théologie et philosophie médiévales	2010	ambiguous	26	9
Recherches de théologie et philosophie médiévales	2010	bekker	56	5
Recherches de théologie et philosophie médiévales	2010	stephanus	8	5
Recherches de théologie et philosophie médiévales	2011	ambiguous	127	8
Recherches de théologie et philosophie médiévales	2011	bekker	66	8
Recherches de théologie et philosophie médiévales	2011	nt	6	2
Recherches de théologie et philosophie médiévales	2011	stephanus	14	7
Recherches de théologie et philosophie médiévales	2012	ambiguous	57	11
Recherches de théologie et philosophie médiévales	2012	bekker	5	4
Recherches de théologie et philosophie médiévales	2012	nt	4	2
Recherches de théologie et philosophie médiévales	2012	stephanus	3	3
Recherches de théologie et philosophie médiévales	2013	ambiguous	90	8
Recherches de théologie et philosophie médiévales	2013	bekker	14	7
Recherches de théologie et philosophie médiévales	2013	stephanus	15	4
Recherches de théologie et philosophie médiévales	2014	ambiguous	52	8
Recherches de théologie et philosophie médiévales	2014	bekker	11	4
Recherches de théologie et philosophie médiévales	2014	stephanus	3	2
Recherches de théologie et philosophie médiévales	2015	ambiguous	91	8
Recherches de théologie et philosophie médiévales	2015	bekker	41	3
Recherches de théologie et philosophie médiévales	2015	nt	2	1
Recherches de théologie et philosophie médiévales	2016	ambiguous	120	14
Recherches de théologie et philosophie médiévales	2016	bekker	46	7
Recherches de théologie et philosophie médiévales	2016	nt	5	2
Recherches de théologie et philosophie médiévales	2016	stephanus	5	5
Recherches de théologie et philosophie médiévales	2017	ambiguous	154	11
Recherches de théologie et philosophie médiévales	2017	bekker	173	8
Recherches de théologie et philosophie médiévales	2017	nt	2	1
Recherches de théologie et philosophie médiévales	2017	stephanus	10	4
Recherches de théologie et philosophie médiévales	2018	ambiguous	96	15
Recherches de théologie et philosophie médiévales	2018	bekker	22	8
Recherches de théologie et philosophie médiévales	2018	stephanus	22	5
Recherches de théologie et philosophie médiévales	2019	ambiguous	367	8
Recherches de théologie et philosophie médiévales	2019	bekker	77	6
Recherches de théologie et philosophie médiévales	2019	stephanus	20	4
Recherches de théologie et philosophie médiévales	2020	ambiguous	55	9
Recherches de théologie et philosophie médiévales	2020	bekker	14	5
Recherches de théologie et philosophie médiévales	2020	stephanus	1	1
Religious Studies	1965	ambiguous	1	1
Religious Studies	1966	ambiguous	2	1
Religious Studies	1966	stephanus	1	1
Religious Studies	1969	ambiguous	1	1
Religious Studies	1970	ambiguous	2	1
Religious Studies	1971	ambiguous	1	1
Religious Studies	1972	ambiguous	2	1
Religious Studies	1972	stephanus	4	2
Religious Studies	1974	ambiguous	1	1
Religious Studies	1974	stephanus	2	2
Religious Studies	1976	ambiguous	1	1
Religious Studies	1976	bekker	1	1
Religious Studies	1977	ambiguous	18	3
Religious Studies	1978	ambiguous	3	1
Religious Studies	1978	stephanus	3	3
Religious Studies	1979	ambiguous	13	3
Religious Studies	1979	stephanus	6	2
Religious Studies	1980	ambiguous	6	3
Religious Studies	1980	stephanus	7	2
Religious Studies	1981	ambiguous	5	1
Religious Studies	1981	nt	2	1
Religious Studies	1981	stephanus	3	1
Religious Studies	1982	ambiguous	2	2
Religious Studies	1982	nt	1	1
Religious Studies	1983	ambiguous	20	2
Religious Studies	1983	nt	1	1
Religious Studies	1983	stephanus	9	2
Religious Studies	1984	ambiguous	13	2
Religious Studies	1984	bekker	1	1
Religious Studies	1984	nt	2	2
Religious Studies	1984	stephanus	15	2
Religious Studies	1985	ambiguous	2	2
Religious Studies	1985	stephanus	4	2
Religious Studies	1986	ambiguous	10	3
Religious Studies	1986	stephanus	6	4
Religious Studies	1987	ambiguous	8	2
Religious Studies	1987	stephanus	3	1
Religious Studies	1988	ambiguous	17	5
Religious Studies	1988	bekker	1	1
Religious Studies	1988	stephanus	3	2
Religious Studies	1989	ambiguous	1	1
Religious Studies	1989	nt	5	2
Religious Studies	1989	stephanus	8	2
Religious Studies	1990	ambiguous	7	2
Religious Studies	1990	bekker	3	2
Religious Studies	1991	ambiguous	2	2
Religious Studies	1991	bekker	8	3
Religious Studies	1991	nt	2	2
Religious Studies	1991	stephanus	2	1
Religious Studies	1992	ambiguous	3	2
Religious Studies	1992	nt	2	1
Religious Studies	1993	ambiguous	8	5
Religious Studies	1993	stephanus	3	1
Religious Studies	1994	ambiguous	1	1
Religious Studies	1994	bekker	1	1
Religious Studies	1994	nt	1	1
Religious Studies	1995	bekker	1	1
Religious Studies	1996	ambiguous	10	3
Religious Studies	1996	nt	1	1
Religious Studies	1996	stephanus	4	2
Religious Studies	1997	ambiguous	3	1
Religious Studies	1997	stephanus	4	1
Religious Studies	1998	nt	1	1
Religious Studies	1998	stephanus	1	1
Religious Studies	1999	ambiguous	3	2
Religious Studies	2000	stephanus	1	1
Religious Studies	2001	ambiguous	2	2
Religious Studies	2001	bekker	15	2
Religious Studies	2001	stephanus	5	1
Religious Studies	2002	ambiguous	13	1
Religious Studies	2002	bekker	6	3
Religious Studies	2002	nt	1	1
Religious Studies	2002	stephanus	8	2
Religious Studies	2003	bekker	1	1
Religious Studies	2004	ambiguous	4	4
Religious Studies	2004	stephanus	1	1
Religious Studies	2005	ambiguous	1	1
Religious Studies	2005	bekker	2	1
Religious Studies	2006	ambiguous	12	2
Religious Studies	2007	ambiguous	8	2
Religious Studies	2007	bekker	7	2
Religious Studies	2007	homer	1	1
Religious Studies	2008	ambiguous	11	3
Religious Studies	2008	bekker	10	2
Religious Studies	2009	ambiguous	39	2
Religious Studies	2009	bekker	23	3
Religious Studies	2009	stephanus	50	2
Religious Studies	2010	ambiguous	2	2
Religious Studies	2010	bekker	18	3
Religious Studies	2010	stephanus	1	1
Religious Studies	2011	ambiguous	1	1
Religious Studies	2011	bekker	15	3
Religious Studies	2012	ambiguous	1	1
Religious Studies	2012	bekker	92	10
Religious Studies	2013	ambiguous	1	1
Religious Studies	2013	bekker	69	7
Religious Studies	2013	nt	1	1
Religious Studies	2013	stephanus	1	1
Religious Studies	2014	ambiguous	1	1
Religious Studies	2014	bekker	106	9
Religious Studies	2014	nt	1	1
Religious Studies	2015	ambiguous	11	5
Religious Studies	2015	bekker	132	11
Religious Studies	2015	nt	3	2
Religious Studies	2015	stephanus	10	2
Religious Studies	2016	ambiguous	2	2
Religious Studies	2016	bekker	40	7
Religious Studies	2016	nt	8	3
Religious Studies	2016	stephanus	5	2
Religious Studies	2017	ambiguous	2	2
Religious Studies	2017	bekker	59	7
Religious Studies	2017	nt	19	5
Religious Studies	2017	stephanus	5	3
Religious Studies	2020	ambiguous	1	1
Religious Studies	2020	bekker	53	7
Religious Studies	2020	nt	2	1
Revue Internationale de Philosophie	1938	stephanus	2	2
Revue Internationale de Philosophie	1939	ambiguous	1	1
Revue Internationale de Philosophie	1939	bekker	1	1
Revue Internationale de Philosophie	1939	stephanus	10	5
Revue Internationale de Philosophie	1948	stephanus	1	1
Revue Internationale de Philosophie	1949	ambiguous	2	2
Revue Internationale de Philosophie	1949	homer	1	1
Revue Internationale de Philosophie	1949	stephanus	28	8
Revue Internationale de Philosophie	1950	ambiguous	7	2
Revue Internationale de Philosophie	1950	stephanus	12	6
Revue Internationale de Philosophie	1951	ambiguous	2	2
Revue Internationale de Philosophie	1951	stephanus	7	4
Revue Internationale de Philosophie	1952	ambiguous	1	1
Revue Internationale de Philosophie	1952	stephanus	9	6
Revue Internationale de Philosophie	1953	ambiguous	9	2
Revue Internationale de Philosophie	1953	homer	1	1
Revue Internationale de Philosophie	1953	stephanus	16	6
Revue Internationale de Philosophie	1954	ambiguous	2	2
Revue Internationale de Philosophie	1954	stephanus	15	4
Revue Internationale de Philosophie	1955	ambiguous	88	7
Revue Internationale de Philosophie	1955	bekker	7	4
Revue Internationale de Philosophie	1955	stephanus	116	8
Revue Internationale de Philosophie	1956	ambiguous	8	4
Revue Internationale de Philosophie	1956	bekker	5	1
Revue Internationale de Philosophie	1956	homer	1	1
Revue Internationale de Philosophie	1956	stephanus	35	4
Revue Internationale de Philosophie	1957	ambiguous	17	8
Revue Internationale de Philosophie	1957	bekker	10	3
Revue Internationale de Philosophie	1957	stephanus	29	7
Revue Internationale de Philosophie	1958	ambiguous	2	1
Revue Internationale de Philosophie	1958	homer	2	2
Revue Internationale de Philosophie	1958	stephanus	37	6
Revue Internationale de Philosophie	1959	homer	2	2
Revue Internationale de Philosophie	1959	stephanus	30	4
Revue Internationale de Philosophie	1960	ambiguous	2	2
Revue Internationale de Philosophie	1960	stephanus	26	7
Revue Internationale de Philosophie	1961	ambiguous	1	1
Revue Internationale de Philosophie	1961	stephanus	30	4
Revue Internationale de Philosophie	1962	ambiguous	1	1
Revue Internationale de Philosophie	1962	homer	1	1
Revue Internationale de Philosophie	1962	stephanus	47	6
Revue Internationale de Philosophie	1963	ambiguous	1	1
Revue Internationale de Philosophie	1963	homer	1	1
Revue Internationale de Philosophie	1963	stephanus	41	9
Revue Internationale de Philosophie	1964	homer	1	1
Revue Internationale de Philosophie	1964	stephanus	41	7
Revue Internationale de Philosophie	1965	ambiguous	5	2
Revue Internationale de Philosophie	1965	homer	1	1
Revue Internationale de Philosophie	1965	stephanus	42	6
Revue Internationale de Philosophie	1966	homer	1	1
Revue Internationale de Philosophie	1966	stephanus	46	8
Revue Internationale de Philosophie	1967	ambiguous	5	2
Revue Internationale de Philosophie	1967	stephanus	40	4
Revue Internationale de Philosophie	1968	ambiguous	1	1
Revue Internationale de Philosophie	1968	homer	1	1
Revue Internationale de Philosophie	1968	stephanus	21	5
Revue Internationale de Philosophie	1969	ambiguous	16	2
Revue Internationale de Philosophie	1969	bekker	9	2
Revue Internationale de Philosophie	1969	stephanus	37	7
Revue Internationale de Philosophie	1970	ambiguous	36	7
Revue Internationale de Philosophie	1970	bekker	9	2
Revue Internationale de Philosophie	1970	stephanus	25	6
Revue Internationale de Philosophie	1971	ambiguous	2	2
Revue Internationale de Philosophie	1971	stephanus	8	5
Revue Internationale de Philosophie	1972	ambiguous	7	6
Revue Internationale de Philosophie	1972	homer	1	1
Revue Internationale de Philosophie	1972	stephanus	11	7
Revue Internationale de Philosophie	1973	ambiguous	3	2
Revue Internationale de Philosophie	1973	homer	1	1
Revue Internationale de Philosophie	1973	stephanus	21	10
Revue Internationale de Philosophie	1974	ambiguous	2	1
Revue Internationale de Philosophie	1974	bekker	2	2
Revue Internationale de Philosophie	1974	stephanus	34	8
Revue Internationale de Philosophie	1975	ambiguous	8	4
Revue Internationale de Philosophie	1975	bekker	2	1
Revue Internationale de Philosophie	1975	stephanus	21	7
Revue Internationale de Philosophie	1976	ambiguous	3	3
Revue Internationale de Philosophie	1976	bekker	16	6
Revue Internationale de Philosophie	1976	stephanus	5	4
Revue Internationale de Philosophie	1977	ambiguous	2	2
Revue Internationale de Philosophie	1977	stephanus	30	7
Revue Internationale de Philosophie	1978	ambiguous	3	2
Revue Internationale de Philosophie	1978	stephanus	21	11
Revue Internationale de Philosophie	1979	ambiguous	5	3
Revue Internationale de Philosophie	1979	bekker	14	3
Revue Internationale de Philosophie	1979	stephanus	20	6
Revue Internationale de Philosophie	1980	ambiguous	210	8
Revue Internationale de Philosophie	1980	bekker	112	11
Revue Internationale de Philosophie	1980	stephanus	11	6
Revue Internationale de Philosophie	1981	ambiguous	2	2
Revue Internationale de Philosophie	1981	stephanus	2	2
Revue Internationale de Philosophie	1982	ambiguous	11	2
Revue Internationale de Philosophie	1982	bekker	39	3
Revue Internationale de Philosophie	1982	stephanus	1	1
Revue Internationale de Philosophie	1983	bekker	77	4
Revue Internationale de Philosophie	1983	stephanus	9	3
Revue Internationale de Philosophie	1984	ambiguous	5	1
Revue Internationale de Philosophie	1984	stephanus	11	6
Revue Internationale de Philosophie	1985	ambiguous	31	4
Revue Internationale de Philosophie	1985	bekker	14	2
Revue Internationale de Philosophie	1985	stephanus	5	3
Revue Internationale de Philosophie	1986	ambiguous	262	14
Revue Internationale de Philosophie	1986	bekker	12	4
Revue Internationale de Philosophie	1986	stephanus	286	14
Revue Internationale de Philosophie	1987	ambiguous	2	2
Revue Internationale de Philosophie	1987	bekker	33	2
Revue Internationale de Philosophie	1987	stephanus	1	1
Revue Internationale de Philosophie	1988	ambiguous	1	1
Revue Internationale de Philosophie	1988	bekker	22	2
Revue Internationale de Philosophie	1989	ambiguous	3	2
Revue Internationale de Philosophie	1989	bekker	13	3
Revue Internationale de Philosophie	1989	stephanus	10	4
Revue Internationale de Philosophie	1990	ambiguous	1	1
Revue Internationale de Philosophie	1990	bekker	25	4
Revue Internationale de Philosophie	1990	stephanus	3	2
Revue Internationale de Philosophie	1991	ambiguous	17	5
Revue Internationale de Philosophie	1991	bekker	20	3
Revue Internationale de Philosophie	1991	homer	1	1
Revue Internationale de Philosophie	1991	stephanus	5	5
Revue Internationale de Philosophie	1992	ambiguous	7	5
Revue Internationale de Philosophie	1992	bekker	11	5
Revue Internationale de Philosophie	1992	stephanus	9	3
Revue Internationale de Philosophie	1993	ambiguous	212	4
Revue Internationale de Philosophie	1993	bekker	57	7
Revue Internationale de Philosophie	1993	stephanus	46	4
Revue Internationale de Philosophie	1994	ambiguous	1	1
Revue Internationale de Philosophie	1994	bekker	2	1
Revue Internationale de Philosophie	1994	stephanus	10	3
Revue Internationale de Philosophie	1995	ambiguous	15	1
Revue Internationale de Philosophie	1995	bekker	5	1
Revue Internationale de Philosophie	1995	stephanus	21	2
Revue Internationale de Philosophie	1996	ambiguous	5	4
Revue Internationale de Philosophie	1996	bekker	9	3
Revue Internationale de Philosophie	1996	stephanus	5	4
Revue Internationale de Philosophie	1997	ambiguous	97	8
Revue Internationale de Philosophie	1997	bekker	128	8
Revue Internationale de Philosophie	1997	stephanus	6	2
Revue Internationale de Philosophie	1998	ambiguous	57	6
Revue Internationale de Philosophie	1998	bekker	4	3
Revue Internationale de Philosophie	1998	homer	1	1
Revue Internationale de Philosophie	1998	stephanus	130	7
Revue Internationale de Philosophie	1999	ambiguous	5	2
Revue Internationale de Philosophie	1999	bekker	18	5
Revue Internationale de Philosophie	1999	stephanus	5	3
Revue Internationale de Philosophie	2000	ambiguous	1	1
Revue Internationale de Philosophie	2000	bekker	43	2
Revue Internationale de Philosophie	2000	nt	1	1
Revue Internationale de Philosophie	2000	stephanus	7	2
Revue Internationale de Philosophie	2001	ambiguous	1	1
Revue Internationale de Philosophie	2001	bekker	56	6
Revue Internationale de Philosophie	2001	stephanus	5	1
Revue Internationale de Philosophie	2003	ambiguous	3	2
Revue Internationale de Philosophie	2003	stephanus	2	2
Revue Internationale de Philosophie	2004	ambiguous	1	1
Revue Internationale de Philosophie	2004	bekker	54	7
Revue Internationale de Philosophie	2005	ambiguous	1	1
Revue Internationale de Philosophie	2005	bekker	26	3
Revue Internationale de Philosophie	2005	stephanus	2	2
Revue Internationale de Philosophie	2006	ambiguous	10	3
Revue Internationale de Philosophie	2006	bekker	38	7
Revue Internationale de Philosophie	2007	ambiguous	2	1
Revue Internationale de Philosophie	2007	bekker	7	2
Revue Internationale de Philosophie	2007	nt	1	1
Revue Internationale de Philosophie	2007	stephanus	38	3
Revue Internationale de Philosophie	2008	ambiguous	10	3
Revue Internationale de Philosophie	2008	bekker	24	4
Revue Internationale de Philosophie	2008	stephanus	3	2
Revue Internationale de Philosophie	2009	ambiguous	15	4
Revue Internationale de Philosophie	2009	bekker	24	3
Revue Internationale de Philosophie	2009	stephanus	6	4
Revue Internationale de Philosophie	2010	ambiguous	21	4
Revue Internationale de Philosophie	2010	bekker	50	4
Revue Internationale de Philosophie	2010	stephanus	13	1
Revue Internationale de Philosophie	2011	ambiguous	7	4
Revue Internationale de Philosophie	2011	bekker	4	3
Revue Internationale de Philosophie	2011	stephanus	10	1
Revue Internationale de Philosophie	2012	ambiguous	4	2
Revue Internationale de Philosophie	2012	bekker	32	7
Revue Internationale de Philosophie	2012	stephanus	11	3
Revue Internationale de Philosophie	2013	bekker	5	3
Revue Internationale de Philosophie	2013	stephanus	1	1
Revue Internationale de Philosophie	2014	ambiguous	64	8
Revue Internationale de Philosophie	2014	bekker	85	9
Revue Internationale de Philosophie	2015	ambiguous	8	3
Revue Internationale de Philosophie	2015	bekker	6	3
Revue Internationale de Philosophie	2015	stephanus	10	5
Revue Internationale de Philosophie	2016	ambiguous	29	2
Revue Internationale de Philosophie	2016	bekker	85	13
Revue Internationale de Philosophie	2016	homer	1	1
Revue Internationale de Philosophie	2016	stephanus	1	1
Revue Internationale de Philosophie	2017	ambiguous	2	1
Revue Internationale de Philosophie	2017	bekker	24	3
Revue Internationale de Philosophie	2017	stephanus	2	1
Revue Internationale de Philosophie	2018	ambiguous	61	7
Revue Internationale de Philosophie	2018	bekker	236	9
Revue Internationale de Philosophie	2018	stephanus	35	5
Revue Internationale de Philosophie	2019	ambiguous	6	2
Revue Internationale de Philosophie	2019	bekker	13	2
Revue Internationale de Philosophie	2019	homer	1	1
Revue Internationale de Philosophie	2019	stephanus	11	6
Revue de Philosophie Ancienne	1983	ambiguous	70	8
Revue de Philosophie Ancienne	1983	bekker	252	5
Revue de Philosophie Ancienne	1983	stephanus	16	6
Revue de Philosophie Ancienne	1984	ambiguous	147	8
Revue de Philosophie Ancienne	1984	bekker	5	2
Revue de Philosophie Ancienne	1984	stephanus	134	4
Revue de Philosophie Ancienne	1985	ambiguous	114	9
Revue de Philosophie Ancienne	1985	bekker	23	3
Revue de Philosophie Ancienne	1985	stephanus	72	6
Revue de Philosophie Ancienne	1986	ambiguous	5	2
Revue de Philosophie Ancienne	1986	bekker	16	3
Revue de Philosophie Ancienne	1986	stephanus	13	4
Revue de Philosophie Ancienne	1987	ambiguous	85	7
Revue de Philosophie Ancienne	1987	bekker	32	3
Revue de Philosophie Ancienne	1987	stephanus	18	5
Revue de Philosophie Ancienne	1988	ambiguous	143	8
Revue de Philosophie Ancienne	1988	bekker	137	7
Revue de Philosophie Ancienne	1988	stephanus	37	5
Revue de Philosophie Ancienne	1989	ambiguous	93	11
Revue de Philosophie Ancienne	1989	bekker	36	4
Revue de Philosophie Ancienne	1989	stephanus	60	6
Revue de Philosophie Ancienne	1990	ambiguous	119	6
Revue de Philosophie Ancienne	1990	bekker	32	4
Revue de Philosophie Ancienne	1990	stephanus	46	4
Revue de Philosophie Ancienne	1991	ambiguous	139	7
Revue de Philosophie Ancienne	1991	bekker	5	1
Revue de Philosophie Ancienne	1991	stephanus	41	3
Revue de Philosophie Ancienne	1992	ambiguous	138	6
Revue de Philosophie Ancienne	1992	bekker	11	2
Revue de Philosophie Ancienne	1992	stephanus	179	7
Revue de Philosophie Ancienne	1993	ambiguous	303	8
Revue de Philosophie Ancienne	1993	bekker	8	4
Revue de Philosophie Ancienne	1993	homer	1	1
Revue de Philosophie Ancienne	1993	stephanus	352	10
Revue de Philosophie Ancienne	1994	ambiguous	164	7
Revue de Philosophie Ancienne	1994	bekker	1	1
Revue de Philosophie Ancienne	1994	stephanus	131	7
Revue de Philosophie Ancienne	1995	ambiguous	102	7
Revue de Philosophie Ancienne	1995	bekker	43	4
Revue de Philosophie Ancienne	1995	stephanus	138	9
Revue de Philosophie Ancienne	1996	ambiguous	53	5
Revue de Philosophie Ancienne	1996	bekker	110	4
Revue de Philosophie Ancienne	1996	stephanus	11	2
Revue de Philosophie Ancienne	1997	ambiguous	151	7
Revue de Philosophie Ancienne	1997	bekker	9	4
Revue de Philosophie Ancienne	1997	stephanus	120	7
Revue de Philosophie Ancienne	1998	ambiguous	110	4
Revue de Philosophie Ancienne	1998	bekker	3	2
Revue de Philosophie Ancienne	1998	homer	1	1
Revue de Philosophie Ancienne	1998	stephanus	136	4
Revue de Philosophie Ancienne	1999	ambiguous	169	7
Revue de Philosophie Ancienne	1999	bekker	14	3
Revue de Philosophie Ancienne	1999	stephanus	214	6
Revue de Philosophie Ancienne	2000	ambiguous	91	5
Revue de Philosophie Ancienne	2000	bekker	1	1
Revue de Philosophie Ancienne	2000	homer	3	1
Revue de Philosophie Ancienne	2000	stephanus	43	3
Revue de Philosophie Ancienne	2001	ambiguous	87	2
Revue de Philosophie Ancienne	2001	bekker	39	2
Revue de Philosophie Ancienne	2001	homer	1	1
Revue de Philosophie Ancienne	2001	stephanus	9	3
Revue de Philosophie Ancienne	2002	ambiguous	337	8
Revue de Philosophie Ancienne	2002	bekker	9	3
Revue de Philosophie Ancienne	2002	homer	1	1
Revue de Philosophie Ancienne	2002	stephanus	4	3
Revue de Philosophie Ancienne	2003	ambiguous	276	8
Revue de Philosophie Ancienne	2003	bekker	19	7
Revue de Philosophie Ancienne	2003	stephanus	258	8
Revue de Philosophie Ancienne	2004	ambiguous	202	8
Revue de Philosophie Ancienne	2004	bekker	187	5
Revue de Philosophie Ancienne	2004	stephanus	100	5
Revue de Philosophie Ancienne	2005	ambiguous	70	9
Revue de Philosophie Ancienne	2005	bekker	45	7
Revue de Philosophie Ancienne	2005	homer	1	1
Revue de Philosophie Ancienne	2005	stephanus	43	7
Revue de Philosophie Ancienne	2006	ambiguous	21	4
Revue de Philosophie Ancienne	2006	bekker	108	4
Revue de Philosophie Ancienne	2006	homer	7	4
Revue de Philosophie Ancienne	2006	pindar	1	1
Revue de Philosophie Ancienne	2006	stephanus	18	4
Revue de Philosophie Ancienne	2007	ambiguous	72	6
Revue de Philosophie Ancienne	2007	bekker	15	2
Revue de Philosophie Ancienne	2007	stephanus	77	4
Revue de Philosophie Ancienne	2008	ambiguous	102	8
Revue de Philosophie Ancienne	2008	bekker	22	4
Revue de Philosophie Ancienne	2008	homer	8	3
Revue de Philosophie Ancienne	2008	stephanus	56	7
Revue de Philosophie Ancienne	2009	ambiguous	168	5
Revue de Philosophie Ancienne	2009	bekker	11	3
Revue de Philosophie Ancienne	2009	homer	5	2
Revue de Philosophie Ancienne	2009	stephanus	101	5
Revue de Philosophie Ancienne	2010	ambiguous	94	4
Revue de Philosophie Ancienne	2010	bekker	4	2
Revue de Philosophie Ancienne	2010	stephanus	103	4
Revue de Philosophie Ancienne	2011	ambiguous	53	5
Revue de Philosophie Ancienne	2011	bekker	88	4
Revue de Philosophie Ancienne	2011	homer	6	1
Revue de Philosophie Ancienne	2011	stephanus	15	3
Revue de Philosophie Ancienne	2012	ambiguous	151	6
Revue de Philosophie Ancienne	2012	bekker	3	2
Revue de Philosophie Ancienne	2012	homer	5	1
Revue de Philosophie Ancienne	2012	stephanus	179	6
Revue de Philosophie Ancienne	2013	ambiguous	165	7
Revue de Philosophie Ancienne	2013	bekker	121	5
Revue de Philosophie Ancienne	2013	stephanus	72	5
Revue de Philosophie Ancienne	2014	ambiguous	396	7
Revue de Philosophie Ancienne	2014	bekker	58	3
Revue de Philosophie Ancienne	2014	homer	1	1
Revue de Philosophie Ancienne	2014	stephanus	207	4
Revue de Philosophie Ancienne	2015	ambiguous	285	8
Revue de Philosophie Ancienne	2015	bekker	64	4
Revue de Philosophie Ancienne	2015	stephanus	37	5
Revue de Philosophie Ancienne	2016	ambiguous	271	9
Revue de Philosophie Ancienne	2016	bekker	48	3
Revue de Philosophie Ancienne	2016	homer	1	1
Revue de Philosophie Ancienne	2016	stephanus	147	7
Revue de Philosophie Ancienne	2017	ambiguous	127	6
Revue de Philosophie Ancienne	2017	bekker	122	3
Revue de Philosophie Ancienne	2017	homer	4	1
Revue de Philosophie Ancienne	2017	stephanus	58	6
Revue de Philosophie Ancienne	2018	ambiguous	454	9
Revue de Philosophie Ancienne	2018	bekker	218	8
Revue de Philosophie Ancienne	2018	stephanus	257	6
Revue de Philosophie Ancienne	2019	ambiguous	163	5
Revue de Philosophie Ancienne	2019	bekker	8	2
Revue de Philosophie Ancienne	2019	stephanus	230	7
Revue de Philosophie Ancienne	2020	ambiguous	269	13
Revue de Philosophie Ancienne	2020	bekker	395	13
Revue de Philosophie Ancienne	2020	stephanus	54	10
Revue de Philosophie Ancienne	2021	ambiguous	55	8
Revue de Philosophie Ancienne	2021	bekker	36	5
Revue de Philosophie Ancienne	2021	stephanus	36	5
Revue de Philosophie Ancienne	2022	ambiguous	243	12
Revue de Philosophie Ancienne	2022	bekker	88	8
Revue de Philosophie Ancienne	2022	stephanus	210	9
Revue de Théologie et de Philosophie	1913	ambiguous	5	5
Revue de Théologie et de Philosophie	1913	stephanus	17	10
Revue de Théologie et de Philosophie	1914	ambiguous	7	6
Revue de Théologie et de Philosophie	1914	stephanus	36	9
Revue de Théologie et de Philosophie	1915	ambiguous	5	4
Revue de Théologie et de Philosophie	1915	stephanus	12	3
Revue de Théologie et de Philosophie	1916	ambiguous	2	2
Revue de Théologie et de Philosophie	1916	stephanus	10	10
Revue de Théologie et de Philosophie	1917	ambiguous	17	3
Revue de Théologie et de Philosophie	1917	stephanus	5	3
Revue de Théologie et de Philosophie	1918	ambiguous	9	7
Revue de Théologie et de Philosophie	1918	stephanus	6	3
Revue de Théologie et de Philosophie	1919	ambiguous	1	1
Revue de Théologie et de Philosophie	1919	stephanus	17	4
Revue de Théologie et de Philosophie	1920	ambiguous	2	2
Revue de Théologie et de Philosophie	1920	homer	1	1
Revue de Théologie et de Philosophie	1920	stephanus	4	2
Revue de Théologie et de Philosophie	1921	ambiguous	4	2
Revue de Théologie et de Philosophie	1921	stephanus	8	3
Revue de Théologie et de Philosophie	1922	ambiguous	6	4
Revue de Théologie et de Philosophie	1922	stephanus	4	3
Revue de Théologie et de Philosophie	1923	ambiguous	16	12
Revue de Théologie et de Philosophie	1923	stephanus	2	2
Revue de Théologie et de Philosophie	1924	stephanus	5	3
Revue de Théologie et de Philosophie	1925	stephanus	2	2
Revue de Théologie et de Philosophie	1926	stephanus	4	2
Revue de Théologie et de Philosophie	1927	stephanus	7	2
Revue de Théologie et de Philosophie	1928	stephanus	3	3
Revue de Théologie et de Philosophie	1929	ambiguous	6	1
Revue de Théologie et de Philosophie	1929	stephanus	3	3
Revue de Théologie et de Philosophie	1930	stephanus	6	4
Revue de Théologie et de Philosophie	1931	ambiguous	12	3
Revue de Théologie et de Philosophie	1931	bekker	1	1
Revue de Théologie et de Philosophie	1931	stephanus	6	4
Revue de Théologie et de Philosophie	1932	stephanus	2	2
Revue de Théologie et de Philosophie	1933	ambiguous	1	1
Revue de Théologie et de Philosophie	1933	stephanus	2	2
Revue de Théologie et de Philosophie	1934	homer	3	1
Revue de Théologie et de Philosophie	1934	stephanus	1	1
Revue de Théologie et de Philosophie	1935	ambiguous	2	2
Revue de Théologie et de Philosophie	1935	bekker	2	1
Revue de Théologie et de Philosophie	1935	stephanus	3	3
Revue de Théologie et de Philosophie	1937	ambiguous	1	1
Revue de Théologie et de Philosophie	1937	stephanus	7	5
Revue de Théologie et de Philosophie	1938	ambiguous	1	1
Revue de Théologie et de Philosophie	1939	ambiguous	2	2
Revue de Théologie et de Philosophie	1939	stephanus	1	1
Revue de Théologie et de Philosophie	1940	ambiguous	4	2
Revue de Théologie et de Philosophie	1940	stephanus	5	2
Revue de Théologie et de Philosophie	1941	stephanus	1	1
Revue de Théologie et de Philosophie	1942	ambiguous	3	1
Revue de Théologie et de Philosophie	1942	stephanus	1	1
Revue de Théologie et de Philosophie	1943	stephanus	4	3
Revue de Théologie et de Philosophie	1944	stephanus	2	1
Revue de Théologie et de Philosophie	1945	ambiguous	1	1
Revue de Théologie et de Philosophie	1945	stephanus	3	3
Revue de Théologie et de Philosophie	1946	stephanus	2	1
Revue de Théologie et de Philosophie	1948	homer	1	1
Revue de Théologie et de Philosophie	1948	stephanus	4	4
Revue de Théologie et de Philosophie	1949	stephanus	2	1
Revue de Théologie et de Philosophie	1950	ambiguous	1	1
Revue de Théologie et de Philosophie	1950	stephanus	1	1
Revue de Théologie et de Philosophie	1951	nt	10	5
Revue de Théologie et de Philosophie	1951	stephanus	2	2
Revue de Théologie et de Philosophie	1952	homer	1	1
Revue de Théologie et de Philosophie	1952	stephanus	4	3
Revue de Théologie et de Philosophie	1953	nt	4	2
Revue de Théologie et de Philosophie	1953	stephanus	6	3
Revue de Théologie et de Philosophie	1954	bekker	2	1
Revue de Théologie et de Philosophie	1954	homer	1	1
Revue de Théologie et de Philosophie	1954	stephanus	2	2
Revue de Théologie et de Philosophie	1955	ambiguous	5	1
Revue de Théologie et de Philosophie	1955	nt	1	1
Revue de Théologie et de Philosophie	1955	stephanus	5	4
Revue de Théologie et de Philosophie	1956	nt	1	1
Revue de Théologie et de Philosophie	1956	stephanus	6	4
Revue de Théologie et de Philosophie	1957	ambiguous	5	2
Revue de Théologie et de Philosophie	1957	nt	1	1
Revue de Théologie et de Philosophie	1957	stephanus	34	5
Revue de Théologie et de Philosophie	1958	ambiguous	2	2
Revue de Théologie et de Philosophie	1958	nt	3	2
Revue de Théologie et de Philosophie	1958	stephanus	3	2
Revue de Théologie et de Philosophie	1959	nt	4	3
Revue de Théologie et de Philosophie	1959	stephanus	6	4
Revue de Théologie et de Philosophie	1960	nt	1	1
Revue de Théologie et de Philosophie	1960	stephanus	10	4
Revue de Théologie et de Philosophie	1961	nt	5	3
Revue de Théologie et de Philosophie	1961	stephanus	6	6
Revue de Théologie et de Philosophie	1962	nt	1	1
Revue de Théologie et de Philosophie	1962	stephanus	5	5
Revue de Théologie et de Philosophie	1963	nt	1	1
Revue de Théologie et de Philosophie	1963	stephanus	2	2
Revue de Théologie et de Philosophie	1964	nt	3	3
Revue de Théologie et de Philosophie	1964	stephanus	4	3
Revue de Théologie et de Philosophie	1965	ambiguous	7	4
Revue de Théologie et de Philosophie	1965	nt	1	1
Revue de Théologie et de Philosophie	1965	stephanus	11	8
Revue de Théologie et de Philosophie	1966	ambiguous	6	1
Revue de Théologie et de Philosophie	1966	nt	3	3
Revue de Théologie et de Philosophie	1966	stephanus	4	4
Revue de Théologie et de Philosophie	1967	nt	5	4
Revue de Théologie et de Philosophie	1967	stephanus	5	4
Revue de Théologie et de Philosophie	1968	ambiguous	32	1
Revue de Théologie et de Philosophie	1968	nt	1	1
Revue de Théologie et de Philosophie	1968	stephanus	8	7
Revue de Théologie et de Philosophie	1969	bekker	1	1
Revue de Théologie et de Philosophie	1969	nt	6	2
Revue de Théologie et de Philosophie	1969	stephanus	3	3
Revue de Théologie et de Philosophie	1970	ambiguous	25	1
Revue de Théologie et de Philosophie	1970	nt	9	2
Revue de Théologie et de Philosophie	1970	stephanus	22	6
Revue de Théologie et de Philosophie	1971	nt	2	2
Revue de Théologie et de Philosophie	1971	stephanus	6	6
Revue de Théologie et de Philosophie	1972	ambiguous	40	1
Revue de Théologie et de Philosophie	1972	nt	8	4
Revue de Théologie et de Philosophie	1972	stephanus	12	9
Revue de Théologie et de Philosophie	1973	ambiguous	19	3
Revue de Théologie et de Philosophie	1973	nt	3	3
Revue de Théologie et de Philosophie	1973	stephanus	10	9
Revue de Théologie et de Philosophie	1974	ambiguous	3	2
Revue de Théologie et de Philosophie	1974	bekker	1	1
Revue de Théologie et de Philosophie	1974	nt	3	3
Revue de Théologie et de Philosophie	1974	stephanus	7	4
Revue de Théologie et de Philosophie	1975	bekker	1	1
Revue de Théologie et de Philosophie	1975	stephanus	10	6
Revue de Théologie et de Philosophie	1976	ambiguous	2	1
Revue de Théologie et de Philosophie	1976	bekker	5	1
Revue de Théologie et de Philosophie	1976	stephanus	7	6
Revue de Théologie et de Philosophie	1977	ambiguous	12	6
Revue de Théologie et de Philosophie	1977	stephanus	6	5
Revue de Théologie et de Philosophie	1978	ambiguous	22	7
Revue de Théologie et de Philosophie	1978	stephanus	20	10
Revue de Théologie et de Philosophie	1979	ambiguous	11	5
Revue de Théologie et de Philosophie	1979	bekker	11	1
Revue de Théologie et de Philosophie	1979	stephanus	10	7
Revue de Théologie et de Philosophie	1980	ambiguous	24	6
Revue de Théologie et de Philosophie	1980	stephanus	20	11
Revue de Théologie et de Philosophie	1981	ambiguous	10	3
Revue de Théologie et de Philosophie	1981	stephanus	10	8
Revue de Théologie et de Philosophie	1982	ambiguous	27	7
Revue de Théologie et de Philosophie	1982	bekker	1	1
Revue de Théologie et de Philosophie	1982	stephanus	19	9
Revue de Théologie et de Philosophie	1983	ambiguous	78	6
Revue de Théologie et de Philosophie	1983	bekker	10	1
Revue de Théologie et de Philosophie	1983	stephanus	92	14
Revue de Théologie et de Philosophie	1984	ambiguous	7	3
Revue de Théologie et de Philosophie	1984	bekker	5	2
Revue de Théologie et de Philosophie	1984	stephanus	51	10
Revue de Théologie et de Philosophie	1985	ambiguous	5	5
Revue de Théologie et de Philosophie	1985	bekker	1	1
Revue de Théologie et de Philosophie	1985	stephanus	8	6
Revue de Théologie et de Philosophie	1986	ambiguous	46	5
Revue de Théologie et de Philosophie	1986	bekker	4	2
Revue de Théologie et de Philosophie	1986	stephanus	20	15
Revue de Théologie et de Philosophie	1987	ambiguous	13	9
Revue de Théologie et de Philosophie	1987	bekker	8	2
Revue de Théologie et de Philosophie	1987	nt	1	1
Revue de Théologie et de Philosophie	1987	stephanus	19	14
Revue de Théologie et de Philosophie	1988	ambiguous	6	2
Revue de Théologie et de Philosophie	1988	stephanus	13	9
Revue de Théologie et de Philosophie	1989	ambiguous	6	2
Revue de Théologie et de Philosophie	1989	bekker	1	1
Revue de Théologie et de Philosophie	1989	stephanus	14	9
Revue de Théologie et de Philosophie	1990	ambiguous	79	12
Revue de Théologie et de Philosophie	1990	bekker	20	2
Revue de Théologie et de Philosophie	1990	homer	5	1
Revue de Théologie et de Philosophie	1990	stephanus	27	10
Revue de Théologie et de Philosophie	1991	ambiguous	16	7
Revue de Théologie et de Philosophie	1991	bekker	4	1
Revue de Théologie et de Philosophie	1991	stephanus	9	6
Revue de Théologie et de Philosophie	1992	ambiguous	1	1
Revue de Théologie et de Philosophie	1992	bekker	23	3
Revue de Théologie et de Philosophie	1992	homer	3	1
Revue de Théologie et de Philosophie	1992	stephanus	3	2
Revue de Théologie et de Philosophie	1993	ambiguous	16	7
Revue de Théologie et de Philosophie	1993	bekker	5	2
Revue de Théologie et de Philosophie	1993	stephanus	10	9
Revue de Théologie et de Philosophie	1994	ambiguous	19	8
Revue de Théologie et de Philosophie	1994	bekker	8	2
Revue de Théologie et de Philosophie	1994	stephanus	20	15
Revue de Théologie et de Philosophie	1995	ambiguous	8	3
Revue de Théologie et de Philosophie	1995	bekker	7	1
Revue de Théologie et de Philosophie	1995	stephanus	5	5
Revue de Théologie et de Philosophie	1996	ambiguous	8	4
Revue de Théologie et de Philosophie	1996	bekker	6	2
Revue de Théologie et de Philosophie	1996	stephanus	10	6
Revue de Théologie et de Philosophie	1997	ambiguous	14	10
Revue de Théologie et de Philosophie	1997	bekker	3	3
Revue de Théologie et de Philosophie	1997	stephanus	6	4
Revue de Théologie et de Philosophie	1998	ambiguous	6	5
Revue de Théologie et de Philosophie	1998	bekker	8	2
Revue de Théologie et de Philosophie	1998	stephanus	3	2
Revue de Théologie et de Philosophie	1999	ambiguous	16	4
Revue de Théologie et de Philosophie	1999	bekker	4	1
Revue de Théologie et de Philosophie	1999	stephanus	6	4
Revue de Théologie et de Philosophie	2000	ambiguous	25	6
Revue de Théologie et de Philosophie	2000	bekker	13	2
Revue de Théologie et de Philosophie	2000	homer	1	1
Revue de Théologie et de Philosophie	2000	stephanus	18	5
Revue de Théologie et de Philosophie	2001	ambiguous	12	4
Revue de Théologie et de Philosophie	2001	bekker	1	1
Revue de Théologie et de Philosophie	2001	stephanus	20	7
Revue de Théologie et de Philosophie	2002	ambiguous	6	4
Revue de Théologie et de Philosophie	2002	stephanus	2	2
Revue de Théologie et de Philosophie	2003	ambiguous	8	5
Revue de Théologie et de Philosophie	2003	bekker	4	1
Revue de Théologie et de Philosophie	2003	stephanus	5	2
Revue de Théologie et de Philosophie	2004	ambiguous	7	6
Revue de Théologie et de Philosophie	2004	bekker	3	1
Revue de Théologie et de Philosophie	2004	homer	1	1
Revue de Théologie et de Philosophie	2004	stephanus	9	3
Revue de Théologie et de Philosophie	2005	ambiguous	19	8
Revue de Théologie et de Philosophie	2005	bekker	5	1
Revue de Théologie et de Philosophie	2005	stephanus	22	7
Revue de Théologie et de Philosophie	2006	ambiguous	6	5
Revue de Théologie et de Philosophie	2006	bekker	6	2
Revue de Théologie et de Philosophie	2006	stephanus	12	8
Revue de Théologie et de Philosophie	2007	ambiguous	50	8
Revue de Théologie et de Philosophie	2007	bekker	17	3
Revue de Théologie et de Philosophie	2007	stephanus	10	5
Revue de Théologie et de Philosophie	2008	ambiguous	5	5
Revue de Théologie et de Philosophie	2008	bekker	3	2
Revue de Théologie et de Philosophie	2008	stephanus	8	4
Revue de Théologie et de Philosophie	2009	ambiguous	7	5
Revue de Théologie et de Philosophie	2009	bekker	4	1
Revue de Théologie et de Philosophie	2009	stephanus	14	8
Revue de Théologie et de Philosophie	2010	ambiguous	4	4
Revue de Théologie et de Philosophie	2010	stephanus	6	5
Revue de Théologie et de Philosophie	2011	ambiguous	15	4
Revue de Théologie et de Philosophie	2011	bekker	9	2
Revue de Théologie et de Philosophie	2011	homer	1	1
Revue de Théologie et de Philosophie	2011	stephanus	15	4
Revue de Théologie et de Philosophie	2012	ambiguous	35	6
Revue de Théologie et de Philosophie	2012	bekker	3	1
Revue de Théologie et de Philosophie	2012	homer	2	1
Revue de Théologie et de Philosophie	2012	stephanus	18	7
Revue de Théologie et de Philosophie	2013	ambiguous	22	5
Revue de Théologie et de Philosophie	2013	bekker	6	2
Revue de Théologie et de Philosophie	2013	stephanus	37	8
Revue de Théologie et de Philosophie	2014	ambiguous	35	4
Revue de Théologie et de Philosophie	2014	bekker	1	1
Revue de Théologie et de Philosophie	2014	stephanus	38	5
Revue de Théologie et de Philosophie	2015	ambiguous	10	4
Revue de Théologie et de Philosophie	2015	bekker	7	4
Revue de Théologie et de Philosophie	2015	stephanus	8	6
Revue de Théologie et de Philosophie	2016	ambiguous	10	3
Revue de Théologie et de Philosophie	2016	stephanus	13	8
Revue de Théologie et de Philosophie	2017	ambiguous	42	7
Revue de Théologie et de Philosophie	2017	nt	1	1
Revue de Théologie et de Philosophie	2017	stephanus	10	3
Revue de Théologie et de Philosophie	2018	ambiguous	72	4
Revue de Théologie et de Philosophie	2018	stephanus	85	4
Revue de Théologie et de Philosophie	2019	ambiguous	35	8
Revue de Théologie et de Philosophie	2019	bekker	12	4
Revue de Théologie et de Philosophie	2019	nt	1	1
Revue de Théologie et de Philosophie	2019	stephanus	23	9
Revue de Théologie et de Philosophie	2020	ambiguous	4	4
Revue de Théologie et de Philosophie	2020	stephanus	8	6
Revue de Théologie et de Philosophie	2021	ambiguous	19	6
Revue de Théologie et de Philosophie	2021	bekker	1	1
Revue de Théologie et de Philosophie	2021	stephanus	11	5
Revue de Théologie et de Philosophie	2022	ambiguous	9	6
Revue de Théologie et de Philosophie	2022	stephanus	11	8
Revue de Théologie et de Philosophie et Compte-rendu des Principales Publications Scientifiques	1873	ambiguous	1	1
Revue de Théologie et de Philosophie et Compte-rendu des Principales Publications Scientifiques	1873	stephanus	9	4
Revue de Théologie et de Philosophie et Compte-rendu des Principales Publications Scientifiques	1874	ambiguous	1	1
Revue de Théologie et de Philosophie et Compte-rendu des Principales Publications Scientifiques	1874	stephanus	3	3
Revue de Théologie et de Philosophie et Compte-rendu des Principales Publications Scientifiques	1875	stephanus	1	1
Revue de Théologie et de Philosophie et Compte-rendu des Principales Publications Scientifiques	1876	stephanus	5	4
Revue de Théologie et de Philosophie et Compte-rendu des Principales Publications Scientifiques	1877	homer	1	1
Revue de Théologie et de Philosophie et Compte-rendu des Principales Publications Scientifiques	1877	stephanus	6	5
Revue de Théologie et de Philosophie et Compte-rendu des Principales Publications Scientifiques	1878	homer	1	1
Revue de Théologie et de Philosophie et Compte-rendu des Principales Publications Scientifiques	1878	stephanus	2	2
Revue de Théologie et de Philosophie et Compte-rendu des Principales Publications Scientifiques	1879	stephanus	3	3
Revue de Théologie et de Philosophie et Compte-rendu des Principales Publications Scientifiques	1880	stephanus	4	3
Revue de Théologie et de Philosophie et Compte-rendu des Principales Publications Scientifiques	1881	ambiguous	1	1
Revue de Théologie et de Philosophie et Compte-rendu des Principales Publications Scientifiques	1881	homer	1	1
Revue de Théologie et de Philosophie et Compte-rendu des Principales Publications Scientifiques	1881	stephanus	8	6
Revue de Théologie et de Philosophie et Compte-rendu des Principales Publications Scientifiques	1882	ambiguous	1	1
Revue de Théologie et de Philosophie et Compte-rendu des Principales Publications Scientifiques	1882	stephanus	11	7
Revue de Théologie et de Philosophie et Compte-rendu des Principales Publications Scientifiques	1883	ambiguous	4	2
Revue de Théologie et de Philosophie et Compte-rendu des Principales Publications Scientifiques	1883	stephanus	6	3
Revue de Théologie et de Philosophie et Compte-rendu des Principales Publications Scientifiques	1884	ambiguous	2	2
Revue de Théologie et de Philosophie et Compte-rendu des Principales Publications Scientifiques	1884	homer	1	1
Revue de Théologie et de Philosophie et Compte-rendu des Principales Publications Scientifiques	1884	stephanus	8	5
Revue de Théologie et de Philosophie et Compte-rendu des Principales Publications Scientifiques	1885	ambiguous	64	3
Revue de Théologie et de Philosophie et Compte-rendu des Principales Publications Scientifiques	1885	stephanus	3	3
Revue de Théologie et de Philosophie et Compte-rendu des Principales Publications Scientifiques	1886	homer	1	1
Revue de Théologie et de Philosophie et Compte-rendu des Principales Publications Scientifiques	1886	stephanus	1	1
Revue de Théologie et de Philosophie et Compte-rendu des Principales Publications Scientifiques	1887	ambiguous	2	2
Revue de Théologie et de Philosophie et Compte-rendu des Principales Publications Scientifiques	1887	stephanus	7	6
Revue de Théologie et de Philosophie et Compte-rendu des Principales Publications Scientifiques	1888	ambiguous	1	1
Revue de Théologie et de Philosophie et Compte-rendu des Principales Publications Scientifiques	1888	stephanus	2	2
Revue de Théologie et de Philosophie et Compte-rendu des Principales Publications Scientifiques	1889	ambiguous	2	2
Revue de Théologie et de Philosophie et Compte-rendu des Principales Publications Scientifiques	1889	stephanus	13	4
Revue de Théologie et de Philosophie et Compte-rendu des Principales Publications Scientifiques	1890	ambiguous	2	2
Revue de Théologie et de Philosophie et Compte-rendu des Principales Publications Scientifiques	1890	homer	1	1
Revue de Théologie et de Philosophie et Compte-rendu des Principales Publications Scientifiques	1890	stephanus	6	5
Revue de Théologie et de Philosophie et Compte-rendu des Principales Publications Scientifiques	1891	ambiguous	4	4
Revue de Théologie et de Philosophie et Compte-rendu des Principales Publications Scientifiques	1891	homer	1	1
Revue de Théologie et de Philosophie et Compte-rendu des Principales Publications Scientifiques	1891	stephanus	5	3
Revue de Théologie et de Philosophie et Compte-rendu des Principales Publications Scientifiques	1892	homer	2	2
Revue de Théologie et de Philosophie et Compte-rendu des Principales Publications Scientifiques	1892	nt	4	2
Revue de Théologie et de Philosophie et Compte-rendu des Principales Publications Scientifiques	1892	stephanus	6	5
Revue de Théologie et de Philosophie et Compte-rendu des Principales Publications Scientifiques	1893	ambiguous	2	2
Revue de Théologie et de Philosophie et Compte-rendu des Principales Publications Scientifiques	1893	homer	1	1
Revue de Théologie et de Philosophie et Compte-rendu des Principales Publications Scientifiques	1893	stephanus	11	3
Revue de Théologie et de Philosophie et Compte-rendu des Principales Publications Scientifiques	1894	ambiguous	1	1
Revue de Théologie et de Philosophie et Compte-rendu des Principales Publications Scientifiques	1894	homer	2	2
Revue de Théologie et de Philosophie et Compte-rendu des Principales Publications Scientifiques	1894	stephanus	24	1
Revue de Théologie et de Philosophie et Compte-rendu des Principales Publications Scientifiques	1895	ambiguous	1	1
Revue de Théologie et de Philosophie et Compte-rendu des Principales Publications Scientifiques	1895	bekker	1	1
Revue de Théologie et de Philosophie et Compte-rendu des Principales Publications Scientifiques	1895	homer	1	1
Revue de Théologie et de Philosophie et Compte-rendu des Principales Publications Scientifiques	1896	ambiguous	1	1
Revue de Théologie et de Philosophie et Compte-rendu des Principales Publications Scientifiques	1896	stephanus	1	1
Revue de Théologie et de Philosophie et Compte-rendu des Principales Publications Scientifiques	1897	ambiguous	1	1
Revue de Théologie et de Philosophie et Compte-rendu des Principales Publications Scientifiques	1897	stephanus	2	2
Revue de Théologie et de Philosophie et Compte-rendu des Principales Publications Scientifiques	1898	ambiguous	1	1
Revue de Théologie et de Philosophie et Compte-rendu des Principales Publications Scientifiques	1898	homer	1	1
Revue de Théologie et de Philosophie et Compte-rendu des Principales Publications Scientifiques	1898	stephanus	4	4
Revue de Théologie et de Philosophie et Compte-rendu des Principales Publications Scientifiques	1899	ambiguous	7	4
Revue de Théologie et de Philosophie et Compte-rendu des Principales Publications Scientifiques	1899	stephanus	5	4
Revue de Théologie et de Philosophie et Compte-rendu des Principales Publications Scientifiques	1900	stephanus	4	4
Revue de Théologie et de Philosophie et Compte-rendu des Principales Publications Scientifiques	1901	ambiguous	15	3
Revue de Théologie et de Philosophie et Compte-rendu des Principales Publications Scientifiques	1901	stephanus	13	5
Revue de Théologie et de Philosophie et Compte-rendu des Principales Publications Scientifiques	1902	ambiguous	2	1
Revue de Théologie et de Philosophie et Compte-rendu des Principales Publications Scientifiques	1902	stephanus	2	2
Revue de Théologie et de Philosophie et Compte-rendu des Principales Publications Scientifiques	1903	ambiguous	3	2
Revue de Théologie et de Philosophie et Compte-rendu des Principales Publications Scientifiques	1903	stephanus	8	6
Revue de Théologie et de Philosophie et Compte-rendu des Principales Publications Scientifiques	1904	ambiguous	1	1
Revue de Théologie et de Philosophie et Compte-rendu des Principales Publications Scientifiques	1904	stephanus	9	8
Revue de Théologie et de Philosophie et Compte-rendu des Principales Publications Scientifiques	1905	stephanus	4	4
Revue de Théologie et de Philosophie et Compte-rendu des Principales Publications Scientifiques	1906	stephanus	5	3
Revue de Théologie et de Philosophie et Compte-rendu des Principales Publications Scientifiques	1907	ambiguous	1	1
Revue de Théologie et de Philosophie et Compte-rendu des Principales Publications Scientifiques	1907	stephanus	4	3
Revue de Théologie et de Philosophie et Compte-rendu des Principales Publications Scientifiques	1908	homer	1	1
Revue de Théologie et de Philosophie et Compte-rendu des Principales Publications Scientifiques	1908	stephanus	3	2
Revue de Théologie et de Philosophie et Compte-rendu des Principales Publications Scientifiques	1909	nt	15	8
Revue de Théologie et de Philosophie et Compte-rendu des Principales Publications Scientifiques	1909	stephanus	5	4
Revue de Théologie et de Philosophie et Compte-rendu des Principales Publications Scientifiques	1910	ambiguous	20	3
Revue de Théologie et de Philosophie et Compte-rendu des Principales Publications Scientifiques	1910	nt	5	4
Revue de Théologie et de Philosophie et Compte-rendu des Principales Publications Scientifiques	1910	stephanus	8	6
Revue de Théologie et de Philosophie et Compte-rendu des Principales Publications Scientifiques	1911	ambiguous	44	5
Revue de Théologie et de Philosophie et Compte-rendu des Principales Publications Scientifiques	1911	homer	3	1
Revue de Théologie et de Philosophie et Compte-rendu des Principales Publications Scientifiques	1911	nt	13	3
Revue de Théologie et de Philosophie et Compte-rendu des Principales Publications Scientifiques	1911	stephanus	21	13
Rheinisches Museum für Philologie	1832	ambiguous	40	10
Rheinisches Museum für Philologie	1832	bekker	1	1
Rheinisches Museum für Philologie	1832	homer	8	6
Rheinisches Museum für Philologie	1832	stephanus	22	9
Rheinisches Museum für Philologie	1834	ambiguous	15	11
Rheinisches Museum für Philologie	1834	bekker	1	1
Rheinisches Museum für Philologie	1834	homer	5	2
Rheinisches Museum für Philologie	1834	pindar	1	1
Rheinisches Museum für Philologie	1834	stephanus	17	10
Rheinisches Museum für Philologie	1835	ambiguous	16	8
Rheinisches Museum für Philologie	1835	homer	10	8
Rheinisches Museum für Philologie	1835	stephanus	8	5
Rheinisches Museum für Philologie	1836	ambiguous	13	6
Rheinisches Museum für Philologie	1836	bekker	1	1
Rheinisches Museum für Philologie	1836	stephanus	4	4
Rheinisches Museum für Philologie	1837	ambiguous	9	6
Rheinisches Museum für Philologie	1837	homer	2	1
Rheinisches Museum für Philologie	1837	stephanus	7	6
Rheinisches Museum für Philologie	1839	ambiguous	15	9
Rheinisches Museum für Philologie	1839	homer	3	3
Rheinisches Museum für Philologie	1839	stephanus	9	6
Rheinisches Museum für Philologie	1842	ambiguous	9	5
Rheinisches Museum für Philologie	1842	homer	1	1
Rheinisches Museum für Philologie	1842	stephanus	2	2
Rheinisches Museum für Philologie	1843	ambiguous	10	9
Rheinisches Museum für Philologie	1843	homer	13	2
Rheinisches Museum für Philologie	1843	stephanus	9	6
Rheinisches Museum für Philologie	1845	ambiguous	8	2
Rheinisches Museum für Philologie	1845	homer	5	4
Rheinisches Museum für Philologie	1845	stephanus	3	2
Rheinisches Museum für Philologie	1846	ambiguous	7	6
Rheinisches Museum für Philologie	1846	homer	3	2
Rheinisches Museum für Philologie	1846	stephanus	11	6
Rheinisches Museum für Philologie	1847	ambiguous	3	3
Rheinisches Museum für Philologie	1847	homer	2	2
Rheinisches Museum für Philologie	1847	stephanus	3	3
Rheinisches Museum für Philologie	1848	ambiguous	21	13
Rheinisches Museum für Philologie	1848	bekker	1	1
Rheinisches Museum für Philologie	1848	homer	2	2
Rheinisches Museum für Philologie	1848	stephanus	19	10
Rheinisches Museum für Philologie	1850	ambiguous	10	7
Rheinisches Museum für Philologie	1850	homer	2	2
Rheinisches Museum für Philologie	1850	stephanus	5	4
Rheinisches Museum für Philologie	1853	ambiguous	6	6
Rheinisches Museum für Philologie	1853	homer	4	4
Rheinisches Museum für Philologie	1853	stephanus	3	3
Rheinisches Museum für Philologie	1854	ambiguous	10	10
Rheinisches Museum für Philologie	1854	bekker	1	1
Rheinisches Museum für Philologie	1854	homer	1	1
Rheinisches Museum für Philologie	1854	stephanus	2	2
Rheinisches Museum für Philologie	1856	ambiguous	8	6
Rheinisches Museum für Philologie	1856	homer	3	2
Rheinisches Museum für Philologie	1856	stephanus	6	6
Rheinisches Museum für Philologie	1857	ambiguous	18	12
Rheinisches Museum für Philologie	1857	bekker	4	4
Rheinisches Museum für Philologie	1857	homer	2	1
Rheinisches Museum für Philologie	1857	stephanus	20	10
Rheinisches Museum für Philologie	1858	ambiguous	7	7
Rheinisches Museum für Philologie	1858	homer	1	1
Rheinisches Museum für Philologie	1858	stephanus	3	3
Rheinisches Museum für Philologie	1859	ambiguous	13	9
Rheinisches Museum für Philologie	1859	bekker	8	5
Rheinisches Museum für Philologie	1859	homer	1	1
Rheinisches Museum für Philologie	1859	stephanus	12	9
Rheinisches Museum für Philologie	1860	ambiguous	12	9
Rheinisches Museum für Philologie	1860	bekker	2	2
Rheinisches Museum für Philologie	1860	homer	1	1
Rheinisches Museum für Philologie	1860	stephanus	8	7
Rheinisches Museum für Philologie	1861	ambiguous	16	7
Rheinisches Museum für Philologie	1861	bekker	9	3
Rheinisches Museum für Philologie	1861	homer	4	1
Rheinisches Museum für Philologie	1861	stephanus	8	6
Rheinisches Museum für Philologie	1862	ambiguous	6	6
Rheinisches Museum für Philologie	1862	homer	2	2
Rheinisches Museum für Philologie	1862	stephanus	3	3
Rheinisches Museum für Philologie	1863	ambiguous	18	9
Rheinisches Museum für Philologie	1863	bekker	21	5
Rheinisches Museum für Philologie	1863	pindar	1	1
Rheinisches Museum für Philologie	1863	stephanus	9	7
Rheinisches Museum für Philologie	1864	ambiguous	55	15
Rheinisches Museum für Philologie	1864	bekker	8	2
Rheinisches Museum für Philologie	1864	homer	3	3
Rheinisches Museum für Philologie	1864	stephanus	9	7
Rheinisches Museum für Philologie	1865	ambiguous	22	11
Rheinisches Museum für Philologie	1865	bekker	21	2
Rheinisches Museum für Philologie	1865	homer	1	1
Rheinisches Museum für Philologie	1865	stephanus	38	8
Rheinisches Museum für Philologie	1866	ambiguous	87	11
Rheinisches Museum für Philologie	1866	bekker	47	4
Rheinisches Museum für Philologie	1866	homer	9	1
Rheinisches Museum für Philologie	1866	stephanus	99	13
Rheinisches Museum für Philologie	1867	ambiguous	8	6
Rheinisches Museum für Philologie	1867	bekker	21	4
Rheinisches Museum für Philologie	1867	homer	2	1
Rheinisches Museum für Philologie	1867	stephanus	15	10
Rheinisches Museum für Philologie	1868	ambiguous	19	12
Rheinisches Museum für Philologie	1868	bekker	2	1
Rheinisches Museum für Philologie	1868	homer	1	1
Rheinisches Museum für Philologie	1868	stephanus	15	8
Rheinisches Museum für Philologie	1869	ambiguous	44	16
Rheinisches Museum für Philologie	1869	bekker	2	2
Rheinisches Museum für Philologie	1869	stephanus	29	14
Rheinisches Museum für Philologie	1870	ambiguous	16	5
Rheinisches Museum für Philologie	1870	bekker	6	4
Rheinisches Museum für Philologie	1870	homer	1	1
Rheinisches Museum für Philologie	1870	stephanus	8	6
Rheinisches Museum für Philologie	1871	ambiguous	16	10
Rheinisches Museum für Philologie	1871	bekker	13	1
Rheinisches Museum für Philologie	1871	homer	6	5
Rheinisches Museum für Philologie	1871	stephanus	5	3
Rheinisches Museum für Philologie	1872	ambiguous	17	13
Rheinisches Museum für Philologie	1872	bekker	3	2
Rheinisches Museum für Philologie	1872	stephanus	11	7
Rheinisches Museum für Philologie	1873	ambiguous	22	11
Rheinisches Museum für Philologie	1873	bekker	7	4
Rheinisches Museum für Philologie	1873	homer	10	4
Rheinisches Museum für Philologie	1873	stephanus	12	9
Rheinisches Museum für Philologie	1874	ambiguous	118	11
Rheinisches Museum für Philologie	1874	bekker	5	3
Rheinisches Museum für Philologie	1874	homer	2	2
Rheinisches Museum für Philologie	1874	stephanus	6	3
Rheinisches Museum für Philologie	1875	ambiguous	44	14
Rheinisches Museum für Philologie	1875	bekker	4	1
Rheinisches Museum für Philologie	1875	homer	5	2
Rheinisches Museum für Philologie	1875	stephanus	2	1
Rheinisches Museum für Philologie	1876	ambiguous	97	12
Rheinisches Museum für Philologie	1876	bekker	9	3
Rheinisches Museum für Philologie	1876	homer	6	4
Rheinisches Museum für Philologie	1876	stephanus	8	1
Rheinisches Museum für Philologie	1877	ambiguous	13	6
Rheinisches Museum für Philologie	1877	homer	15	4
Rheinisches Museum für Philologie	1877	stephanus	1	1
Rheinisches Museum für Philologie	1878	ambiguous	76	12
Rheinisches Museum für Philologie	1878	bekker	8	5
Rheinisches Museum für Philologie	1878	homer	2	2
Rheinisches Museum für Philologie	1878	stephanus	65	4
Rheinisches Museum für Philologie	1879	ambiguous	31	7
Rheinisches Museum für Philologie	1879	bekker	5	3
Rheinisches Museum für Philologie	1879	homer	3	3
Rheinisches Museum für Philologie	1879	stephanus	5	4
Rheinisches Museum für Philologie	1880	ambiguous	8	4
Rheinisches Museum für Philologie	1880	bekker	4	1
Rheinisches Museum für Philologie	1880	homer	7	4
Rheinisches Museum für Philologie	1880	stephanus	2	2
Rheinisches Museum für Philologie	1881	ambiguous	63	9
Rheinisches Museum für Philologie	1881	bekker	1	1
Rheinisches Museum für Philologie	1881	homer	5	5
Rheinisches Museum für Philologie	1881	stephanus	2	1
Rheinisches Museum für Philologie	1882	ambiguous	11	5
Rheinisches Museum für Philologie	1882	bekker	2	1
Rheinisches Museum für Philologie	1882	homer	12	8
Rheinisches Museum für Philologie	1882	stephanus	3	3
Rheinisches Museum für Philologie	1883	ambiguous	38	7
Rheinisches Museum für Philologie	1883	homer	5	3
Rheinisches Museum für Philologie	1883	stephanus	2	2
Rheinisches Museum für Philologie	1884	ambiguous	64	16
Rheinisches Museum für Philologie	1884	bekker	85	3
Rheinisches Museum für Philologie	1884	homer	7	6
Rheinisches Museum für Philologie	1884	stephanus	5	3
Rheinisches Museum für Philologie	1885	ambiguous	60	13
Rheinisches Museum für Philologie	1885	bekker	16	5
Rheinisches Museum für Philologie	1885	homer	3	3
Rheinisches Museum für Philologie	1885	stephanus	4	4
Rheinisches Museum für Philologie	1886	ambiguous	31	11
Rheinisches Museum für Philologie	1886	bekker	31	2
Rheinisches Museum für Philologie	1886	homer	5	4
Rheinisches Museum für Philologie	1886	stephanus	8	3
Rheinisches Museum für Philologie	1887	ambiguous	37	11
Rheinisches Museum für Philologie	1887	bekker	127	5
Rheinisches Museum für Philologie	1887	homer	22	5
Rheinisches Museum für Philologie	1887	stephanus	3	2
Rheinisches Museum für Philologie	1888	ambiguous	58	7
Rheinisches Museum für Philologie	1888	bekker	60	5
Rheinisches Museum für Philologie	1888	homer	4	4
Rheinisches Museum für Philologie	1888	stephanus	1	1
Rheinisches Museum für Philologie	1889	ambiguous	10	9
Rheinisches Museum für Philologie	1889	homer	4	4
Rheinisches Museum für Philologie	1889	stephanus	7	6
Rheinisches Museum für Philologie	1890	ambiguous	8	4
Rheinisches Museum für Philologie	1890	bekker	2	2
Rheinisches Museum für Philologie	1890	homer	2	2
Rheinisches Museum für Philologie	1890	stephanus	2	2
Rheinisches Museum für Philologie	1891	ambiguous	20	5
Rheinisches Museum für Philologie	1891	bekker	1	1
Rheinisches Museum für Philologie	1891	homer	3	2
Rheinisches Museum für Philologie	1891	stephanus	5	3
Rheinisches Museum für Philologie	1892	ambiguous	20	10
Rheinisches Museum für Philologie	1892	bekker	4	4
Rheinisches Museum für Philologie	1892	homer	5	1
Rheinisches Museum für Philologie	1892	stephanus	11	4
Rheinisches Museum für Philologie	1893	ambiguous	55	13
Rheinisches Museum für Philologie	1893	bekker	4	2
Rheinisches Museum für Philologie	1893	homer	8	5
Rheinisches Museum für Philologie	1893	stephanus	5	5
Rheinisches Museum für Philologie	1894	ambiguous	42	13
Rheinisches Museum für Philologie	1894	bekker	5	4
Rheinisches Museum für Philologie	1894	homer	5	4
Rheinisches Museum für Philologie	1894	stephanus	4	3
Rheinisches Museum für Philologie	1895	ambiguous	28	6
Rheinisches Museum für Philologie	1895	bekker	3	3
Rheinisches Museum für Philologie	1895	homer	13	4
Rheinisches Museum für Philologie	1895	stephanus	4	3
Rheinisches Museum für Philologie	1896	ambiguous	35	15
Rheinisches Museum für Philologie	1896	bekker	2	2
Rheinisches Museum für Philologie	1896	homer	10	7
Rheinisches Museum für Philologie	1896	stephanus	11	5
Rheinisches Museum für Philologie	1897	ambiguous	59	19
Rheinisches Museum für Philologie	1897	bekker	7	4
Rheinisches Museum für Philologie	1897	homer	20	4
Rheinisches Museum für Philologie	1897	stephanus	9	5
Rheinisches Museum für Philologie	1898	ambiguous	32	10
Rheinisches Museum für Philologie	1898	bekker	2	2
Rheinisches Museum für Philologie	1898	homer	20	8
Rheinisches Museum für Philologie	1898	stephanus	17	8
Rheinisches Museum für Philologie	1899	ambiguous	19	9
Rheinisches Museum für Philologie	1899	bekker	8	4
Rheinisches Museum für Philologie	1899	homer	4	3
Rheinisches Museum für Philologie	1899	stephanus	6	4
Rheinisches Museum für Philologie	1900	ambiguous	20	7
Rheinisches Museum für Philologie	1900	bekker	4	4
Rheinisches Museum für Philologie	1900	homer	2	2
Rheinisches Museum für Philologie	1900	stephanus	13	9
Rheinisches Museum für Philologie	1901	ambiguous	57	19
Rheinisches Museum für Philologie	1901	bekker	4	3
Rheinisches Museum für Philologie	1901	homer	5	3
Rheinisches Museum für Philologie	1901	stephanus	15	7
Rheinisches Museum für Philologie	1902	ambiguous	60	13
Rheinisches Museum für Philologie	1902	bekker	8	6
Rheinisches Museum für Philologie	1902	homer	9	7
Rheinisches Museum für Philologie	1902	stephanus	27	10
Rheinisches Museum für Philologie	1903	ambiguous	207	16
Rheinisches Museum für Philologie	1903	bekker	3	3
Rheinisches Museum für Philologie	1903	homer	12	6
Rheinisches Museum für Philologie	1903	stephanus	245	7
Rheinisches Museum für Philologie	1904	ambiguous	21	11
Rheinisches Museum für Philologie	1904	bekker	5	4
Rheinisches Museum für Philologie	1904	homer	9	5
Rheinisches Museum für Philologie	1904	stephanus	13	6
Rheinisches Museum für Philologie	1905	ambiguous	52	15
Rheinisches Museum für Philologie	1905	bekker	9	5
Rheinisches Museum für Philologie	1905	homer	21	8
Rheinisches Museum für Philologie	1905	stephanus	5	2
Rheinisches Museum für Philologie	1906	ambiguous	23	8
Rheinisches Museum für Philologie	1906	bekker	2	2
Rheinisches Museum für Philologie	1906	homer	3	2
Rheinisches Museum für Philologie	1906	stephanus	8	4
Rheinisches Museum für Philologie	1907	ambiguous	10	8
Rheinisches Museum für Philologie	1907	bekker	1	1
Rheinisches Museum für Philologie	1907	homer	6	5
Rheinisches Museum für Philologie	1907	stephanus	16	12
Rheinisches Museum für Philologie	1908	ambiguous	31	12
Rheinisches Museum für Philologie	1908	bekker	6	3
Rheinisches Museum für Philologie	1908	homer	4	4
Rheinisches Museum für Philologie	1908	stephanus	6	4
Rheinisches Museum für Philologie	1909	ambiguous	22	12
Rheinisches Museum für Philologie	1909	bekker	6	3
Rheinisches Museum für Philologie	1909	homer	12	6
Rheinisches Museum für Philologie	1909	stephanus	4	4
Rheinisches Museum für Philologie	1910	ambiguous	50	14
Rheinisches Museum für Philologie	1910	bekker	1	1
Rheinisches Museum für Philologie	1910	homer	1	1
Rheinisches Museum für Philologie	1910	stephanus	9	6
Rheinisches Museum für Philologie	1911	ambiguous	20	10
Rheinisches Museum für Philologie	1911	bekker	4	2
Rheinisches Museum für Philologie	1911	homer	4	1
Rheinisches Museum für Philologie	1911	stephanus	12	5
Rheinisches Museum für Philologie	1912	ambiguous	27	10
Rheinisches Museum für Philologie	1912	homer	6	3
Rheinisches Museum für Philologie	1912	stephanus	5	3
Rheinisches Museum für Philologie	1913	ambiguous	17	12
Rheinisches Museum für Philologie	1913	bekker	3	2
Rheinisches Museum für Philologie	1913	homer	5	2
Rheinisches Museum für Philologie	1913	stephanus	18	5
Rheinisches Museum für Philologie	1914	ambiguous	20	7
Rheinisches Museum für Philologie	1914	bekker	5	2
Rheinisches Museum für Philologie	1914	homer	3	2
Rheinisches Museum für Philologie	1914	stephanus	5	4
Rheinisches Museum für Philologie	1915	ambiguous	46	11
Rheinisches Museum für Philologie	1915	bekker	3	3
Rheinisches Museum für Philologie	1915	homer	25	6
Rheinisches Museum für Philologie	1915	stephanus	2	2
Rheinisches Museum für Philologie	1916	ambiguous	28	10
Rheinisches Museum für Philologie	1916	bekker	4	3
Rheinisches Museum für Philologie	1916	homer	2	1
Rheinisches Museum für Philologie	1916	stephanus	13	6
Rheinisches Museum für Philologie	1917	ambiguous	49	10
Rheinisches Museum für Philologie	1917	bekker	22	5
Rheinisches Museum für Philologie	1917	homer	2	2
Rheinisches Museum für Philologie	1917	stephanus	23	8
Rheinisches Museum für Philologie	1920	ambiguous	19	5
Rheinisches Museum für Philologie	1920	bekker	2	1
Rheinisches Museum für Philologie	1920	stephanus	4	4
Rheinisches Museum für Philologie	1924	ambiguous	2	2
Rheinisches Museum für Philologie	1925	ambiguous	22	8
Rheinisches Museum für Philologie	1925	homer	8	5
Rheinisches Museum für Philologie	1925	stephanus	5	2
Rheinisches Museum für Philologie	1926	ambiguous	13	9
Rheinisches Museum für Philologie	1926	bekker	5	2
Rheinisches Museum für Philologie	1926	homer	6	4
Rheinisches Museum für Philologie	1926	stephanus	7	7
Rheinisches Museum für Philologie	1927	ambiguous	33	5
Rheinisches Museum für Philologie	1927	bekker	73	3
Rheinisches Museum für Philologie	1927	homer	3	3
Rheinisches Museum für Philologie	1927	stephanus	24	2
Rheinisches Museum für Philologie	1928	ambiguous	14	8
Rheinisches Museum für Philologie	1928	bekker	3	1
Rheinisches Museum für Philologie	1928	homer	5	1
Rheinisches Museum für Philologie	1928	stephanus	13	4
Rheinisches Museum für Philologie	1929	ambiguous	19	10
Rheinisches Museum für Philologie	1929	bekker	4	3
Rheinisches Museum für Philologie	1929	homer	5	3
Rheinisches Museum für Philologie	1929	stephanus	4	4
Rheinisches Museum für Philologie	1930	ambiguous	24	13
Rheinisches Museum für Philologie	1930	bekker	7	4
Rheinisches Museum für Philologie	1930	homer	2	2
Rheinisches Museum für Philologie	1930	stephanus	5	4
Rheinisches Museum für Philologie	1931	ambiguous	9	7
Rheinisches Museum für Philologie	1931	bekker	4	3
Rheinisches Museum für Philologie	1931	homer	2	2
Rheinisches Museum für Philologie	1931	stephanus	11	9
Rheinisches Museum für Philologie	1932	ambiguous	21	5
Rheinisches Museum für Philologie	1932	bekker	10	5
Rheinisches Museum für Philologie	1932	stephanus	16	7
Rheinisches Museum für Philologie	1933	ambiguous	17	7
Rheinisches Museum für Philologie	1933	bekker	8	2
Rheinisches Museum für Philologie	1933	homer	4	2
Rheinisches Museum für Philologie	1933	stephanus	24	6
Rheinisches Museum für Philologie	1934	ambiguous	15	5
Rheinisches Museum für Philologie	1934	bekker	4	2
Rheinisches Museum für Philologie	1934	stephanus	28	4
Rheinisches Museum für Philologie	1935	ambiguous	31	7
Rheinisches Museum für Philologie	1935	bekker	8	5
Rheinisches Museum für Philologie	1935	stephanus	5	3
Rheinisches Museum für Philologie	1936	ambiguous	15	4
Rheinisches Museum für Philologie	1936	bekker	2	2
Rheinisches Museum für Philologie	1936	homer	3	3
Rheinisches Museum für Philologie	1937	ambiguous	27	7
Rheinisches Museum für Philologie	1937	bekker	9	2
Rheinisches Museum für Philologie	1937	homer	1	1
Rheinisches Museum für Philologie	1937	stephanus	3	2
Rheinisches Museum für Philologie	1938	ambiguous	14	8
Rheinisches Museum für Philologie	1938	bekker	1	1
Rheinisches Museum für Philologie	1938	homer	3	3
Rheinisches Museum für Philologie	1938	stephanus	7	3
Rheinisches Museum für Philologie	1939	ambiguous	27	8
Rheinisches Museum für Philologie	1939	bekker	9	7
Rheinisches Museum für Philologie	1939	homer	12	4
Rheinisches Museum für Philologie	1939	stephanus	14	3
Rheinisches Museum für Philologie	1940	ambiguous	31	4
Rheinisches Museum für Philologie	1940	bekker	2	2
Rheinisches Museum für Philologie	1940	homer	4	3
Rheinisches Museum für Philologie	1940	stephanus	3	2
Rheinisches Museum für Philologie	1941	ambiguous	5	4
Rheinisches Museum für Philologie	1941	homer	5	4
Rheinisches Museum für Philologie	1941	stephanus	3	3
Rheinisches Museum für Philologie	1942	ambiguous	37	7
Rheinisches Museum für Philologie	1942	bekker	18	4
Rheinisches Museum für Philologie	1942	homer	4	4
Rheinisches Museum für Philologie	1942	stephanus	3	3
Rheinisches Museum für Philologie	1943	ambiguous	14	4
Rheinisches Museum für Philologie	1943	homer	4	2
Rheinisches Museum für Philologie	1943	stephanus	5	2
Rheinisches Museum für Philologie	1944	ambiguous	22	4
Rheinisches Museum für Philologie	1944	bekker	1	1
Rheinisches Museum für Philologie	1944	homer	7	2
Rheinisches Museum für Philologie	1944	stephanus	11	3
Rheinisches Museum für Philologie	1949	ambiguous	8	2
Rheinisches Museum für Philologie	1949	homer	1	1
Rheinisches Museum für Philologie	1949	stephanus	2	1
Rheinisches Museum für Philologie	1950	ambiguous	2	2
Rheinisches Museum für Philologie	1950	bekker	2	2
Rheinisches Museum für Philologie	1950	homer	11	3
Rheinisches Museum für Philologie	1950	stephanus	5	3
Rheinisches Museum für Philologie	1951	ambiguous	26	6
Rheinisches Museum für Philologie	1951	bekker	5	2
Rheinisches Museum für Philologie	1951	homer	1	1
Rheinisches Museum für Philologie	1951	stephanus	6	4
Rheinisches Museum für Philologie	1952	ambiguous	12	8
Rheinisches Museum für Philologie	1952	bekker	2	2
Rheinisches Museum für Philologie	1952	homer	5	1
Rheinisches Museum für Philologie	1952	stephanus	1	1
Rheinisches Museum für Philologie	1953	ambiguous	33	7
Rheinisches Museum für Philologie	1953	homer	3	1
Rheinisches Museum für Philologie	1953	stephanus	6	3
Rheinisches Museum für Philologie	1954	ambiguous	42	8
Rheinisches Museum für Philologie	1954	bekker	5	3
Rheinisches Museum für Philologie	1954	homer	1	1
Rheinisches Museum für Philologie	1954	stephanus	4	1
Rheinisches Museum für Philologie	1955	ambiguous	2	2
Rheinisches Museum für Philologie	1955	homer	4	2
Rheinisches Museum für Philologie	1955	stephanus	4	4
Rheinisches Museum für Philologie	1956	ambiguous	24	6
Rheinisches Museum für Philologie	1956	homer	14	3
Rheinisches Museum für Philologie	1956	pindar	4	1
Rheinisches Museum für Philologie	1956	stephanus	9	4
Rheinisches Museum für Philologie	1957	ambiguous	14	8
Rheinisches Museum für Philologie	1957	homer	12	4
Rheinisches Museum für Philologie	1957	stephanus	6	4
Rheinisches Museum für Philologie	1958	ambiguous	57	11
Rheinisches Museum für Philologie	1958	bekker	3	1
Rheinisches Museum für Philologie	1958	homer	12	2
Rheinisches Museum für Philologie	1958	stephanus	9	2
Rheinisches Museum für Philologie	1959	ambiguous	55	14
Rheinisches Museum für Philologie	1959	bekker	13	6
Rheinisches Museum für Philologie	1959	homer	2	2
Rheinisches Museum für Philologie	1959	stephanus	12	9
Rheinisches Museum für Philologie	1960	ambiguous	34	6
Rheinisches Museum für Philologie	1960	bekker	7	3
Rheinisches Museum für Philologie	1960	homer	14	7
Rheinisches Museum für Philologie	1960	stephanus	4	4
Rheinisches Museum für Philologie	1961	ambiguous	21	8
Rheinisches Museum für Philologie	1961	bekker	1	1
Rheinisches Museum für Philologie	1961	homer	4	3
Rheinisches Museum für Philologie	1962	ambiguous	37	9
Rheinisches Museum für Philologie	1962	bekker	9	4
Rheinisches Museum für Philologie	1962	homer	16	4
Rheinisches Museum für Philologie	1962	pindar	1	1
Rheinisches Museum für Philologie	1962	stephanus	11	6
Rheinisches Museum für Philologie	1963	ambiguous	24	8
Rheinisches Museum für Philologie	1963	bekker	1	1
Rheinisches Museum für Philologie	1963	homer	7	3
Rheinisches Museum für Philologie	1963	stephanus	2	2
Rheinisches Museum für Philologie	1964	ambiguous	17	6
Rheinisches Museum für Philologie	1964	bekker	13	2
Rheinisches Museum für Philologie	1964	homer	12	5
Rheinisches Museum für Philologie	1964	stephanus	7	5
Rheinisches Museum für Philologie	1965	ambiguous	11	7
Rheinisches Museum für Philologie	1965	bekker	7	5
Rheinisches Museum für Philologie	1965	homer	4	3
Rheinisches Museum für Philologie	1965	stephanus	9	5
Rheinisches Museum für Philologie	1966	ambiguous	29	11
Rheinisches Museum für Philologie	1966	bekker	11	5
Rheinisches Museum für Philologie	1966	homer	1	1
Rheinisches Museum für Philologie	1966	stephanus	11	5
Rheinisches Museum für Philologie	1967	ambiguous	26	7
Rheinisches Museum für Philologie	1967	bekker	6	2
Rheinisches Museum für Philologie	1967	homer	7	3
Rheinisches Museum für Philologie	1967	stephanus	24	4
Rheinisches Museum für Philologie	1968	ambiguous	37	10
Rheinisches Museum für Philologie	1968	bekker	54	6
Rheinisches Museum für Philologie	1968	homer	2	1
Rheinisches Museum für Philologie	1968	stephanus	4	3
Rheinisches Museum für Philologie	1969	ambiguous	27	6
Rheinisches Museum für Philologie	1969	bekker	8	2
Rheinisches Museum für Philologie	1969	homer	19	4
Rheinisches Museum für Philologie	1969	stephanus	5	5
Rheinisches Museum für Philologie	1970	ambiguous	27	11
Rheinisches Museum für Philologie	1970	homer	5	4
Rheinisches Museum für Philologie	1970	stephanus	13	8
Rheinisches Museum für Philologie	1971	ambiguous	16	8
Rheinisches Museum für Philologie	1971	bekker	3	2
Rheinisches Museum für Philologie	1971	homer	14	2
Rheinisches Museum für Philologie	1971	stephanus	4	4
Rheinisches Museum für Philologie	1972	ambiguous	20	8
Rheinisches Museum für Philologie	1972	bekker	2	2
Rheinisches Museum für Philologie	1972	homer	81	6
Rheinisches Museum für Philologie	1972	stephanus	10	7
Rheinisches Museum für Philologie	1973	ambiguous	37	12
Rheinisches Museum für Philologie	1973	homer	6	6
Rheinisches Museum für Philologie	1973	stephanus	9	7
Rheinisches Museum für Philologie	1974	ambiguous	41	10
Rheinisches Museum für Philologie	1974	bekker	2	2
Rheinisches Museum für Philologie	1974	homer	42	6
Rheinisches Museum für Philologie	1974	stephanus	15	4
Rheinisches Museum für Philologie	1975	ambiguous	52	6
Rheinisches Museum für Philologie	1975	bekker	59	3
Rheinisches Museum für Philologie	1975	homer	4	4
Rheinisches Museum für Philologie	1975	stephanus	20	4
Rheinisches Museum für Philologie	1976	ambiguous	28	10
Rheinisches Museum für Philologie	1976	bekker	2	2
Rheinisches Museum für Philologie	1976	homer	13	5
Rheinisches Museum für Philologie	1976	stephanus	28	9
Rheinisches Museum für Philologie	1977	ambiguous	22	13
Rheinisches Museum für Philologie	1977	bekker	1	1
Rheinisches Museum für Philologie	1977	homer	2	2
Rheinisches Museum für Philologie	1977	stephanus	6	4
Rheinisches Museum für Philologie	1978	ambiguous	10	9
Rheinisches Museum für Philologie	1978	homer	6	6
Rheinisches Museum für Philologie	1978	pindar	1	1
Rheinisches Museum für Philologie	1978	stephanus	7	4
Rheinisches Museum für Philologie	1979	ambiguous	17	8
Rheinisches Museum für Philologie	1979	bekker	11	6
Rheinisches Museum für Philologie	1979	homer	17	7
Rheinisches Museum für Philologie	1979	pindar	1	1
Rheinisches Museum für Philologie	1979	stephanus	4	4
Rheinisches Museum für Philologie	1980	ambiguous	121	13
Rheinisches Museum für Philologie	1980	bekker	33	6
Rheinisches Museum für Philologie	1980	homer	10	6
Rheinisches Museum für Philologie	1980	stephanus	25	9
Rheinisches Museum für Philologie	1981	ambiguous	103	16
Rheinisches Museum für Philologie	1981	bekker	6	2
Rheinisches Museum für Philologie	1981	homer	7	3
Rheinisches Museum für Philologie	1981	stephanus	24	9
Rheinisches Museum für Philologie	1982	ambiguous	52	14
Rheinisches Museum für Philologie	1982	bekker	3	2
Rheinisches Museum für Philologie	1982	homer	13	4
Rheinisches Museum für Philologie	1982	stephanus	18	7
Rheinisches Museum für Philologie	1983	ambiguous	14	10
Rheinisches Museum für Philologie	1983	homer	11	5
Rheinisches Museum für Philologie	1983	pindar	26	1
Rheinisches Museum für Philologie	1983	stephanus	17	5
Rheinisches Museum für Philologie	1984	ambiguous	84	14
Rheinisches Museum für Philologie	1984	homer	12	6
Rheinisches Museum für Philologie	1984	pindar	1	1
Rheinisches Museum für Philologie	1984	stephanus	54	6
Rheinisches Museum für Philologie	1985	ambiguous	33	7
Rheinisches Museum für Philologie	1985	bekker	3	2
Rheinisches Museum für Philologie	1985	homer	13	2
Rheinisches Museum für Philologie	1985	pindar	18	1
Rheinisches Museum für Philologie	1985	stephanus	25	9
Rheinisches Museum für Philologie	1986	ambiguous	168	6
Rheinisches Museum für Philologie	1986	bekker	3	3
Rheinisches Museum für Philologie	1986	homer	8	7
Rheinisches Museum für Philologie	1986	stephanus	194	3
Rheinisches Museum für Philologie	1987	ambiguous	68	15
Rheinisches Museum für Philologie	1987	bekker	5	2
Rheinisches Museum für Philologie	1987	homer	14	6
Rheinisches Museum für Philologie	1987	stephanus	23	12
Rheinisches Museum für Philologie	1988	ambiguous	148	10
Rheinisches Museum für Philologie	1988	bekker	10	4
Rheinisches Museum für Philologie	1988	homer	25	6
Rheinisches Museum für Philologie	1988	pindar	15	3
Rheinisches Museum für Philologie	1988	stephanus	68	11
Rheinisches Museum für Philologie	1989	ambiguous	110	16
Rheinisches Museum für Philologie	1989	bekker	9	5
Rheinisches Museum für Philologie	1989	homer	13	7
Rheinisches Museum für Philologie	1989	stephanus	94	7
Rheinisches Museum für Philologie	1990	ambiguous	133	14
Rheinisches Museum für Philologie	1990	bekker	4	2
Rheinisches Museum für Philologie	1990	homer	13	6
Rheinisches Museum für Philologie	1990	stephanus	102	7
Rheinisches Museum für Philologie	1991	ambiguous	179	18
Rheinisches Museum für Philologie	1991	bekker	69	7
Rheinisches Museum für Philologie	1991	homer	12	5
Rheinisches Museum für Philologie	1991	pindar	14	3
Rheinisches Museum für Philologie	1991	stephanus	148	10
Rheinisches Museum für Philologie	1992	ambiguous	121	13
Rheinisches Museum für Philologie	1992	bekker	12	6
Rheinisches Museum für Philologie	1992	homer	1	1
Rheinisches Museum für Philologie	1992	stephanus	42	10
Rheinisches Museum für Philologie	1993	ambiguous	81	17
Rheinisches Museum für Philologie	1993	bekker	21	5
Rheinisches Museum für Philologie	1993	homer	5	3
Rheinisches Museum für Philologie	1993	stephanus	57	4
Rheinisches Museum für Philologie	1994	ambiguous	72	16
Rheinisches Museum für Philologie	1994	bekker	9	4
Rheinisches Museum für Philologie	1994	homer	10	7
Rheinisches Museum für Philologie	1994	pindar	1	1
Rheinisches Museum für Philologie	1994	stephanus	43	9
Rheinisches Museum für Philologie	1995	ambiguous	47	11
Rheinisches Museum für Philologie	1995	bekker	10	4
Rheinisches Museum für Philologie	1995	homer	19	6
Rheinisches Museum für Philologie	1995	pindar	3	1
Rheinisches Museum für Philologie	1995	stephanus	43	6
Rheinisches Museum für Philologie	1996	ambiguous	44	11
Rheinisches Museum für Philologie	1996	bekker	34	5
Rheinisches Museum für Philologie	1996	homer	5	4
Rheinisches Museum für Philologie	1996	stephanus	51	11
Rheinisches Museum für Philologie	1997	ambiguous	112	21
Rheinisches Museum für Philologie	1997	bekker	29	6
Rheinisches Museum für Philologie	1997	homer	16	9
Rheinisches Museum für Philologie	1997	pindar	1	1
Rheinisches Museum für Philologie	1997	stephanus	81	12
Rheinisches Museum für Philologie	1998	ambiguous	162	18
Rheinisches Museum für Philologie	1998	bekker	3	3
Rheinisches Museum für Philologie	1998	homer	26	10
Rheinisches Museum für Philologie	1998	pindar	3	1
Rheinisches Museum für Philologie	1998	stephanus	95	10
Rheinisches Museum für Philologie	1999	ambiguous	109	22
Rheinisches Museum für Philologie	1999	bekker	41	7
Rheinisches Museum für Philologie	1999	homer	18	9
Rheinisches Museum für Philologie	1999	pindar	6	3
Rheinisches Museum für Philologie	1999	stephanus	50	15
Rheinisches Museum für Philologie	2000	ambiguous	220	19
Rheinisches Museum für Philologie	2000	bekker	40	10
Rheinisches Museum für Philologie	2000	homer	15	5
Rheinisches Museum für Philologie	2000	stephanus	136	14
Rheinisches Museum für Philologie	2001	ambiguous	123	11
Rheinisches Museum für Philologie	2001	bekker	40	5
Rheinisches Museum für Philologie	2001	homer	16	8
Rheinisches Museum für Philologie	2001	pindar	1	1
Rheinisches Museum für Philologie	2001	stephanus	178	11
Rheinisches Museum für Philologie	2002	ambiguous	107	14
Rheinisches Museum für Philologie	2002	bekker	32	3
Rheinisches Museum für Philologie	2002	homer	18	5
Rheinisches Museum für Philologie	2002	pindar	1	1
Rheinisches Museum für Philologie	2002	stephanus	44	5
Rheinisches Museum für Philologie	2003	ambiguous	220	17
Rheinisches Museum für Philologie	2003	bekker	92	6
Rheinisches Museum für Philologie	2003	homer	17	5
Rheinisches Museum für Philologie	2003	stephanus	103	12
Rheinisches Museum für Philologie	2004	ambiguous	102	14
Rheinisches Museum für Philologie	2004	bekker	14	6
Rheinisches Museum für Philologie	2004	homer	24	3
Rheinisches Museum für Philologie	2004	stephanus	89	13
Rheinisches Museum für Philologie	2005	ambiguous	195	15
Rheinisches Museum für Philologie	2005	bekker	42	4
Rheinisches Museum für Philologie	2005	homer	16	8
Rheinisches Museum für Philologie	2005	stephanus	199	8
Rheinisches Museum für Philologie	2006	ambiguous	52	20
Rheinisches Museum für Philologie	2006	bekker	1	1
Rheinisches Museum für Philologie	2006	homer	35	7
Rheinisches Museum für Philologie	2006	stephanus	35	10
Rheinisches Museum für Philologie	2007	ambiguous	105	11
Rheinisches Museum für Philologie	2007	bekker	27	4
Rheinisches Museum für Philologie	2007	homer	95	7
Rheinisches Museum für Philologie	2007	stephanus	124	8
Rheinisches Museum für Philologie	2008	ambiguous	120	14
Rheinisches Museum für Philologie	2008	bekker	7	3
Rheinisches Museum für Philologie	2008	homer	96	12
Rheinisches Museum für Philologie	2008	pindar	8	2
Rheinisches Museum für Philologie	2008	stephanus	79	10
Rheinisches Museum für Philologie	2009	ambiguous	102	16
Rheinisches Museum für Philologie	2009	bekker	9	5
Rheinisches Museum für Philologie	2009	homer	16	5
Rheinisches Museum für Philologie	2009	stephanus	20	9
Rheinisches Museum für Philologie	2010	ambiguous	82	11
Rheinisches Museum für Philologie	2010	bekker	20	3
Rheinisches Museum für Philologie	2010	homer	17	5
Rheinisches Museum für Philologie	2010	stephanus	36	6
Rheinisches Museum für Philologie	2011	ambiguous	254	13
Rheinisches Museum für Philologie	2011	bekker	45	5
Rheinisches Museum für Philologie	2011	homer	2	2
Rheinisches Museum für Philologie	2011	stephanus	15	6
Rheinisches Museum für Philologie	2012	ambiguous	175	19
Rheinisches Museum für Philologie	2012	bekker	76	7
Rheinisches Museum für Philologie	2012	homer	24	5
Rheinisches Museum für Philologie	2012	stephanus	45	12
Rheinisches Museum für Philologie	2013	ambiguous	91	15
Rheinisches Museum für Philologie	2013	bekker	23	8
Rheinisches Museum für Philologie	2013	homer	44	11
Rheinisches Museum für Philologie	2013	stephanus	88	12
Rheinisches Museum für Philologie	2014	ambiguous	191	13
Rheinisches Museum für Philologie	2014	bekker	24	6
Rheinisches Museum für Philologie	2014	homer	9	4
Rheinisches Museum für Philologie	2014	stephanus	113	8
Rheinisches Museum für Philologie	2015	ambiguous	111	12
Rheinisches Museum für Philologie	2015	bekker	53	7
Rheinisches Museum für Philologie	2015	homer	48	10
Rheinisches Museum für Philologie	2015	pindar	1	1
Rheinisches Museum für Philologie	2015	stephanus	18	6
Rheinisches Museum für Philologie	2016	ambiguous	74	14
Rheinisches Museum für Philologie	2016	bekker	27	6
Rheinisches Museum für Philologie	2016	homer	4	2
Rheinisches Museum für Philologie	2016	pindar	2	1
Rheinisches Museum für Philologie	2016	stephanus	20	9
Rheinisches Museum für Philologie	2017	ambiguous	118	20
Rheinisches Museum für Philologie	2017	bekker	52	9
Rheinisches Museum für Philologie	2017	homer	56	9
Rheinisches Museum für Philologie	2017	stephanus	103	14
Rheinisches Museum für Philologie	2018	ambiguous	78	14
Rheinisches Museum für Philologie	2018	bekker	72	9
Rheinisches Museum für Philologie	2018	homer	98	4
Rheinisches Museum für Philologie	2018	pindar	4	3
Rheinisches Museum für Philologie	2018	stephanus	50	10
Rheinisches Museum für Philologie	2019	ambiguous	30	8
Rheinisches Museum für Philologie	2019	bekker	60	6
Rheinisches Museum für Philologie	2019	homer	49	4
Rheinisches Museum für Philologie	2019	pindar	1	1
Rheinisches Museum für Philologie	2019	stephanus	38	7
Rheinisches Museum für Philologie	2020	ambiguous	237	11
Rheinisches Museum für Philologie	2020	bekker	97	6
Rheinisches Museum für Philologie	2020	homer	11	4
Rheinisches Museum für Philologie	2020	nt	6	1
Rheinisches Museum für Philologie	2020	stephanus	69	9
Rheinisches Museum für Philologie	2021	ambiguous	202	12
Rheinisches Museum für Philologie	2021	bekker	34	7
Rheinisches Museum für Philologie	2021	homer	1	1
Rheinisches Museum für Philologie	2021	stephanus	244	16
Rheinisches Museum für Philologie	2022	ambiguous	42	16
Rheinisches Museum für Philologie	2022	bekker	16	5
Rheinisches Museum für Philologie	2022	homer	21	5
Rheinisches Museum für Philologie	2022	pindar	1	1
Rheinisches Museum für Philologie	2022	stephanus	21	5
Rheinisches Museum für Philologie, Geschichte und griechische Philosophie	1827	ambiguous	17	9
Rheinisches Museum für Philologie, Geschichte und griechische Philosophie	1827	stephanus	38	14
Rheinisches Museum für Philologie, Geschichte und griechische Philosophie	1828	ambiguous	32	16
Rheinisches Museum für Philologie, Geschichte und griechische Philosophie	1828	bekker	1	1
Rheinisches Museum für Philologie, Geschichte und griechische Philosophie	1828	homer	1	1
Rheinisches Museum für Philologie, Geschichte und griechische Philosophie	1828	stephanus	83	19
Rheinisches Museum für Philologie, Geschichte und griechische Philosophie	1829	ambiguous	23	9
Rheinisches Museum für Philologie, Geschichte und griechische Philosophie	1829	homer	6	3
Rheinisches Museum für Philologie, Geschichte und griechische Philosophie	1829	stephanus	33	8
Rheinisches Museum für Philologie, Geschichte und griechische Philosophie	1832	ambiguous	6	4
Rheinisches Museum für Philologie, Geschichte und griechische Philosophie	1832	bekker	4	4
Rheinisches Museum für Philologie, Geschichte und griechische Philosophie	1832	stephanus	18	3
The American Journal of Philology	1880	ambiguous	4	2
The American Journal of Philology	1880	homer	9	6
The American Journal of Philology	1880	stephanus	18	7
The American Journal of Philology	1881	ambiguous	11	6
The American Journal of Philology	1881	bekker	1	1
The American Journal of Philology	1881	homer	11	4
The American Journal of Philology	1881	stephanus	24	15
The American Journal of Philology	1882	ambiguous	10	7
The American Journal of Philology	1882	bekker	1	1
The American Journal of Philology	1882	homer	4	3
The American Journal of Philology	1882	stephanus	24	10
The American Journal of Philology	1883	ambiguous	13	5
The American Journal of Philology	1883	homer	16	5
The American Journal of Philology	1883	stephanus	22	11
The American Journal of Philology	1884	ambiguous	85	10
The American Journal of Philology	1884	homer	1	1
The American Journal of Philology	1884	stephanus	52	16
The American Journal of Philology	1885	ambiguous	18	10
The American Journal of Philology	1885	bekker	4	3
The American Journal of Philology	1885	homer	7	5
The American Journal of Philology	1885	stephanus	19	13
The American Journal of Philology	1886	ambiguous	58	12
The American Journal of Philology	1886	homer	2	2
The American Journal of Philology	1886	stephanus	9	4
The American Journal of Philology	1887	ambiguous	22	10
The American Journal of Philology	1887	bekker	1	1
The American Journal of Philology	1887	homer	10	2
The American Journal of Philology	1887	stephanus	7	5
The American Journal of Philology	1888	ambiguous	48	4
The American Journal of Philology	1888	bekker	1	1
The American Journal of Philology	1888	homer	4	3
The American Journal of Philology	1888	stephanus	51	5
The American Journal of Philology	1889	ambiguous	85	11
The American Journal of Philology	1889	bekker	1	1
The American Journal of Philology	1889	homer	10	3
The American Journal of Philology	1889	stephanus	12	9
The American Journal of Philology	1890	ambiguous	69	18
The American Journal of Philology	1890	bekker	1	1
The American Journal of Philology	1890	homer	8	6
The American Journal of Philology	1890	stephanus	23	9
The American Journal of Philology	1891	ambiguous	27	12
The American Journal of Philology	1891	bekker	1	1
The American Journal of Philology	1891	homer	3	2
The American Journal of Philology	1891	stephanus	18	10
The American Journal of Philology	1892	ambiguous	77	6
The American Journal of Philology	1892	homer	4	4
The American Journal of Philology	1892	stephanus	48	12
The American Journal of Philology	1893	ambiguous	7	7
The American Journal of Philology	1893	stephanus	10	8
The American Journal of Philology	1894	ambiguous	37	3
The American Journal of Philology	1894	bekker	4	1
The American Journal of Philology	1894	homer	6	3
The American Journal of Philology	1894	stephanus	18	8
The American Journal of Philology	1895	ambiguous	97	4
The American Journal of Philology	1895	homer	5	5
The American Journal of Philology	1895	stephanus	94	6
The American Journal of Philology	1896	ambiguous	18	10
The American Journal of Philology	1896	homer	9	4
The American Journal of Philology	1896	stephanus	23	7
The American Journal of Philology	1897	ambiguous	5	3
The American Journal of Philology	1897	homer	10	4
The American Journal of Philology	1897	stephanus	7	6
The American Journal of Philology	1898	ambiguous	31	8
The American Journal of Philology	1898	bekker	8	1
The American Journal of Philology	1898	stephanus	3	3
The American Journal of Philology	1899	ambiguous	8	5
The American Journal of Philology	1899	homer	5	3
The American Journal of Philology	1899	stephanus	1	1
The American Journal of Philology	1900	ambiguous	8	6
The American Journal of Philology	1900	bekker	1	1
The American Journal of Philology	1900	homer	43	3
The American Journal of Philology	1900	stephanus	4	3
The American Journal of Philology	1901	ambiguous	9	5
The American Journal of Philology	1901	homer	7	6
The American Journal of Philology	1901	stephanus	4	3
The American Journal of Philology	1902	ambiguous	2	2
The American Journal of Philology	1902	bekker	1	1
The American Journal of Philology	1902	homer	3	3
The American Journal of Philology	1902	stephanus	6	5
The American Journal of Philology	1903	ambiguous	12	4
The American Journal of Philology	1903	homer	11	4
The American Journal of Philology	1903	stephanus	6	3
The American Journal of Philology	1904	ambiguous	8	5
The American Journal of Philology	1904	bekker	1	1
The American Journal of Philology	1904	homer	4	3
The American Journal of Philology	1904	stephanus	4	3
The American Journal of Philology	1905	ambiguous	26	2
The American Journal of Philology	1905	homer	1	1
The American Journal of Philology	1905	stephanus	12	6
The American Journal of Philology	1906	ambiguous	4	4
The American Journal of Philology	1906	homer	8	4
The American Journal of Philology	1906	stephanus	5	4
The American Journal of Philology	1907	ambiguous	5	4
The American Journal of Philology	1907	homer	9	7
The American Journal of Philology	1907	stephanus	2	2
The American Journal of Philology	1908	ambiguous	11	8
The American Journal of Philology	1908	homer	9	4
The American Journal of Philology	1908	stephanus	10	7
The American Journal of Philology	1909	ambiguous	3	3
The American Journal of Philology	1909	homer	12	5
The American Journal of Philology	1909	stephanus	3	3
The American Journal of Philology	1910	ambiguous	11	6
The American Journal of Philology	1910	bekker	1	1
The American Journal of Philology	1910	homer	5	4
The American Journal of Philology	1910	stephanus	4	4
The American Journal of Philology	1911	ambiguous	5	3
The American Journal of Philology	1911	bekker	1	1
The American Journal of Philology	1911	homer	11	5
The American Journal of Philology	1911	stephanus	9	7
The American Journal of Philology	1912	ambiguous	114	7
The American Journal of Philology	1912	bekker	1	1
The American Journal of Philology	1912	homer	5	3
The American Journal of Philology	1912	stephanus	12	9
The American Journal of Philology	1913	ambiguous	58	9
The American Journal of Philology	1913	bekker	1	1
The American Journal of Philology	1913	homer	6	4
The American Journal of Philology	1913	stephanus	39	6
The American Journal of Philology	1914	ambiguous	57	5
The American Journal of Philology	1914	bekker	2	1
The American Journal of Philology	1914	homer	1	1
The American Journal of Philology	1914	stephanus	10	4
The American Journal of Philology	1915	ambiguous	32	10
The American Journal of Philology	1915	homer	6	4
The American Journal of Philology	1915	stephanus	12	8
The American Journal of Philology	1916	ambiguous	105	7
The American Journal of Philology	1916	bekker	1	1
The American Journal of Philology	1916	stephanus	26	7
The American Journal of Philology	1917	ambiguous	11	7
The American Journal of Philology	1917	homer	2	2
The American Journal of Philology	1917	stephanus	10	7
The American Journal of Philology	1918	ambiguous	18	3
The American Journal of Philology	1918	bekker	1	1
The American Journal of Philology	1918	homer	4	3
The American Journal of Philology	1918	stephanus	2	2
The American Journal of Philology	1919	ambiguous	31	10
The American Journal of Philology	1919	bekker	1	1
The American Journal of Philology	1919	homer	3	3
The American Journal of Philology	1919	stephanus	5	2
The American Journal of Philology	1920	ambiguous	19	7
The American Journal of Philology	1920	bekker	5	1
The American Journal of Philology	1920	homer	2	1
The American Journal of Philology	1920	stephanus	4	4
The American Journal of Philology	1921	ambiguous	25	13
The American Journal of Philology	1921	bekker	1	1
The American Journal of Philology	1921	homer	4	3
The American Journal of Philology	1921	stephanus	20	9
The American Journal of Philology	1922	ambiguous	45	7
The American Journal of Philology	1922	bekker	2	2
The American Journal of Philology	1922	homer	10	5
The American Journal of Philology	1922	stephanus	11	5
The American Journal of Philology	1923	ambiguous	16	7
The American Journal of Philology	1923	bekker	2	2
The American Journal of Philology	1923	homer	6	5
The American Journal of Philology	1923	stephanus	4	4
The American Journal of Philology	1924	ambiguous	58	6
The American Journal of Philology	1924	bekker	28	2
The American Journal of Philology	1924	homer	14	3
The American Journal of Philology	1924	stephanus	19	4
The American Journal of Philology	1925	ambiguous	12	6
The American Journal of Philology	1925	bekker	7	2
The American Journal of Philology	1925	homer	26	8
The American Journal of Philology	1925	stephanus	6	5
The American Journal of Philology	1926	ambiguous	15	5
The American Journal of Philology	1926	bekker	9	1
The American Journal of Philology	1926	homer	3	2
The American Journal of Philology	1926	stephanus	2	2
The American Journal of Philology	1927	ambiguous	21	8
The American Journal of Philology	1927	bekker	13	4
The American Journal of Philology	1927	homer	4	2
The American Journal of Philology	1927	stephanus	7	4
The American Journal of Philology	1928	ambiguous	137	9
The American Journal of Philology	1928	bekker	6	2
The American Journal of Philology	1928	homer	13	3
The American Journal of Philology	1928	stephanus	121	5
The American Journal of Philology	1929	ambiguous	23	11
The American Journal of Philology	1929	bekker	12	3
The American Journal of Philology	1929	homer	20	7
The American Journal of Philology	1929	stephanus	4	4
The American Journal of Philology	1930	ambiguous	17	9
The American Journal of Philology	1930	bekker	4	2
The American Journal of Philology	1930	homer	14	5
The American Journal of Philology	1930	stephanus	12	5
The American Journal of Philology	1931	ambiguous	24	7
The American Journal of Philology	1931	bekker	7	3
The American Journal of Philology	1931	homer	14	4
The American Journal of Philology	1931	stephanus	9	6
The American Journal of Philology	1932	ambiguous	51	7
The American Journal of Philology	1932	bekker	2	2
The American Journal of Philology	1932	homer	3	3
The American Journal of Philology	1932	stephanus	39	6
The American Journal of Philology	1933	ambiguous	20	9
The American Journal of Philology	1933	bekker	2	2
The American Journal of Philology	1933	homer	39	6
The American Journal of Philology	1933	stephanus	7	4
The American Journal of Philology	1934	ambiguous	6	5
The American Journal of Philology	1934	bekker	14	2
The American Journal of Philology	1934	homer	2	2
The American Journal of Philology	1934	stephanus	5	3
The American Journal of Philology	1935	ambiguous	10	5
The American Journal of Philology	1935	stephanus	3	2
The American Journal of Philology	1936	ambiguous	271	21
The American Journal of Philology	1936	bekker	28	4
The American Journal of Philology	1936	homer	4	1
The American Journal of Philology	1936	stephanus	68	8
The American Journal of Philology	1937	ambiguous	74	11
The American Journal of Philology	1937	bekker	8	3
The American Journal of Philology	1937	homer	2	1
The American Journal of Philology	1937	stephanus	61	9
The American Journal of Philology	1938	ambiguous	149	14
The American Journal of Philology	1938	bekker	5	5
The American Journal of Philology	1938	homer	15	2
The American Journal of Philology	1938	stephanus	39	11
The American Journal of Philology	1939	ambiguous	101	14
The American Journal of Philology	1939	bekker	56	6
The American Journal of Philology	1939	homer	1	1
The American Journal of Philology	1939	stephanus	100	15
The American Journal of Philology	1940	ambiguous	23	12
The American Journal of Philology	1940	bekker	8	1
The American Journal of Philology	1940	stephanus	19	7
The American Journal of Philology	1941	ambiguous	41	13
The American Journal of Philology	1941	bekker	32	4
The American Journal of Philology	1941	homer	6	2
The American Journal of Philology	1941	stephanus	34	9
The American Journal of Philology	1942	ambiguous	28	15
The American Journal of Philology	1942	bekker	1	1
The American Journal of Philology	1942	stephanus	6	4
The American Journal of Philology	1943	ambiguous	8	6
The American Journal of Philology	1943	bekker	12	1
The American Journal of Philology	1943	stephanus	12	7
The American Journal of Philology	1944	ambiguous	90	8
The American Journal of Philology	1944	bekker	12	4
The American Journal of Philology	1944	stephanus	54	9
The American Journal of Philology	1945	ambiguous	16	6
The American Journal of Philology	1945	bekker	14	4
The American Journal of Philology	1945	stephanus	7	7
The American Journal of Philology	1946	ambiguous	37	9
The American Journal of Philology	1946	bekker	6	3
The American Journal of Philology	1946	stephanus	18	6
The American Journal of Philology	1947	ambiguous	34	13
The American Journal of Philology	1947	bekker	2	1
The American Journal of Philology	1947	stephanus	17	8
The American Journal of Philology	1948	ambiguous	58	13
The American Journal of Philology	1948	bekker	29	3
The American Journal of Philology	1948	stephanus	25	11
The American Journal of Philology	1949	ambiguous	69	15
The American Journal of Philology	1949	bekker	8	4
The American Journal of Philology	1949	stephanus	38	11
The American Journal of Philology	1950	ambiguous	62	17
The American Journal of Philology	1950	bekker	5	3
The American Journal of Philology	1950	homer	6	2
The American Journal of Philology	1950	stephanus	26	6
The American Journal of Philology	1951	ambiguous	88	9
The American Journal of Philology	1951	bekker	7	4
The American Journal of Philology	1951	stephanus	47	9
The American Journal of Philology	1952	ambiguous	32	14
The American Journal of Philology	1952	bekker	54	3
The American Journal of Philology	1952	homer	1	1
The American Journal of Philology	1952	stephanus	33	13
The American Journal of Philology	1953	ambiguous	24	8
The American Journal of Philology	1953	bekker	3	2
The American Journal of Philology	1953	stephanus	19	6
The American Journal of Philology	1954	ambiguous	25	10
The American Journal of Philology	1954	bekker	7	4
The American Journal of Philology	1954	homer	2	2
The American Journal of Philology	1954	stephanus	13	8
The American Journal of Philology	1955	ambiguous	68	16
The American Journal of Philology	1955	bekker	4	3
The American Journal of Philology	1955	pindar	1	1
The American Journal of Philology	1955	stephanus	20	10
The American Journal of Philology	1956	ambiguous	23	12
The American Journal of Philology	1956	bekker	4	4
The American Journal of Philology	1956	stephanus	16	8
The American Journal of Philology	1957	ambiguous	22	12
The American Journal of Philology	1957	bekker	7	4
The American Journal of Philology	1957	nt	1	1
The American Journal of Philology	1957	stephanus	12	4
The American Journal of Philology	1958	ambiguous	89	13
The American Journal of Philology	1958	bekker	14	5
The American Journal of Philology	1958	homer	1	1
The American Journal of Philology	1958	stephanus	90	7
The American Journal of Philology	1959	ambiguous	43	6
The American Journal of Philology	1959	bekker	48	4
The American Journal of Philology	1959	stephanus	61	7
The American Journal of Philology	1960	ambiguous	162	11
The American Journal of Philology	1960	bekker	4	4
The American Journal of Philology	1960	homer	3	3
The American Journal of Philology	1960	stephanus	49	7
The American Journal of Philology	1961	ambiguous	188	12
The American Journal of Philology	1961	bekker	46	6
The American Journal of Philology	1961	homer	1	1
The American Journal of Philology	1961	stephanus	14	9
The American Journal of Philology	1962	ambiguous	91	14
The American Journal of Philology	1962	bekker	74	3
The American Journal of Philology	1962	stephanus	46	14
The American Journal of Philology	1963	ambiguous	61	14
The American Journal of Philology	1963	bekker	11	3
The American Journal of Philology	1963	pindar	1	1
The American Journal of Philology	1963	stephanus	19	11
The American Journal of Philology	1964	ambiguous	138	11
The American Journal of Philology	1964	bekker	22	4
The American Journal of Philology	1964	stephanus	158	8
The American Journal of Philology	1965	ambiguous	120	11
The American Journal of Philology	1965	bekker	14	5
The American Journal of Philology	1965	homer	1	1
The American Journal of Philology	1965	stephanus	68	5
The American Journal of Philology	1966	ambiguous	30	8
The American Journal of Philology	1966	bekker	4	4
The American Journal of Philology	1966	stephanus	20	7
The American Journal of Philology	1967	ambiguous	177	16
The American Journal of Philology	1967	bekker	34	5
The American Journal of Philology	1967	stephanus	276	18
The American Journal of Philology	1968	ambiguous	24	10
The American Journal of Philology	1968	bekker	16	6
The American Journal of Philology	1968	homer	3	2
The American Journal of Philology	1968	stephanus	17	7
The American Journal of Philology	1969	ambiguous	139	12
The American Journal of Philology	1969	bekker	24	10
The American Journal of Philology	1969	stephanus	68	13
The American Journal of Philology	1970	ambiguous	92	17
The American Journal of Philology	1970	bekker	8	5
The American Journal of Philology	1970	homer	1	1
The American Journal of Philology	1970	stephanus	58	7
The American Journal of Philology	1971	ambiguous	107	24
The American Journal of Philology	1971	bekker	19	7
The American Journal of Philology	1971	homer	2	1
The American Journal of Philology	1971	pindar	1	1
The American Journal of Philology	1971	stephanus	141	13
The American Journal of Philology	1972	ambiguous	71	18
The American Journal of Philology	1972	bekker	6	4
The American Journal of Philology	1972	stephanus	39	13
The American Journal of Philology	1973	ambiguous	77	17
The American Journal of Philology	1973	bekker	22	4
The American Journal of Philology	1973	homer	16	7
The American Journal of Philology	1973	pindar	21	8
The American Journal of Philology	1973	stephanus	77	9
The American Journal of Philology	1974	ambiguous	77	16
The American Journal of Philology	1974	bekker	9	4
The American Journal of Philology	1974	homer	11	6
The American Journal of Philology	1974	pindar	2	1
The American Journal of Philology	1974	stephanus	63	7
The American Journal of Philology	1975	ambiguous	31	15
The American Journal of Philology	1975	bekker	7	6
The American Journal of Philology	1975	homer	9	8
The American Journal of Philology	1975	pindar	33	5
The American Journal of Philology	1975	stephanus	22	14
The American Journal of Philology	1976	ambiguous	36	15
The American Journal of Philology	1976	bekker	2	2
The American Journal of Philology	1976	homer	29	8
The American Journal of Philology	1976	pindar	7	6
The American Journal of Philology	1976	stephanus	9	5
The American Journal of Philology	1977	ambiguous	54	14
The American Journal of Philology	1977	bekker	5	5
The American Journal of Philology	1977	homer	47	7
The American Journal of Philology	1977	pindar	6	5
The American Journal of Philology	1977	stephanus	23	11
The American Journal of Philology	1978	ambiguous	58	20
The American Journal of Philology	1978	bekker	12	6
The American Journal of Philology	1978	homer	18	10
The American Journal of Philology	1978	pindar	5	2
The American Journal of Philology	1978	stephanus	43	15
The American Journal of Philology	1979	ambiguous	69	24
The American Journal of Philology	1979	bekker	9	4
The American Journal of Philology	1979	homer	36	9
The American Journal of Philology	1979	pindar	16	2
The American Journal of Philology	1979	stephanus	28	12
The American Journal of Philology	1980	ambiguous	152	17
The American Journal of Philology	1980	bekker	10	7
The American Journal of Philology	1980	homer	20	8
The American Journal of Philology	1980	pindar	3	2
The American Journal of Philology	1980	stephanus	21	12
The American Journal of Philology	1981	ambiguous	62	17
The American Journal of Philology	1981	bekker	11	5
The American Journal of Philology	1981	homer	62	14
The American Journal of Philology	1981	pindar	3	2
The American Journal of Philology	1981	stephanus	31	12
The American Journal of Philology	1982	ambiguous	61	23
The American Journal of Philology	1982	bekker	58	5
The American Journal of Philology	1982	homer	60	18
The American Journal of Philology	1982	pindar	12	3
The American Journal of Philology	1982	stephanus	42	17
The American Journal of Philology	1983	ambiguous	208	17
The American Journal of Philology	1983	bekker	25	4
The American Journal of Philology	1983	homer	37	11
The American Journal of Philology	1983	pindar	41	4
The American Journal of Philology	1983	stephanus	100	9
The American Journal of Philology	1984	ambiguous	72	19
The American Journal of Philology	1984	bekker	8	2
The American Journal of Philology	1984	homer	77	11
The American Journal of Philology	1984	nt	2	1
The American Journal of Philology	1984	pindar	2	2
The American Journal of Philology	1984	stephanus	52	18
The American Journal of Philology	1985	ambiguous	124	21
The American Journal of Philology	1985	bekker	18	9
The American Journal of Philology	1985	homer	29	14
The American Journal of Philology	1985	nt	1	1
The American Journal of Philology	1985	pindar	77	6
The American Journal of Philology	1985	stephanus	145	20
The American Journal of Philology	1986	ambiguous	89	27
The American Journal of Philology	1986	bekker	19	9
The American Journal of Philology	1986	homer	9	7
The American Journal of Philology	1986	pindar	22	7
The American Journal of Philology	1986	stephanus	44	17
The American Journal of Philology	1987	ambiguous	299	35
The American Journal of Philology	1987	bekker	68	10
The American Journal of Philology	1987	homer	100	21
The American Journal of Philology	1987	pindar	13	7
The American Journal of Philology	1987	stephanus	143	30
The American Journal of Philology	1988	ambiguous	182	30
The American Journal of Philology	1988	bekker	53	12
The American Journal of Philology	1988	homer	64	14
The American Journal of Philology	1988	pindar	3	2
The American Journal of Philology	1988	stephanus	136	22
The American Journal of Philology	1989	ambiguous	144	20
The American Journal of Philology	1989	bekker	18	7
The American Journal of Philology	1989	homer	31	11
The American Journal of Philology	1989	pindar	15	4
The American Journal of Philology	1989	stephanus	90	12
The American Journal of Philology	1990	ambiguous	130	26
The American Journal of Philology	1990	bekker	18	6
The American Journal of Philology	1990	homer	49	13
The American Journal of Philology	1990	pindar	3	3
The American Journal of Philology	1990	stephanus	107	19
The American Journal of Philology	1991	ambiguous	62	23
The American Journal of Philology	1991	bekker	62	7
The American Journal of Philology	1991	homer	34	11
The American Journal of Philology	1991	pindar	16	5
The American Journal of Philology	1991	stephanus	50	19
The American Journal of Philology	1992	ambiguous	65	25
The American Journal of Philology	1992	bekker	25	13
The American Journal of Philology	1992	homer	76	21
The American Journal of Philology	1992	pindar	2	2
The American Journal of Philology	1992	stephanus	59	25
The American Journal of Philology	1993	ambiguous	161	20
The American Journal of Philology	1993	bekker	47	16
The American Journal of Philology	1993	homer	60	14
The American Journal of Philology	1993	nt	1	1
The American Journal of Philology	1993	pindar	11	3
The American Journal of Philology	1993	stephanus	97	20
The American Journal of Philology	1994	ambiguous	99	21
The American Journal of Philology	1994	bekker	15	8
The American Journal of Philology	1994	homer	56	16
The American Journal of Philology	1994	nt	1	1
The American Journal of Philology	1994	pindar	13	2
The American Journal of Philology	1994	stephanus	153	15
The American Journal of Philology	1995	ambiguous	94	23
The American Journal of Philology	1995	bekker	9	4
The American Journal of Philology	1995	homer	122	18
The American Journal of Philology	1995	pindar	19	6
The American Journal of Philology	1995	stephanus	36	15
The American Journal of Philology	1996	ambiguous	123	21
The American Journal of Philology	1996	bekker	36	9
The American Journal of Philology	1996	homer	76	15
The American Journal of Philology	1996	nt	1	1
The American Journal of Philology	1996	pindar	5	3
The American Journal of Philology	1996	stephanus	87	16
The American Journal of Philology	1997	ambiguous	197	21
The American Journal of Philology	1997	bekker	184	12
The American Journal of Philology	1997	homer	74	9
The American Journal of Philology	1997	pindar	14	5
The American Journal of Philology	1997	stephanus	178	11
The American Journal of Philology	1998	ambiguous	108	21
The American Journal of Philology	1998	bekker	64	11
The American Journal of Philology	1998	homer	62	12
The American Journal of Philology	1998	pindar	1	1
The American Journal of Philology	1998	stephanus	63	10
The American Journal of Philology	1999	ambiguous	73	17
The American Journal of Philology	1999	bekker	22	9
The American Journal of Philology	1999	homer	20	6
The American Journal of Philology	1999	pindar	3	2
The American Journal of Philology	1999	stephanus	73	14
The American Journal of Philology	2000	ambiguous	151	20
The American Journal of Philology	2000	bekker	166	16
The American Journal of Philology	2000	homer	11	4
The American Journal of Philology	2000	pindar	2	1
The American Journal of Philology	2000	stephanus	113	14
The American Journal of Philology	2001	ambiguous	74	16
The American Journal of Philology	2001	bekker	70	17
The American Journal of Philology	2001	homer	30	12
The American Journal of Philology	2001	pindar	7	6
The American Journal of Philology	2001	stephanus	66	5
The American Journal of Philology	2002	ambiguous	64	16
The American Journal of Philology	2002	bekker	51	8
The American Journal of Philology	2002	homer	32	10
The American Journal of Philology	2002	pindar	2	1
The American Journal of Philology	2002	stephanus	67	10
The American Journal of Philology	2003	ambiguous	136	13
The American Journal of Philology	2003	bekker	97	12
The American Journal of Philology	2003	homer	35	5
The American Journal of Philology	2003	stephanus	163	9
The American Journal of Philology	2004	ambiguous	128	17
The American Journal of Philology	2004	bekker	93	12
The American Journal of Philology	2004	homer	20	5
The American Journal of Philology	2004	pindar	2	1
The American Journal of Philology	2004	stephanus	90	10
The American Journal of Philology	2005	ambiguous	111	18
The American Journal of Philology	2005	bekker	112	13
The American Journal of Philology	2005	homer	139	13
The American Journal of Philology	2005	nt	2	1
The American Journal of Philology	2005	pindar	11	3
The American Journal of Philology	2005	stephanus	46	12
The American Journal of Philology	2006	ambiguous	270	19
The American Journal of Philology	2006	bekker	124	12
The American Journal of Philology	2006	homer	27	5
The American Journal of Philology	2006	pindar	7	4
The American Journal of Philology	2006	stephanus	297	12
The American Journal of Philology	2007	ambiguous	45	15
The American Journal of Philology	2007	bekker	51	8
The American Journal of Philology	2007	homer	114	14
The American Journal of Philology	2007	nt	1	1
The American Journal of Philology	2007	stephanus	40	16
The American Journal of Philology	2008	ambiguous	87	20
The American Journal of Philology	2008	bekker	73	10
The American Journal of Philology	2008	homer	226	17
The American Journal of Philology	2008	pindar	3	3
The American Journal of Philology	2008	stephanus	82	12
The American Journal of Philology	2009	ambiguous	101	18
The American Journal of Philology	2009	bekker	106	14
The American Journal of Philology	2009	homer	101	13
The American Journal of Philology	2009	nt	1	1
The American Journal of Philology	2009	pindar	6	3
The American Journal of Philology	2009	stephanus	93	14
The American Journal of Philology	2010	ambiguous	90	19
The American Journal of Philology	2010	bekker	137	10
The American Journal of Philology	2010	homer	59	8
The American Journal of Philology	2010	pindar	9	6
The American Journal of Philology	2010	stephanus	65	14
The American Journal of Philology	2011	ambiguous	30	15
The American Journal of Philology	2011	bekker	172	13
The American Journal of Philology	2011	homer	59	10
The American Journal of Philology	2011	nt	1	1
The American Journal of Philology	2011	pindar	11	4
The American Journal of Philology	2011	stephanus	18	8
The American Journal of Philology	2012	ambiguous	105	18
The American Journal of Philology	2012	bekker	220	18
The American Journal of Philology	2012	homer	68	10
The American Journal of Philology	2012	pindar	4	1
The American Journal of Philology	2012	stephanus	109	12
The American Journal of Philology	2013	ambiguous	205	22
The American Journal of Philology	2013	bekker	118	21
The American Journal of Philology	2013	homer	29	11
The American Journal of Philology	2013	nt	1	1
The American Journal of Philology	2013	pindar	24	5
The American Journal of Philology	2013	stephanus	205	15
The American Journal of Philology	2014	ambiguous	102	18
The American Journal of Philology	2014	bekker	95	11
The American Journal of Philology	2014	homer	27	10
The American Journal of Philology	2014	nt	1	1
The American Journal of Philology	2014	pindar	5	3
The American Journal of Philology	2014	stephanus	123	10
The American Journal of Philology	2015	ambiguous	141	21
The American Journal of Philology	2015	bekker	154	9
The American Journal of Philology	2015	homer	7	5
The American Journal of Philology	2015	pindar	4	1
The American Journal of Philology	2015	stephanus	89	12
The American Journal of Philology	2016	ambiguous	104	19
The American Journal of Philology	2016	bekker	165	15
The American Journal of Philology	2016	homer	63	11
The American Journal of Philology	2016	pindar	6	3
The American Journal of Philology	2016	stephanus	85	14
The American Journal of Philology	2017	ambiguous	95	14
The American Journal of Philology	2017	bekker	148	15
The American Journal of Philology	2017	homer	59	8
The American Journal of Philology	2017	nt	1	1
The American Journal of Philology	2017	pindar	11	4
The American Journal of Philology	2017	stephanus	84	12
The American Journal of Philology	2018	ambiguous	238	15
The American Journal of Philology	2018	bekker	112	16
The American Journal of Philology	2018	homer	89	16
The American Journal of Philology	2018	pindar	60	5
The American Journal of Philology	2018	stephanus	228	12
The American Journal of Philology	2019	ambiguous	109	15
The American Journal of Philology	2019	bekker	146	16
The American Journal of Philology	2019	homer	135	13
The American Journal of Philology	2019	stephanus	92	12
The American Journal of Philology	2020	ambiguous	148	14
The American Journal of Philology	2020	bekker	124	13
The American Journal of Philology	2020	homer	99	13
The American Journal of Philology	2020	pindar	2	2
The American Journal of Philology	2020	stephanus	81	12
The American Journal of Theology	1897	ambiguous	10	4
The American Journal of Theology	1897	nt	41	15
The American Journal of Theology	1897	stephanus	15	8
The American Journal of Theology	1898	ambiguous	23	11
The American Journal of Theology	1898	bekker	1	1
The American Journal of Theology	1898	nt	69	13
The American Journal of Theology	1898	stephanus	14	8
The American Journal of Theology	1899	ambiguous	8	6
The American Journal of Theology	1899	nt	20	16
The American Journal of Theology	1899	stephanus	6	5
The American Journal of Theology	1900	ambiguous	67	6
The American Journal of Theology	1900	nt	17	5
The American Journal of Theology	1900	stephanus	7	4
The American Journal of Theology	1901	ambiguous	30	9
The American Journal of Theology	1901	nt	24	9
The American Journal of Theology	1901	stephanus	24	1
The American Journal of Theology	1902	ambiguous	23	8
The American Journal of Theology	1902	nt	47	8
The American Journal of Theology	1902	stephanus	33	3
The American Journal of Theology	1903	ambiguous	5	4
The American Journal of Theology	1903	nt	20	5
The American Journal of Theology	1903	stephanus	7	5
The American Journal of Theology	1904	ambiguous	24	6
The American Journal of Theology	1904	nt	22	6
The American Journal of Theology	1904	stephanus	4	3
The American Journal of Theology	1905	ambiguous	40	9
The American Journal of Theology	1905	nt	68	13
The American Journal of Theology	1905	stephanus	5	3
The American Journal of Theology	1906	ambiguous	13	4
The American Journal of Theology	1906	homer	1	1
The American Journal of Theology	1906	nt	49	11
The American Journal of Theology	1906	stephanus	4	2
The American Journal of Theology	1907	ambiguous	19	3
The American Journal of Theology	1907	nt	161	12
The American Journal of Theology	1907	stephanus	1	1
The American Journal of Theology	1908	ambiguous	73	10
The American Journal of Theology	1908	nt	45	13
The American Journal of Theology	1908	stephanus	5	2
The American Journal of Theology	1909	ambiguous	13	8
The American Journal of Theology	1909	nt	37	10
The American Journal of Theology	1909	stephanus	1	1
The American Journal of Theology	1910	ambiguous	62	5
The American Journal of Theology	1910	nt	150	12
The American Journal of Theology	1910	stephanus	68	1
The American Journal of Theology	1911	ambiguous	48	5
The American Journal of Theology	1911	homer	2	1
The American Journal of Theology	1911	nt	109	15
The American Journal of Theology	1911	stephanus	4	3
The American Journal of Theology	1912	ambiguous	71	4
The American Journal of Theology	1912	bekker	3	1
The American Journal of Theology	1912	nt	34	6
The American Journal of Theology	1912	stephanus	56	3
The American Journal of Theology	1913	ambiguous	57	7
The American Journal of Theology	1913	nt	31	9
The American Journal of Theology	1913	stephanus	36	4
The American Journal of Theology	1914	ambiguous	44	7
The American Journal of Theology	1914	bekker	1	1
The American Journal of Theology	1914	nt	28	8
The American Journal of Theology	1914	stephanus	4	3
The American Journal of Theology	1915	ambiguous	82	7
The American Journal of Theology	1915	nt	28	8
The American Journal of Theology	1915	stephanus	11	4
The American Journal of Theology	1916	ambiguous	24	5
The American Journal of Theology	1916	homer	1	1
The American Journal of Theology	1916	nt	128	5
The American Journal of Theology	1917	ambiguous	43	7
The American Journal of Theology	1917	nt	60	8
The American Journal of Theology	1917	stephanus	10	4
The American Journal of Theology	1918	ambiguous	3	2
The American Journal of Theology	1918	nt	4	4
The American Journal of Theology	1918	stephanus	1	1
The American Journal of Theology	1919	ambiguous	7	3
The American Journal of Theology	1919	nt	52	5
The American Journal of Theology	1919	stephanus	1	1
The American Journal of Theology	1920	ambiguous	17	5
The American Journal of Theology	1920	bekker	1	1
The American Journal of Theology	1920	nt	183	7
The American Journal of Theology	1920	stephanus	2	2
The Biblical World	1893	ambiguous	28	7
The Biblical World	1893	nt	31	10
The Biblical World	1893	stephanus	16	9
The Biblical World	1894	ambiguous	18	7
The Biblical World	1894	nt	17	10
The Biblical World	1894	stephanus	3	3
The Biblical World	1895	ambiguous	6	3
The Biblical World	1895	nt	38	20
The Biblical World	1895	stephanus	4	4
The Biblical World	1896	ambiguous	8	5
The Biblical World	1896	nt	57	20
The Biblical World	1896	stephanus	5	4
The Biblical World	1897	ambiguous	19	10
The Biblical World	1897	nt	47	16
The Biblical World	1897	stephanus	10	8
The Biblical World	1898	ambiguous	11	8
The Biblical World	1898	homer	1	1
The Biblical World	1898	nt	14	10
The Biblical World	1898	stephanus	7	3
The Biblical World	1899	ambiguous	13	7
The Biblical World	1899	nt	13	8
The Biblical World	1899	stephanus	6	2
The Biblical World	1900	ambiguous	15	7
The Biblical World	1900	nt	20	9
The Biblical World	1900	stephanus	2	1
The Biblical World	1901	ambiguous	33	13
The Biblical World	1901	nt	41	19
The Biblical World	1901	stephanus	2	1
The Biblical World	1902	ambiguous	111	12
The Biblical World	1902	nt	58	17
The Biblical World	1902	stephanus	12	4
The Biblical World	1903	ambiguous	2	2
The Biblical World	1903	nt	11	7
The Biblical World	1903	stephanus	3	2
The Biblical World	1904	ambiguous	27	9
The Biblical World	1904	bekker	1	1
The Biblical World	1904	nt	14	8
The Biblical World	1904	stephanus	6	4
The Biblical World	1905	nt	22	8
The Biblical World	1905	stephanus	4	3
The Biblical World	1906	ambiguous	3	3
The Biblical World	1906	nt	32	5
The Biblical World	1906	stephanus	5	4
The Biblical World	1907	ambiguous	18	8
The Biblical World	1907	nt	36	15
The Biblical World	1907	stephanus	3	2
The Biblical World	1908	ambiguous	5	4
The Biblical World	1908	bekker	1	1
The Biblical World	1908	nt	114	24
The Biblical World	1909	ambiguous	26	8
The Biblical World	1909	nt	209	26
The Biblical World	1909	stephanus	1	1
The Biblical World	1910	ambiguous	12	8
The Biblical World	1910	nt	148	16
The Biblical World	1911	ambiguous	6	5
The Biblical World	1911	nt	113	19
The Biblical World	1911	stephanus	9	6
The Biblical World	1912	ambiguous	1	1
The Biblical World	1912	nt	29	12
The Biblical World	1912	stephanus	1	1
The Biblical World	1913	ambiguous	6	3
The Biblical World	1913	nt	88	16
The Biblical World	1913	stephanus	2	2
The Biblical World	1914	ambiguous	45	9
The Biblical World	1914	homer	1	1
The Biblical World	1914	nt	48	13
The Biblical World	1914	stephanus	3	3
The Biblical World	1915	ambiguous	36	10
The Biblical World	1915	nt	46	11
The Biblical World	1915	stephanus	3	2
The Biblical World	1916	ambiguous	8	5
The Biblical World	1916	nt	35	11
The Biblical World	1917	ambiguous	11	4
The Biblical World	1917	nt	20	10
The Biblical World	1917	stephanus	1	1
The Biblical World	1918	nt	23	11
The Biblical World	1918	stephanus	1	1
The Biblical World	1919	ambiguous	7	2
The Biblical World	1919	nt	16	5
The Biblical World	1919	stephanus	2	2
The Biblical World	1920	ambiguous	1	1
The Biblical World	1920	nt	28	7
The Catholic Biblical Quarterly	1939	ambiguous	19	9
The Catholic Biblical Quarterly	1939	nt	131	19
The Catholic Biblical Quarterly	1939	stephanus	2	2
The Catholic Biblical Quarterly	1940	ambiguous	15	5
The Catholic Biblical Quarterly	1940	nt	47	7
The Catholic Biblical Quarterly	1940	stephanus	9	5
The Catholic Biblical Quarterly	1941	ambiguous	56	11
The Catholic Biblical Quarterly	1941	nt	75	15
The Catholic Biblical Quarterly	1941	stephanus	11	4
The Catholic Biblical Quarterly	1942	ambiguous	16	5
The Catholic Biblical Quarterly	1942	nt	71	15
The Catholic Biblical Quarterly	1942	stephanus	5	4
The Catholic Biblical Quarterly	1943	ambiguous	36	11
The Catholic Biblical Quarterly	1943	nt	92	20
The Catholic Biblical Quarterly	1943	stephanus	4	2
The Catholic Biblical Quarterly	1944	ambiguous	14	7
The Catholic Biblical Quarterly	1944	homer	2	2
The Catholic Biblical Quarterly	1944	nt	177	24
The Catholic Biblical Quarterly	1944	stephanus	4	2
The Catholic Biblical Quarterly	1945	ambiguous	35	6
The Catholic Biblical Quarterly	1945	bekker	1	1
The Catholic Biblical Quarterly	1945	nt	101	12
The Catholic Biblical Quarterly	1945	stephanus	4	2
The Catholic Biblical Quarterly	1946	ambiguous	71	10
The Catholic Biblical Quarterly	1946	nt	67	17
The Catholic Biblical Quarterly	1946	stephanus	9	3
The Catholic Biblical Quarterly	1947	ambiguous	35	10
The Catholic Biblical Quarterly	1947	nt	174	17
The Catholic Biblical Quarterly	1947	stephanus	4	3
The Catholic Biblical Quarterly	1948	ambiguous	210	17
The Catholic Biblical Quarterly	1948	bekker	1	1
The Catholic Biblical Quarterly	1948	nt	102	13
The Catholic Biblical Quarterly	1948	stephanus	30	9
The Catholic Biblical Quarterly	1949	ambiguous	90	15
The Catholic Biblical Quarterly	1949	bekker	1	1
The Catholic Biblical Quarterly	1949	homer	2	1
The Catholic Biblical Quarterly	1949	nt	60	17
The Catholic Biblical Quarterly	1949	stephanus	19	9
The Catholic Biblical Quarterly	1950	ambiguous	94	15
The Catholic Biblical Quarterly	1950	nt	101	21
The Catholic Biblical Quarterly	1950	stephanus	15	9
The Catholic Biblical Quarterly	1951	ambiguous	51	14
The Catholic Biblical Quarterly	1951	bekker	10	1
The Catholic Biblical Quarterly	1951	nt	81	15
The Catholic Biblical Quarterly	1951	stephanus	40	5
The Catholic Biblical Quarterly	1952	ambiguous	77	17
The Catholic Biblical Quarterly	1952	nt	7	1
The Catholic Biblical Quarterly	1952	stephanus	3	3
The Catholic Biblical Quarterly	1953	ambiguous	31	14
The Catholic Biblical Quarterly	1953	bekker	1	1
The Catholic Biblical Quarterly	1953	nt	15	5
The Catholic Biblical Quarterly	1953	stephanus	4	3
The Catholic Biblical Quarterly	1954	ambiguous	57	18
The Catholic Biblical Quarterly	1954	bekker	1	1
The Catholic Biblical Quarterly	1954	nt	1	1
The Catholic Biblical Quarterly	1954	stephanus	1	1
The Catholic Biblical Quarterly	1955	ambiguous	94	16
The Catholic Biblical Quarterly	1955	bekker	4	1
The Catholic Biblical Quarterly	1955	nt	1	1
The Catholic Biblical Quarterly	1955	stephanus	6	4
The Catholic Biblical Quarterly	1956	ambiguous	60	14
The Catholic Biblical Quarterly	1956	nt	1	1
The Catholic Biblical Quarterly	1956	stephanus	4	3
The Catholic Biblical Quarterly	1957	ambiguous	54	13
The Catholic Biblical Quarterly	1957	nt	1	1
The Catholic Biblical Quarterly	1957	stephanus	4	4
The Catholic Biblical Quarterly	1958	ambiguous	62	17
The Catholic Biblical Quarterly	1958	bekker	2	1
The Catholic Biblical Quarterly	1958	nt	6	3
The Catholic Biblical Quarterly	1958	stephanus	11	8
The Catholic Biblical Quarterly	1959	ambiguous	29	13
The Catholic Biblical Quarterly	1959	bekker	2	2
The Catholic Biblical Quarterly	1959	homer	1	1
The Catholic Biblical Quarterly	1959	stephanus	2	2
The Catholic Biblical Quarterly	1960	ambiguous	50	20
The Catholic Biblical Quarterly	1960	bekker	1	1
The Catholic Biblical Quarterly	1960	stephanus	8	3
The Catholic Biblical Quarterly	1961	ambiguous	213	27
The Catholic Biblical Quarterly	1961	stephanus	18	5
The Catholic Biblical Quarterly	1962	ambiguous	116	19
The Catholic Biblical Quarterly	1962	homer	1	1
The Catholic Biblical Quarterly	1962	stephanus	25	9
The Catholic Biblical Quarterly	1963	ambiguous	89	23
The Catholic Biblical Quarterly	1963	homer	1	1
The Catholic Biblical Quarterly	1963	stephanus	10	6
The Catholic Biblical Quarterly	1964	ambiguous	249	19
The Catholic Biblical Quarterly	1964	stephanus	126	4
The Catholic Biblical Quarterly	1965	ambiguous	66	21
The Catholic Biblical Quarterly	1965	bekker	2	1
The Catholic Biblical Quarterly	1965	stephanus	15	7
The Catholic Biblical Quarterly	1966	ambiguous	70	20
The Catholic Biblical Quarterly	1966	bekker	2	2
The Catholic Biblical Quarterly	1966	stephanus	5	3
The Catholic Biblical Quarterly	1967	ambiguous	186	31
The Catholic Biblical Quarterly	1967	stephanus	33	11
The Catholic Biblical Quarterly	1968	ambiguous	102	27
The Catholic Biblical Quarterly	1968	nt	1	1
The Catholic Biblical Quarterly	1968	stephanus	7	4
The Catholic Biblical Quarterly	1969	ambiguous	100	25
The Catholic Biblical Quarterly	1969	nt	4	3
The Catholic Biblical Quarterly	1969	stephanus	14	10
The Catholic Biblical Quarterly	1970	ambiguous	121	28
The Catholic Biblical Quarterly	1970	bekker	1	1
The Catholic Biblical Quarterly	1970	stephanus	20	12
The Catholic Biblical Quarterly	1971	ambiguous	184	36
The Catholic Biblical Quarterly	1971	homer	1	1
The Catholic Biblical Quarterly	1971	nt	192	39
The Catholic Biblical Quarterly	1971	stephanus	25	12
The Catholic Biblical Quarterly	1972	ambiguous	144	31
The Catholic Biblical Quarterly	1972	nt	218	33
The Catholic Biblical Quarterly	1972	stephanus	3	3
The Catholic Biblical Quarterly	1973	ambiguous	176	25
The Catholic Biblical Quarterly	1973	bekker	2	2
The Catholic Biblical Quarterly	1973	nt	456	29
The Catholic Biblical Quarterly	1973	stephanus	10	7
The Catholic Biblical Quarterly	1974	ambiguous	226	42
The Catholic Biblical Quarterly	1974	bekker	4	4
The Catholic Biblical Quarterly	1974	homer	1	1
The Catholic Biblical Quarterly	1974	nt	242	40
The Catholic Biblical Quarterly	1974	stephanus	37	9
The Catholic Biblical Quarterly	1975	ambiguous	351	40
The Catholic Biblical Quarterly	1975	bekker	1	1
The Catholic Biblical Quarterly	1975	nt	428	38
The Catholic Biblical Quarterly	1975	stephanus	31	13
The Catholic Biblical Quarterly	1976	ambiguous	124	38
The Catholic Biblical Quarterly	1976	bekker	2	2
The Catholic Biblical Quarterly	1976	nt	149	39
The Catholic Biblical Quarterly	1976	stephanus	15	10
The Catholic Biblical Quarterly	1977	ambiguous	240	34
The Catholic Biblical Quarterly	1977	bekker	3	2
The Catholic Biblical Quarterly	1977	homer	1	1
The Catholic Biblical Quarterly	1977	nt	131	22
The Catholic Biblical Quarterly	1977	stephanus	15	9
The Catholic Biblical Quarterly	1978	ambiguous	219	41
The Catholic Biblical Quarterly	1978	bekker	2	1
The Catholic Biblical Quarterly	1978	homer	1	1
The Catholic Biblical Quarterly	1978	nt	371	36
The Catholic Biblical Quarterly	1978	stephanus	22	13
The Catholic Biblical Quarterly	1979	ambiguous	202	37
The Catholic Biblical Quarterly	1979	nt	126	28
The Catholic Biblical Quarterly	1979	stephanus	24	8
The Catholic Biblical Quarterly	1980	ambiguous	135	29
The Catholic Biblical Quarterly	1980	bekker	13	1
The Catholic Biblical Quarterly	1980	nt	331	26
The Catholic Biblical Quarterly	1980	stephanus	35	7
The Catholic Biblical Quarterly	1981	ambiguous	203	39
The Catholic Biblical Quarterly	1981	bekker	1	1
The Catholic Biblical Quarterly	1981	nt	160	29
The Catholic Biblical Quarterly	1981	stephanus	62	12
The Catholic Biblical Quarterly	1982	ambiguous	192	40
The Catholic Biblical Quarterly	1982	bekker	1	1
The Catholic Biblical Quarterly	1982	nt	184	21
The Catholic Biblical Quarterly	1982	stephanus	43	11
The Catholic Biblical Quarterly	1983	ambiguous	192	44
The Catholic Biblical Quarterly	1983	bekker	1	1
The Catholic Biblical Quarterly	1983	nt	368	39
The Catholic Biblical Quarterly	1983	stephanus	49	14
The Catholic Biblical Quarterly	1984	ambiguous	293	48
The Catholic Biblical Quarterly	1984	bekker	2	2
The Catholic Biblical Quarterly	1984	homer	6	2
The Catholic Biblical Quarterly	1984	nt	262	44
The Catholic Biblical Quarterly	1984	stephanus	18	12
The Catholic Biblical Quarterly	1985	ambiguous	135	32
The Catholic Biblical Quarterly	1985	nt	485	30
The Catholic Biblical Quarterly	1985	stephanus	17	11
The Catholic Biblical Quarterly	1986	ambiguous	421	49
The Catholic Biblical Quarterly	1986	nt	292	33
The Catholic Biblical Quarterly	1986	stephanus	55	13
The Catholic Biblical Quarterly	1987	ambiguous	248	37
The Catholic Biblical Quarterly	1987	nt	320	31
The Catholic Biblical Quarterly	1987	stephanus	21	5
The Catholic Biblical Quarterly	1988	ambiguous	151	46
The Catholic Biblical Quarterly	1988	bekker	2	2
The Catholic Biblical Quarterly	1988	nt	256	38
The Catholic Biblical Quarterly	1988	stephanus	19	12
The Catholic Biblical Quarterly	1989	ambiguous	107	32
The Catholic Biblical Quarterly	1989	bekker	57	1
The Catholic Biblical Quarterly	1989	nt	263	29
The Catholic Biblical Quarterly	1989	stephanus	23	12
The Catholic Biblical Quarterly	1990	ambiguous	223	50
The Catholic Biblical Quarterly	1990	bekker	1	1
The Catholic Biblical Quarterly	1990	homer	1	1
The Catholic Biblical Quarterly	1990	nt	312	28
The Catholic Biblical Quarterly	1990	stephanus	18	13
The Catholic Biblical Quarterly	1991	ambiguous	204	43
The Catholic Biblical Quarterly	1991	bekker	1	1
The Catholic Biblical Quarterly	1991	nt	105	25
The Catholic Biblical Quarterly	1991	stephanus	41	13
The Catholic Biblical Quarterly	1992	ambiguous	238	40
The Catholic Biblical Quarterly	1992	bekker	25	3
The Catholic Biblical Quarterly	1992	homer	2	1
The Catholic Biblical Quarterly	1992	nt	214	38
The Catholic Biblical Quarterly	1992	stephanus	25	13
The Catholic Biblical Quarterly	1993	ambiguous	145	42
The Catholic Biblical Quarterly	1993	bekker	1	1
The Catholic Biblical Quarterly	1993	nt	397	45
The Catholic Biblical Quarterly	1993	stephanus	8	5
The Catholic Biblical Quarterly	1994	ambiguous	132	41
The Catholic Biblical Quarterly	1994	nt	201	27
The Catholic Biblical Quarterly	1994	stephanus	30	9
The Catholic Biblical Quarterly	1995	ambiguous	157	38
The Catholic Biblical Quarterly	1995	bekker	3	1
The Catholic Biblical Quarterly	1995	nt	155	38
The Catholic Biblical Quarterly	1995	stephanus	21	12
The Catholic Biblical Quarterly	1996	ambiguous	151	35
The Catholic Biblical Quarterly	1996	bekker	1	1
The Catholic Biblical Quarterly	1996	nt	239	37
The Catholic Biblical Quarterly	1996	stephanus	19	12
The Catholic Biblical Quarterly	1997	ambiguous	112	34
The Catholic Biblical Quarterly	1997	bekker	2	2
The Catholic Biblical Quarterly	1997	nt	260	37
The Catholic Biblical Quarterly	1997	stephanus	14	9
The Catholic Biblical Quarterly	1998	ambiguous	245	42
The Catholic Biblical Quarterly	1998	bekker	3	1
The Catholic Biblical Quarterly	1998	homer	2	2
The Catholic Biblical Quarterly	1998	nt	249	45
The Catholic Biblical Quarterly	1998	stephanus	51	16
The Catholic Biblical Quarterly	1999	ambiguous	157	42
The Catholic Biblical Quarterly	1999	bekker	6	2
The Catholic Biblical Quarterly	1999	nt	121	34
The Catholic Biblical Quarterly	1999	stephanus	26	14
The Catholic Biblical Quarterly	2000	ambiguous	186	40
The Catholic Biblical Quarterly	2000	bekker	1	1
The Catholic Biblical Quarterly	2000	homer	4	2
The Catholic Biblical Quarterly	2000	nt	339	37
The Catholic Biblical Quarterly	2000	pindar	1	1
The Catholic Biblical Quarterly	2000	stephanus	40	12
The Catholic Biblical Quarterly	2001	ambiguous	188	38
The Catholic Biblical Quarterly	2001	bekker	5	1
The Catholic Biblical Quarterly	2001	nt	325	40
The Catholic Biblical Quarterly	2001	stephanus	32	14
The Catholic Biblical Quarterly	2002	ambiguous	282	37
The Catholic Biblical Quarterly	2002	bekker	4	2
The Catholic Biblical Quarterly	2002	homer	3	2
The Catholic Biblical Quarterly	2002	nt	316	37
The Catholic Biblical Quarterly	2002	stephanus	91	15
The Catholic Biblical Quarterly	2003	ambiguous	210	35
The Catholic Biblical Quarterly	2003	bekker	2	1
The Catholic Biblical Quarterly	2003	homer	2	2
The Catholic Biblical Quarterly	2003	nt	414	30
The Catholic Biblical Quarterly	2003	stephanus	37	13
The Catholic Biblical Quarterly	2004	ambiguous	278	43
The Catholic Biblical Quarterly	2004	bekker	5	2
The Catholic Biblical Quarterly	2004	homer	3	2
The Catholic Biblical Quarterly	2004	nt	334	28
The Catholic Biblical Quarterly	2004	stephanus	25	13
The Catholic Biblical Quarterly	2005	ambiguous	165	34
The Catholic Biblical Quarterly	2005	bekker	4	2
The Catholic Biblical Quarterly	2005	nt	287	33
The Catholic Biblical Quarterly	2005	stephanus	17	8
The Catholic Biblical Quarterly	2006	ambiguous	167	38
The Catholic Biblical Quarterly	2006	nt	249	40
The Catholic Biblical Quarterly	2006	stephanus	31	13
The Catholic Biblical Quarterly	2007	ambiguous	229	38
The Catholic Biblical Quarterly	2007	bekker	6	2
The Catholic Biblical Quarterly	2007	nt	403	49
The Catholic Biblical Quarterly	2007	stephanus	39	17
The Catholic Biblical Quarterly	2008	ambiguous	198	35
The Catholic Biblical Quarterly	2008	bekker	1	1
The Catholic Biblical Quarterly	2008	nt	221	39
The Catholic Biblical Quarterly	2008	stephanus	31	17
The Catholic Biblical Quarterly	2009	ambiguous	121	29
The Catholic Biblical Quarterly	2009	bekker	5	2
The Catholic Biblical Quarterly	2009	homer	1	1
The Catholic Biblical Quarterly	2009	nt	178	46
The Catholic Biblical Quarterly	2009	stephanus	22	8
The Catholic Biblical Quarterly	2010	ambiguous	179	50
The Catholic Biblical Quarterly	2010	bekker	1	1
The Catholic Biblical Quarterly	2010	homer	8	2
The Catholic Biblical Quarterly	2010	nt	258	39
The Catholic Biblical Quarterly	2010	stephanus	21	13
The Catholic Biblical Quarterly	2011	ambiguous	146	40
The Catholic Biblical Quarterly	2011	bekker	2	1
The Catholic Biblical Quarterly	2011	homer	2	2
The Catholic Biblical Quarterly	2011	nt	426	52
The Catholic Biblical Quarterly	2011	stephanus	58	17
The Catholic Biblical Quarterly	2012	ambiguous	182	34
The Catholic Biblical Quarterly	2012	bekker	1	1
The Catholic Biblical Quarterly	2012	nt	265	36
The Catholic Biblical Quarterly	2012	stephanus	25	16
The Catholic Biblical Quarterly	2013	ambiguous	165	36
The Catholic Biblical Quarterly	2013	bekker	4	1
The Catholic Biblical Quarterly	2013	homer	2	1
The Catholic Biblical Quarterly	2013	nt	235	48
The Catholic Biblical Quarterly	2013	stephanus	51	9
The Catholic Biblical Quarterly	2014	ambiguous	180	42
The Catholic Biblical Quarterly	2014	homer	3	2
The Catholic Biblical Quarterly	2014	nt	208	37
The Catholic Biblical Quarterly	2014	stephanus	12	8
The Catholic Biblical Quarterly	2015	ambiguous	187	41
The Catholic Biblical Quarterly	2015	bekker	4	3
The Catholic Biblical Quarterly	2015	homer	3	1
The Catholic Biblical Quarterly	2015	nt	429	48
The Catholic Biblical Quarterly	2015	stephanus	66	13
The Catholic Biblical Quarterly	2016	ambiguous	171	31
The Catholic Biblical Quarterly	2016	bekker	9	5
The Catholic Biblical Quarterly	2016	nt	413	44
The Catholic Biblical Quarterly	2016	stephanus	24	13
The Catholic Biblical Quarterly	2017	ambiguous	114	36
The Catholic Biblical Quarterly	2017	bekker	4	3
The Catholic Biblical Quarterly	2017	homer	10	3
The Catholic Biblical Quarterly	2017	nt	479	34
The Catholic Biblical Quarterly	2017	stephanus	63	17
The Catholic Biblical Quarterly	2018	ambiguous	113	24
The Catholic Biblical Quarterly	2018	bekker	6	3
The Catholic Biblical Quarterly	2018	homer	2	2
The Catholic Biblical Quarterly	2018	nt	225	31
The Catholic Biblical Quarterly	2018	pindar	2	1
The Catholic Biblical Quarterly	2018	stephanus	28	14
The Catholic Biblical Quarterly	2019	ambiguous	169	33
The Catholic Biblical Quarterly	2019	bekker	5	2
The Catholic Biblical Quarterly	2019	homer	1	1
The Catholic Biblical Quarterly	2019	nt	327	30
The Catholic Biblical Quarterly	2019	stephanus	32	12
The Catholic Biblical Quarterly	2020	ambiguous	200	25
The Catholic Biblical Quarterly	2020	bekker	1	1
The Catholic Biblical Quarterly	2020	homer	9	2
The Catholic Biblical Quarterly	2020	nt	349	35
The Catholic Biblical Quarterly	2020	stephanus	17	8
The Classical Journal	1906	ambiguous	1	1
The Classical Journal	1906	stephanus	2	2
The Classical Journal	1907	stephanus	1	1
The Classical Journal	1908	ambiguous	2	2
The Classical Journal	1909	ambiguous	2	2
The Classical Journal	1909	bekker	1	1
The Classical Journal	1909	nt	1	1
The Classical Journal	1909	stephanus	4	2
The Classical Journal	1910	nt	1	1
The Classical Journal	1911	ambiguous	1	1
The Classical Journal	1911	stephanus	1	1
The Classical Journal	1912	homer	1	1
The Classical Journal	1913	ambiguous	5	4
The Classical Journal	1913	stephanus	2	2
The Classical Journal	1914	ambiguous	3	1
The Classical Journal	1914	stephanus	1	1
The Classical Journal	1915	ambiguous	5	4
The Classical Journal	1915	homer	1	1
The Classical Journal	1915	stephanus	3	1
The Classical Journal	1916	ambiguous	1	1
The Classical Journal	1916	stephanus	8	8
The Classical Journal	1917	ambiguous	14	3
The Classical Journal	1917	bekker	3	2
The Classical Journal	1917	stephanus	31	12
The Classical Journal	1918	ambiguous	50	4
The Classical Journal	1918	stephanus	18	11
The Classical Journal	1919	ambiguous	5	3
The Classical Journal	1919	stephanus	6	5
The Classical Journal	1920	ambiguous	2	2
The Classical Journal	1920	homer	1	1
The Classical Journal	1920	stephanus	6	6
The Classical Journal	1921	ambiguous	1	1
The Classical Journal	1921	stephanus	9	9
The Classical Journal	1922	ambiguous	12	3
The Classical Journal	1922	bekker	1	1
The Classical Journal	1922	homer	6	3
The Classical Journal	1922	stephanus	21	10
The Classical Journal	1923	ambiguous	4	2
The Classical Journal	1923	stephanus	1	1
The Classical Journal	1924	ambiguous	1	1
The Classical Journal	1924	homer	5	2
The Classical Journal	1924	stephanus	3	3
The Classical Journal	1925	ambiguous	3	2
The Classical Journal	1925	homer	5	5
The Classical Journal	1925	stephanus	6	3
The Classical Journal	1926	ambiguous	10	5
The Classical Journal	1926	homer	40	4
The Classical Journal	1926	stephanus	9	6
The Classical Journal	1927	ambiguous	12	5
The Classical Journal	1927	nt	3	1
The Classical Journal	1927	stephanus	18	4
The Classical Journal	1928	ambiguous	6	4
The Classical Journal	1928	homer	3	2
The Classical Journal	1928	stephanus	54	12
The Classical Journal	1929	ambiguous	4	4
The Classical Journal	1929	homer	2	2
The Classical Journal	1929	stephanus	43	11
The Classical Journal	1930	ambiguous	1	1
The Classical Journal	1930	bekker	1	1
The Classical Journal	1930	homer	92	12
The Classical Journal	1930	stephanus	51	14
The Classical Journal	1931	ambiguous	8	6
The Classical Journal	1931	bekker	5	2
The Classical Journal	1931	homer	19	10
The Classical Journal	1931	stephanus	43	15
The Classical Journal	1932	ambiguous	13	4
The Classical Journal	1932	homer	46	11
The Classical Journal	1932	stephanus	35	14
The Classical Journal	1933	ambiguous	8	5
The Classical Journal	1933	bekker	3	3
The Classical Journal	1933	homer	18	7
The Classical Journal	1933	stephanus	20	9
The Classical Journal	1934	ambiguous	3	2
The Classical Journal	1934	homer	15	4
The Classical Journal	1934	stephanus	14	5
The Classical Journal	1935	ambiguous	3	2
The Classical Journal	1935	bekker	16	3
The Classical Journal	1935	homer	6	3
The Classical Journal	1935	stephanus	16	7
The Classical Journal	1936	ambiguous	24	5
The Classical Journal	1936	homer	20	7
The Classical Journal	1936	stephanus	37	6
The Classical Journal	1937	ambiguous	12	6
The Classical Journal	1937	bekker	1	1
The Classical Journal	1937	homer	15	8
The Classical Journal	1937	stephanus	5	4
The Classical Journal	1938	ambiguous	13	5
The Classical Journal	1938	bekker	28	3
The Classical Journal	1938	homer	4	3
The Classical Journal	1938	stephanus	8	4
The Classical Journal	1939	ambiguous	18	7
The Classical Journal	1939	bekker	8	3
The Classical Journal	1939	homer	9	2
The Classical Journal	1939	stephanus	29	5
The Classical Journal	1940	ambiguous	2	1
The Classical Journal	1940	bekker	1	1
The Classical Journal	1940	homer	13	9
The Classical Journal	1940	stephanus	5	3
The Classical Journal	1941	ambiguous	28	10
The Classical Journal	1941	bekker	3	3
The Classical Journal	1941	homer	7	4
The Classical Journal	1941	stephanus	20	3
The Classical Journal	1942	ambiguous	29	8
The Classical Journal	1942	homer	8	5
The Classical Journal	1942	stephanus	32	8
The Classical Journal	1943	ambiguous	53	8
The Classical Journal	1943	bekker	18	3
The Classical Journal	1943	homer	40	9
The Classical Journal	1943	stephanus	64	9
The Classical Journal	1944	ambiguous	11	6
The Classical Journal	1944	homer	6	4
The Classical Journal	1944	stephanus	7	5
The Classical Journal	1945	ambiguous	24	9
The Classical Journal	1945	bekker	5	2
The Classical Journal	1945	homer	3	3
The Classical Journal	1945	stephanus	35	9
The Classical Journal	1946	ambiguous	8	5
The Classical Journal	1946	homer	16	3
The Classical Journal	1946	stephanus	10	7
The Classical Journal	1947	ambiguous	29	6
The Classical Journal	1947	homer	10	5
The Classical Journal	1947	pindar	4	1
The Classical Journal	1947	stephanus	7	5
The Classical Journal	1948	ambiguous	17	6
The Classical Journal	1948	bekker	2	1
The Classical Journal	1948	homer	10	4
The Classical Journal	1948	stephanus	15	8
The Classical Journal	1949	ambiguous	18	13
The Classical Journal	1949	homer	22	4
The Classical Journal	1949	pindar	1	1
The Classical Journal	1949	stephanus	20	12
The Classical Journal	1950	ambiguous	17	15
The Classical Journal	1950	homer	15	4
The Classical Journal	1950	pindar	1	1
The Classical Journal	1950	stephanus	6	6
The Classical Journal	1951	ambiguous	26	9
The Classical Journal	1951	bekker	2	2
The Classical Journal	1951	homer	11	10
The Classical Journal	1951	stephanus	34	7
The Classical Journal	1952	ambiguous	4	4
The Classical Journal	1952	homer	25	1
The Classical Journal	1952	stephanus	10	4
The Classical Journal	1953	ambiguous	52	11
The Classical Journal	1953	bekker	9	4
The Classical Journal	1953	homer	16	9
The Classical Journal	1953	stephanus	99	20
The Classical Journal	1954	ambiguous	65	20
The Classical Journal	1954	bekker	7	2
The Classical Journal	1954	homer	32	11
The Classical Journal	1954	pindar	7	3
The Classical Journal	1954	stephanus	81	25
The Classical Journal	1955	ambiguous	97	16
The Classical Journal	1955	bekker	8	3
The Classical Journal	1955	homer	17	10
The Classical Journal	1955	nt	35	4
The Classical Journal	1955	pindar	2	2
The Classical Journal	1955	stephanus	120	22
The Classical Journal	1956	ambiguous	21	10
The Classical Journal	1956	bekker	8	2
The Classical Journal	1956	homer	1	1
The Classical Journal	1956	nt	9	2
The Classical Journal	1956	stephanus	39	16
The Classical Journal	1957	ambiguous	11	5
The Classical Journal	1957	bekker	3	1
The Classical Journal	1957	stephanus	37	19
The Classical Journal	1958	ambiguous	10	5
The Classical Journal	1958	bekker	51	4
The Classical Journal	1958	homer	1	1
The Classical Journal	1958	stephanus	51	16
The Classical Journal	1959	ambiguous	10	7
The Classical Journal	1959	bekker	9	6
The Classical Journal	1959	homer	1	1
The Classical Journal	1959	stephanus	21	11
The Classical Journal	1960	ambiguous	14	4
The Classical Journal	1960	bekker	1	1
The Classical Journal	1960	stephanus	43	13
The Classical Journal	1961	ambiguous	18	7
The Classical Journal	1961	bekker	6	3
The Classical Journal	1961	homer	4	4
The Classical Journal	1961	stephanus	20	12
The Classical Journal	1962	ambiguous	34	9
The Classical Journal	1962	bekker	1	1
The Classical Journal	1962	homer	12	4
The Classical Journal	1962	stephanus	21	6
The Classical Journal	1963	ambiguous	31	10
The Classical Journal	1963	bekker	4	3
The Classical Journal	1963	homer	8	3
The Classical Journal	1963	pindar	1	1
The Classical Journal	1963	stephanus	25	10
The Classical Journal	1964	ambiguous	28	11
The Classical Journal	1964	bekker	19	5
The Classical Journal	1964	homer	7	2
The Classical Journal	1964	stephanus	21	7
The Classical Journal	1965	ambiguous	53	10
The Classical Journal	1965	bekker	5	3
The Classical Journal	1965	homer	11	6
The Classical Journal	1965	nt	1	1
The Classical Journal	1965	stephanus	42	6
The Classical Journal	1966	ambiguous	41	7
The Classical Journal	1966	bekker	5	2
The Classical Journal	1966	homer	10	5
The Classical Journal	1966	pindar	1	1
The Classical Journal	1966	stephanus	23	9
The Classical Journal	1967	ambiguous	46	18
The Classical Journal	1967	bekker	2	2
The Classical Journal	1967	homer	46	14
The Classical Journal	1967	pindar	1	1
The Classical Journal	1967	stephanus	17	8
The Classical Journal	1968	ambiguous	40	7
The Classical Journal	1968	bekker	8	4
The Classical Journal	1968	homer	15	7
The Classical Journal	1968	pindar	2	2
The Classical Journal	1968	stephanus	17	8
The Classical Journal	1969	ambiguous	196	12
The Classical Journal	1969	bekker	2	1
The Classical Journal	1969	homer	8	6
The Classical Journal	1969	pindar	7	3
The Classical Journal	1969	stephanus	53	12
The Classical Journal	1970	ambiguous	208	14
The Classical Journal	1970	bekker	3	2
The Classical Journal	1970	homer	14	6
The Classical Journal	1970	stephanus	16	11
The Classical Journal	1971	ambiguous	52	13
The Classical Journal	1971	bekker	17	4
The Classical Journal	1971	homer	15	10
The Classical Journal	1971	pindar	7	3
The Classical Journal	1971	stephanus	26	10
The Classical Journal	1972	ambiguous	33	8
The Classical Journal	1972	bekker	11	5
The Classical Journal	1972	homer	44	5
The Classical Journal	1972	pindar	4	3
The Classical Journal	1972	stephanus	16	10
The Classical Journal	1973	ambiguous	55	8
The Classical Journal	1973	bekker	13	4
The Classical Journal	1973	homer	16	9
The Classical Journal	1973	pindar	1	1
The Classical Journal	1973	stephanus	28	4
The Classical Journal	1974	ambiguous	57	9
The Classical Journal	1974	bekker	6	4
The Classical Journal	1974	homer	25	5
The Classical Journal	1974	pindar	4	1
The Classical Journal	1974	stephanus	27	7
The Classical Journal	1975	ambiguous	50	7
The Classical Journal	1975	bekker	3	1
The Classical Journal	1975	homer	11	6
The Classical Journal	1975	stephanus	10	6
The Classical Journal	1976	ambiguous	134	18
The Classical Journal	1976	bekker	1	1
The Classical Journal	1976	homer	6	3
The Classical Journal	1976	stephanus	51	7
The Classical Journal	1977	ambiguous	59	12
The Classical Journal	1977	bekker	50	3
The Classical Journal	1977	homer	14	7
The Classical Journal	1977	pindar	1	1
The Classical Journal	1977	stephanus	37	11
The Classical Journal	1978	ambiguous	34	11
The Classical Journal	1978	bekker	1	1
The Classical Journal	1978	homer	9	5
The Classical Journal	1978	pindar	2	2
The Classical Journal	1978	stephanus	13	7
The Classical Journal	1979	ambiguous	72	13
The Classical Journal	1979	bekker	17	4
The Classical Journal	1979	homer	21	7
The Classical Journal	1979	pindar	1	1
The Classical Journal	1979	stephanus	48	13
The Classical Journal	1980	ambiguous	39	15
The Classical Journal	1980	homer	13	7
The Classical Journal	1980	stephanus	31	18
The Classical Journal	1981	ambiguous	67	17
The Classical Journal	1981	bekker	6	4
The Classical Journal	1981	homer	29	9
The Classical Journal	1981	pindar	2	1
The Classical Journal	1981	stephanus	46	12
The Classical Journal	1982	ambiguous	27	15
The Classical Journal	1982	bekker	6	2
The Classical Journal	1982	homer	27	8
The Classical Journal	1982	pindar	1	1
The Classical Journal	1982	stephanus	13	10
The Classical Journal	1983	ambiguous	182	14
The Classical Journal	1983	bekker	28	4
The Classical Journal	1983	homer	8	4
The Classical Journal	1983	pindar	3	1
The Classical Journal	1983	stephanus	26	10
The Classical Journal	1984	ambiguous	15	10
The Classical Journal	1984	bekker	5	4
The Classical Journal	1984	homer	51	7
The Classical Journal	1984	pindar	1	1
The Classical Journal	1984	stephanus	17	6
The Classical Journal	1985	ambiguous	64	17
The Classical Journal	1985	bekker	3	2
The Classical Journal	1985	homer	10	6
The Classical Journal	1985	stephanus	67	14
The Classical Journal	1986	ambiguous	36	12
The Classical Journal	1986	bekker	18	4
The Classical Journal	1986	homer	25	6
The Classical Journal	1986	pindar	3	2
The Classical Journal	1986	stephanus	31	11
The Classical Journal	1987	ambiguous	54	13
The Classical Journal	1987	bekker	4	4
The Classical Journal	1987	homer	49	8
The Classical Journal	1987	pindar	2	2
The Classical Journal	1987	stephanus	40	9
The Classical Journal	1988	ambiguous	21	10
The Classical Journal	1988	bekker	1	1
The Classical Journal	1988	homer	40	11
The Classical Journal	1988	pindar	4	2
The Classical Journal	1988	stephanus	11	6
The Classical Journal	1989	ambiguous	33	17
The Classical Journal	1989	bekker	18	1
The Classical Journal	1989	homer	72	10
The Classical Journal	1989	nt	1	1
The Classical Journal	1989	pindar	7	2
The Classical Journal	1989	stephanus	33	13
The Classical Journal	1990	ambiguous	38	13
The Classical Journal	1990	bekker	22	6
The Classical Journal	1990	homer	27	10
The Classical Journal	1990	stephanus	33	10
The Classical Journal	1991	ambiguous	60	12
The Classical Journal	1991	bekker	24	4
The Classical Journal	1991	homer	21	9
The Classical Journal	1991	pindar	1	1
The Classical Journal	1991	stephanus	47	7
The Classical Journal	1992	ambiguous	24	7
The Classical Journal	1992	homer	12	6
The Classical Journal	1992	stephanus	21	5
The Classical Journal	1993	ambiguous	41	12
The Classical Journal	1993	bekker	17	6
The Classical Journal	1993	homer	18	9
The Classical Journal	1993	pindar	19	5
The Classical Journal	1993	stephanus	16	10
The Classical Journal	1994	ambiguous	41	12
The Classical Journal	1994	bekker	11	5
The Classical Journal	1994	homer	44	13
The Classical Journal	1994	pindar	1	1
The Classical Journal	1994	stephanus	25	9
The Classical Journal	1995	ambiguous	62	15
The Classical Journal	1995	bekker	57	7
The Classical Journal	1995	homer	16	7
The Classical Journal	1995	stephanus	33	7
The Classical Journal	1996	ambiguous	10	7
The Classical Journal	1996	bekker	29	4
The Classical Journal	1996	homer	31	7
The Classical Journal	1996	pindar	5	4
The Classical Journal	1996	stephanus	14	8
The Classical Journal	1997	ambiguous	14	7
The Classical Journal	1997	bekker	42	1
The Classical Journal	1997	homer	68	14
The Classical Journal	1997	pindar	2	1
The Classical Journal	1997	stephanus	3	2
The Classical Journal	1998	ambiguous	37	11
The Classical Journal	1998	bekker	41	4
The Classical Journal	1998	homer	31	5
The Classical Journal	1998	pindar	2	1
The Classical Journal	1998	stephanus	12	4
The Classical Journal	1999	ambiguous	80	9
The Classical Journal	1999	bekker	19	4
The Classical Journal	1999	homer	5	4
The Classical Journal	1999	stephanus	120	6
The Classical Journal	2000	ambiguous	45	8
The Classical Journal	2000	bekker	23	6
The Classical Journal	2000	homer	24	7
The Classical Journal	2000	stephanus	16	7
The Classical Journal	2001	ambiguous	19	8
The Classical Journal	2001	bekker	42	6
The Classical Journal	2001	homer	24	8
The Classical Journal	2001	stephanus	16	7
The Classical Journal	2002	ambiguous	40	13
The Classical Journal	2002	bekker	13	2
The Classical Journal	2002	homer	69	13
The Classical Journal	2002	pindar	42	2
The Classical Journal	2002	stephanus	25	10
The Classical Journal	2003	ambiguous	6	4
The Classical Journal	2003	bekker	20	5
The Classical Journal	2003	homer	30	7
The Classical Journal	2003	pindar	2	2
The Classical Journal	2003	stephanus	6	6
The Classical Journal	2004	ambiguous	55	8
The Classical Journal	2004	bekker	30	3
The Classical Journal	2004	homer	32	8
The Classical Journal	2004	nt	1	1
The Classical Journal	2004	pindar	25	2
The Classical Journal	2004	stephanus	14	10
The Classical Journal	2005	ambiguous	18	2
The Classical Journal	2005	bekker	19	5
The Classical Journal	2005	homer	53	6
The Classical Journal	2005	stephanus	11	6
The Classical Journal	2006	ambiguous	29	8
The Classical Journal	2006	bekker	60	8
The Classical Journal	2006	homer	21	5
The Classical Journal	2006	stephanus	28	6
The Classical Journal	2007	ambiguous	36	8
The Classical Journal	2007	bekker	51	13
The Classical Journal	2007	homer	13	5
The Classical Journal	2007	pindar	1	1
The Classical Journal	2007	stephanus	39	5
The Classical Journal	2008	ambiguous	47	9
The Classical Journal	2008	bekker	59	8
The Classical Journal	2008	homer	37	10
The Classical Journal	2008	stephanus	38	10
The Classical Journal	2009	ambiguous	37	6
The Classical Journal	2009	bekker	11	3
The Classical Journal	2009	homer	30	7
The Classical Journal	2009	stephanus	13	6
The Classical Journal	2010	ambiguous	28	9
The Classical Journal	2010	bekker	48	9
The Classical Journal	2010	homer	27	7
The Classical Journal	2010	pindar	2	1
The Classical Journal	2010	stephanus	12	7
The Classical Journal	2011	bekker	1	1
The Classical Journal	2011	homer	10	1
The Classical Journal	2012	homer	1	1
The Classical Journal	2012	pindar	2	1
The Classical Journal	2013	ambiguous	11	3
The Classical Journal	2013	bekker	31	2
The Classical Journal	2013	homer	1	1
The Classical Journal	2013	stephanus	10	2
The Classical Journal	2014	ambiguous	13	5
The Classical Journal	2014	bekker	91	13
The Classical Journal	2014	homer	13	4
The Classical Journal	2014	pindar	2	2
The Classical Journal	2014	stephanus	11	5
The Classical Journal	2015	ambiguous	78	13
The Classical Journal	2015	bekker	57	12
The Classical Journal	2015	homer	109	9
The Classical Journal	2015	stephanus	71	6
The Classical Journal	2016	ambiguous	32	12
The Classical Journal	2016	bekker	39	8
The Classical Journal	2016	homer	31	8
The Classical Journal	2016	pindar	17	3
The Classical Journal	2016	stephanus	16	8
The Classical Journal	2017	ambiguous	55	10
The Classical Journal	2017	bekker	46	6
The Classical Journal	2017	homer	34	9
The Classical Journal	2017	pindar	4	2
The Classical Journal	2017	stephanus	96	6
The Classical Journal	2018	ambiguous	95	7
The Classical Journal	2018	bekker	53	9
The Classical Journal	2018	homer	43	10
The Classical Journal	2018	pindar	2	2
The Classical Journal	2018	stephanus	116	6
The Classical Journal	2019	ambiguous	91	11
The Classical Journal	2019	bekker	79	10
The Classical Journal	2019	homer	66	9
The Classical Journal	2019	nt	1	1
The Classical Journal	2019	pindar	2	2
The Classical Journal	2019	stephanus	110	8
The Classical Journal	2020	ambiguous	26	9
The Classical Journal	2020	bekker	80	9
The Classical Journal	2020	homer	43	9
The Classical Journal	2020	pindar	20	2
The Classical Journal	2020	stephanus	7	5
The Classical Quarterly	1907	ambiguous	8	7
The Classical Quarterly	1907	homer	3	3
The Classical Quarterly	1907	stephanus	2	2
The Classical Quarterly	1908	ambiguous	19	8
The Classical Quarterly	1908	pindar	1	1
The Classical Quarterly	1908	stephanus	17	6
The Classical Quarterly	1909	ambiguous	34	19
The Classical Quarterly	1909	bekker	5	2
The Classical Quarterly	1909	homer	3	3
The Classical Quarterly	1909	stephanus	16	12
The Classical Quarterly	1910	ambiguous	16	11
The Classical Quarterly	1910	homer	2	1
The Classical Quarterly	1910	stephanus	13	6
The Classical Quarterly	1911	ambiguous	16	7
The Classical Quarterly	1911	homer	3	1
The Classical Quarterly	1911	stephanus	10	5
The Classical Quarterly	1912	ambiguous	27	7
The Classical Quarterly	1912	bekker	2	1
The Classical Quarterly	1912	homer	1	1
The Classical Quarterly	1912	stephanus	9	5
The Classical Quarterly	1913	ambiguous	45	11
The Classical Quarterly	1913	bekker	3	3
The Classical Quarterly	1913	homer	6	4
The Classical Quarterly	1913	stephanus	47	12
The Classical Quarterly	1914	ambiguous	10	5
The Classical Quarterly	1914	bekker	1	1
The Classical Quarterly	1914	stephanus	13	5
The Classical Quarterly	1915	ambiguous	2	2
The Classical Quarterly	1915	bekker	1	1
The Classical Quarterly	1915	homer	1	1
The Classical Quarterly	1915	stephanus	10	6
The Classical Quarterly	1916	ambiguous	15	4
The Classical Quarterly	1916	bekker	1	1
The Classical Quarterly	1916	stephanus	27	2
The Classical Quarterly	1917	ambiguous	19	10
The Classical Quarterly	1917	stephanus	6	5
The Classical Quarterly	1918	ambiguous	36	7
The Classical Quarterly	1918	bekker	5	3
The Classical Quarterly	1918	stephanus	10	4
The Classical Quarterly	1919	ambiguous	29	9
The Classical Quarterly	1919	bekker	5	3
The Classical Quarterly	1919	homer	3	3
The Classical Quarterly	1919	stephanus	6	5
The Classical Quarterly	1920	ambiguous	11	7
The Classical Quarterly	1920	bekker	1	1
The Classical Quarterly	1920	stephanus	1	1
The Classical Quarterly	1921	ambiguous	116	16
The Classical Quarterly	1921	bekker	28	3
The Classical Quarterly	1921	homer	2	2
The Classical Quarterly	1921	stephanus	95	13
The Classical Quarterly	1922	ambiguous	66	11
The Classical Quarterly	1922	bekker	3	2
The Classical Quarterly	1922	homer	2	2
The Classical Quarterly	1922	stephanus	82	10
The Classical Quarterly	1923	ambiguous	55	14
The Classical Quarterly	1923	bekker	7	5
The Classical Quarterly	1923	homer	1	1
The Classical Quarterly	1923	stephanus	32	12
The Classical Quarterly	1924	ambiguous	22	12
The Classical Quarterly	1924	bekker	3	2
The Classical Quarterly	1924	stephanus	7	3
The Classical Quarterly	1925	ambiguous	11	7
The Classical Quarterly	1925	bekker	13	4
The Classical Quarterly	1925	stephanus	14	6
The Classical Quarterly	1926	ambiguous	198	22
The Classical Quarterly	1926	bekker	12	6
The Classical Quarterly	1926	stephanus	147	15
The Classical Quarterly	1927	ambiguous	123	14
The Classical Quarterly	1927	bekker	13	3
The Classical Quarterly	1927	homer	3	2
The Classical Quarterly	1927	stephanus	101	14
The Classical Quarterly	1928	ambiguous	154	18
The Classical Quarterly	1928	bekker	5	4
The Classical Quarterly	1928	homer	1	1
The Classical Quarterly	1928	stephanus	125	13
The Classical Quarterly	1929	ambiguous	90	16
The Classical Quarterly	1929	bekker	6	4
The Classical Quarterly	1929	stephanus	94	13
The Classical Quarterly	1930	ambiguous	92	13
The Classical Quarterly	1930	bekker	5	3
The Classical Quarterly	1930	homer	2	2
The Classical Quarterly	1930	stephanus	51	15
The Classical Quarterly	1931	ambiguous	88	11
The Classical Quarterly	1931	bekker	4	3
The Classical Quarterly	1931	homer	3	2
The Classical Quarterly	1931	stephanus	60	11
The Classical Quarterly	1932	ambiguous	84	14
The Classical Quarterly	1932	homer	1	1
The Classical Quarterly	1932	stephanus	59	13
The Classical Quarterly	1933	ambiguous	97	14
The Classical Quarterly	1933	bekker	13	7
The Classical Quarterly	1933	homer	2	2
The Classical Quarterly	1933	stephanus	67	13
The Classical Quarterly	1934	ambiguous	168	18
The Classical Quarterly	1934	bekker	5	3
The Classical Quarterly	1934	homer	8	3
The Classical Quarterly	1934	stephanus	195	21
The Classical Quarterly	1935	ambiguous	128	12
The Classical Quarterly	1935	bekker	43	6
The Classical Quarterly	1935	homer	2	2
The Classical Quarterly	1935	stephanus	81	14
The Classical Quarterly	1936	ambiguous	240	17
The Classical Quarterly	1936	bekker	38	4
The Classical Quarterly	1936	homer	4	2
The Classical Quarterly	1936	stephanus	117	17
The Classical Quarterly	1937	ambiguous	56	10
The Classical Quarterly	1937	bekker	17	3
The Classical Quarterly	1937	homer	2	1
The Classical Quarterly	1937	stephanus	73	9
The Classical Quarterly	1938	ambiguous	190	22
The Classical Quarterly	1938	bekker	23	5
The Classical Quarterly	1938	homer	4	3
The Classical Quarterly	1938	stephanus	107	19
The Classical Quarterly	1939	ambiguous	227	21
The Classical Quarterly	1939	bekker	8	5
The Classical Quarterly	1939	homer	2	2
The Classical Quarterly	1939	stephanus	160	13
The Classical Quarterly	1940	ambiguous	16	6
The Classical Quarterly	1940	bekker	5	3
The Classical Quarterly	1940	stephanus	18	6
The Classical Quarterly	1941	ambiguous	16	7
The Classical Quarterly	1941	bekker	1	1
The Classical Quarterly	1941	stephanus	22	9
The Classical Quarterly	1942	ambiguous	9	6
The Classical Quarterly	1942	bekker	2	2
The Classical Quarterly	1942	homer	1	1
The Classical Quarterly	1942	stephanus	15	5
The Classical Quarterly	1943	ambiguous	7	4
The Classical Quarterly	1943	bekker	9	4
The Classical Quarterly	1943	stephanus	3	2
The Classical Quarterly	1944	ambiguous	15	3
The Classical Quarterly	1944	homer	1	1
The Classical Quarterly	1944	stephanus	21	4
The Classical Quarterly	1945	ambiguous	25	7
The Classical Quarterly	1945	bekker	6	3
The Classical Quarterly	1945	pindar	1	1
The Classical Quarterly	1945	stephanus	9	2
The Classical Quarterly	1946	ambiguous	18	2
The Classical Quarterly	1946	bekker	1	1
The Classical Quarterly	1946	stephanus	2	2
The Classical Quarterly	1947	ambiguous	16	5
The Classical Quarterly	1947	bekker	30	4
The Classical Quarterly	1947	stephanus	4	4
The Classical Quarterly	1948	ambiguous	14	4
The Classical Quarterly	1948	bekker	5	3
The Classical Quarterly	1948	stephanus	4	2
The Classical Quarterly	1949	ambiguous	84	6
The Classical Quarterly	1949	bekker	2	2
The Classical Quarterly	1949	stephanus	38	6
The Classical Quarterly	1950	ambiguous	65	6
The Classical Quarterly	1950	bekker	4	3
The Classical Quarterly	1950	stephanus	14	8
The Classical Quarterly	1951	ambiguous	18	8
The Classical Quarterly	1951	bekker	1	1
The Classical Quarterly	1951	homer	2	2
The Classical Quarterly	1951	stephanus	9	3
The Classical Quarterly	1952	ambiguous	12	7
The Classical Quarterly	1952	bekker	4	4
The Classical Quarterly	1952	stephanus	15	8
The Classical Quarterly	1953	ambiguous	21	5
The Classical Quarterly	1953	bekker	18	5
The Classical Quarterly	1953	stephanus	4	2
The Classical Quarterly	1954	ambiguous	32	11
The Classical Quarterly	1954	bekker	12	4
The Classical Quarterly	1954	stephanus	5	4
The Classical Quarterly	1955	ambiguous	58	5
The Classical Quarterly	1955	bekker	2	1
The Classical Quarterly	1955	stephanus	6	5
The Classical Quarterly	1956	ambiguous	13	8
The Classical Quarterly	1956	bekker	1	1
The Classical Quarterly	1956	stephanus	1	1
The Classical Quarterly	1957	ambiguous	14	3
The Classical Quarterly	1957	bekker	1	1
The Classical Quarterly	1957	homer	1	1
The Classical Quarterly	1957	stephanus	6	3
The Classical Quarterly	1958	ambiguous	47	12
The Classical Quarterly	1958	bekker	1	1
The Classical Quarterly	1958	stephanus	16	7
The Classical Quarterly	1959	ambiguous	279	8
The Classical Quarterly	1959	bekker	18	3
The Classical Quarterly	1959	homer	2	2
The Classical Quarterly	1959	stephanus	8	6
The Classical Quarterly	1960	ambiguous	25	10
The Classical Quarterly	1960	bekker	4	3
The Classical Quarterly	1960	stephanus	21	2
The Classical Quarterly	1961	ambiguous	121	10
The Classical Quarterly	1961	bekker	6	3
The Classical Quarterly	1961	homer	1	1
The Classical Quarterly	1961	stephanus	1	1
The Classical Quarterly	1962	ambiguous	279	12
The Classical Quarterly	1962	bekker	14	6
The Classical Quarterly	1962	stephanus	11	5
The Classical Quarterly	1963	ambiguous	45	8
The Classical Quarterly	1963	bekker	16	7
The Classical Quarterly	1963	stephanus	6	6
The Classical Quarterly	1964	ambiguous	24	11
The Classical Quarterly	1964	bekker	4	3
The Classical Quarterly	1964	stephanus	5	4
The Classical Quarterly	1965	ambiguous	10	6
The Classical Quarterly	1965	bekker	4	3
The Classical Quarterly	1965	homer	1	1
The Classical Quarterly	1965	stephanus	20	11
The Classical Quarterly	1966	ambiguous	45	13
The Classical Quarterly	1966	bekker	9	3
The Classical Quarterly	1966	stephanus	9	7
The Classical Quarterly	1967	ambiguous	62	13
The Classical Quarterly	1967	bekker	7	5
The Classical Quarterly	1967	homer	1	1
The Classical Quarterly	1967	stephanus	36	9
The Classical Quarterly	1968	ambiguous	119	12
The Classical Quarterly	1968	bekker	26	5
The Classical Quarterly	1968	stephanus	33	10
The Classical Quarterly	1969	ambiguous	36	12
The Classical Quarterly	1969	bekker	5	4
The Classical Quarterly	1969	homer	2	2
The Classical Quarterly	1969	stephanus	27	10
The Classical Quarterly	1970	ambiguous	17	6
The Classical Quarterly	1970	bekker	22	2
The Classical Quarterly	1970	homer	1	1
The Classical Quarterly	1970	stephanus	3	3
The Classical Quarterly	1971	ambiguous	69	12
The Classical Quarterly	1971	bekker	5	2
The Classical Quarterly	1971	homer	1	1
The Classical Quarterly	1971	stephanus	20	6
The Classical Quarterly	1972	ambiguous	157	18
The Classical Quarterly	1972	bekker	20	4
The Classical Quarterly	1972	homer	2	2
The Classical Quarterly	1972	stephanus	11	6
The Classical Quarterly	1973	ambiguous	35	15
The Classical Quarterly	1973	bekker	13	5
The Classical Quarterly	1973	homer	2	2
The Classical Quarterly	1973	stephanus	18	10
The Classical Quarterly	1974	ambiguous	31	12
The Classical Quarterly	1974	bekker	7	4
The Classical Quarterly	1974	homer	1	1
The Classical Quarterly	1974	pindar	1	1
The Classical Quarterly	1974	stephanus	10	6
The Classical Quarterly	1975	ambiguous	32	10
The Classical Quarterly	1975	bekker	26	4
The Classical Quarterly	1975	homer	1	1
The Classical Quarterly	1975	stephanus	16	10
The Classical Quarterly	1976	ambiguous	110	11
The Classical Quarterly	1976	bekker	20	7
The Classical Quarterly	1976	homer	8	3
The Classical Quarterly	1976	pindar	4	2
The Classical Quarterly	1976	stephanus	17	10
The Classical Quarterly	1977	ambiguous	193	21
The Classical Quarterly	1977	bekker	110	11
The Classical Quarterly	1977	homer	95	11
The Classical Quarterly	1977	nt	1	1
The Classical Quarterly	1977	pindar	3	2
The Classical Quarterly	1977	stephanus	17	10
The Classical Quarterly	1978	ambiguous	105	16
The Classical Quarterly	1978	bekker	26	9
The Classical Quarterly	1978	homer	61	9
The Classical Quarterly	1978	stephanus	10	9
The Classical Quarterly	1979	ambiguous	126	14
The Classical Quarterly	1979	bekker	62	3
The Classical Quarterly	1979	homer	29	14
The Classical Quarterly	1979	pindar	3	2
The Classical Quarterly	1979	stephanus	14	8
The Classical Quarterly	1980	ambiguous	155	25
The Classical Quarterly	1980	bekker	215	10
The Classical Quarterly	1980	homer	29	8
The Classical Quarterly	1980	pindar	1	1
The Classical Quarterly	1980	stephanus	52	16
The Classical Quarterly	1981	ambiguous	271	25
The Classical Quarterly	1981	bekker	43	11
The Classical Quarterly	1981	homer	6	3
The Classical Quarterly	1981	pindar	1	1
The Classical Quarterly	1981	stephanus	324	19
The Classical Quarterly	1982	ambiguous	232	29
The Classical Quarterly	1982	bekker	78	16
The Classical Quarterly	1982	pindar	3	3
The Classical Quarterly	1982	stephanus	100	28
The Classical Quarterly	1983	ambiguous	296	29
The Classical Quarterly	1983	bekker	30	12
The Classical Quarterly	1983	stephanus	247	27
The Classical Quarterly	1984	ambiguous	170	34
The Classical Quarterly	1984	bekker	122	19
The Classical Quarterly	1984	homer	2	2
The Classical Quarterly	1984	stephanus	119	21
The Classical Quarterly	1985	ambiguous	206	27
The Classical Quarterly	1985	bekker	36	11
The Classical Quarterly	1985	homer	48	17
The Classical Quarterly	1985	pindar	5	3
The Classical Quarterly	1985	stephanus	145	22
The Classical Quarterly	1986	ambiguous	274	30
The Classical Quarterly	1986	bekker	56	10
The Classical Quarterly	1986	homer	63	22
The Classical Quarterly	1986	pindar	31	6
The Classical Quarterly	1986	stephanus	283	22
The Classical Quarterly	1987	ambiguous	311	28
The Classical Quarterly	1987	bekker	130	16
The Classical Quarterly	1987	homer	55	23
The Classical Quarterly	1987	pindar	5	4
The Classical Quarterly	1987	stephanus	192	24
The Classical Quarterly	1988	ambiguous	203	27
The Classical Quarterly	1988	bekker	43	11
The Classical Quarterly	1988	homer	91	25
The Classical Quarterly	1988	pindar	18	8
The Classical Quarterly	1988	stephanus	174	22
The Classical Quarterly	1989	ambiguous	191	29
The Classical Quarterly	1989	bekker	139	14
The Classical Quarterly	1989	homer	56	20
The Classical Quarterly	1989	pindar	6	2
The Classical Quarterly	1989	stephanus	176	26
The Classical Quarterly	1990	ambiguous	226	32
The Classical Quarterly	1990	bekker	108	16
The Classical Quarterly	1990	homer	51	22
The Classical Quarterly	1990	pindar	15	2
The Classical Quarterly	1990	stephanus	221	27
The Classical Quarterly	1991	ambiguous	238	30
The Classical Quarterly	1991	bekker	176	9
The Classical Quarterly	1991	homer	89	27
The Classical Quarterly	1991	pindar	17	10
The Classical Quarterly	1991	stephanus	230	23
The Classical Quarterly	1992	ambiguous	128	16
The Classical Quarterly	1992	bekker	70	9
The Classical Quarterly	1992	homer	79	18
The Classical Quarterly	1992	stephanus	129	16
The Classical Quarterly	1993	ambiguous	347	27
The Classical Quarterly	1993	bekker	51	12
The Classical Quarterly	1993	homer	42	15
The Classical Quarterly	1993	pindar	1	1
The Classical Quarterly	1993	stephanus	323	23
The Classical Quarterly	1994	ambiguous	176	28
The Classical Quarterly	1994	bekker	128	12
The Classical Quarterly	1994	homer	64	17
The Classical Quarterly	1994	pindar	11	6
The Classical Quarterly	1994	stephanus	66	24
The Classical Quarterly	1995	ambiguous	281	30
The Classical Quarterly	1995	bekker	65	17
The Classical Quarterly	1995	homer	184	19
The Classical Quarterly	1995	pindar	9	4
The Classical Quarterly	1995	stephanus	255	28
The Classical Quarterly	1996	ambiguous	143	35
The Classical Quarterly	1996	bekker	146	9
The Classical Quarterly	1996	homer	62	19
The Classical Quarterly	1996	pindar	1	1
The Classical Quarterly	1996	stephanus	119	24
The Classical Quarterly	1997	ambiguous	258	34
The Classical Quarterly	1997	bekker	61	18
The Classical Quarterly	1997	homer	145	17
The Classical Quarterly	1997	pindar	2	1
The Classical Quarterly	1997	stephanus	208	30
The Classical Quarterly	1998	ambiguous	367	37
The Classical Quarterly	1998	bekker	329	13
The Classical Quarterly	1998	homer	105	23
The Classical Quarterly	1998	pindar	21	7
The Classical Quarterly	1998	stephanus	256	37
The Classical Quarterly	1999	ambiguous	389	41
The Classical Quarterly	1999	bekker	46	18
The Classical Quarterly	1999	homer	86	23
The Classical Quarterly	1999	pindar	8	4
The Classical Quarterly	1999	stephanus	286	31
The Classical Quarterly	2000	ambiguous	246	32
The Classical Quarterly	2000	bekker	87	15
The Classical Quarterly	2000	homer	77	22
The Classical Quarterly	2000	pindar	6	5
The Classical Quarterly	2000	stephanus	186	27
The Classical Quarterly	2001	ambiguous	373	41
The Classical Quarterly	2001	bekker	54	16
The Classical Quarterly	2001	homer	70	15
The Classical Quarterly	2001	nt	1	1
The Classical Quarterly	2001	pindar	16	7
The Classical Quarterly	2001	stephanus	418	32
The Classical Quarterly	2002	ambiguous	333	40
The Classical Quarterly	2002	bekker	86	20
The Classical Quarterly	2002	homer	97	23
The Classical Quarterly	2002	pindar	8	7
The Classical Quarterly	2002	stephanus	190	29
The Classical Quarterly	2003	ambiguous	239	29
The Classical Quarterly	2003	bekker	56	13
The Classical Quarterly	2003	homer	98	23
The Classical Quarterly	2003	nt	1	1
The Classical Quarterly	2003	pindar	100	8
The Classical Quarterly	2003	stephanus	92	20
The Classical Quarterly	2004	ambiguous	253	23
The Classical Quarterly	2004	bekker	14	11
The Classical Quarterly	2004	homer	16	7
The Classical Quarterly	2004	pindar	8	3
The Classical Quarterly	2004	stephanus	248	18
The Classical Quarterly	2005	ambiguous	302	38
The Classical Quarterly	2005	bekker	98	15
The Classical Quarterly	2005	homer	85	22
The Classical Quarterly	2005	pindar	88	9
The Classical Quarterly	2005	stephanus	157	27
The Classical Quarterly	2006	ambiguous	368	41
The Classical Quarterly	2006	bekker	115	17
The Classical Quarterly	2006	homer	58	23
The Classical Quarterly	2006	pindar	24	10
The Classical Quarterly	2006	stephanus	343	39
The Classical Quarterly	2007	ambiguous	313	41
The Classical Quarterly	2007	bekker	145	22
The Classical Quarterly	2007	homer	145	25
The Classical Quarterly	2007	pindar	13	6
The Classical Quarterly	2007	stephanus	222	29
The Classical Quarterly	2008	ambiguous	421	42
The Classical Quarterly	2008	bekker	65	18
The Classical Quarterly	2008	homer	81	13
The Classical Quarterly	2008	pindar	6	5
The Classical Quarterly	2008	stephanus	267	29
The Classical Quarterly	2009	ambiguous	262	38
The Classical Quarterly	2009	bekker	160	19
The Classical Quarterly	2009	homer	40	18
The Classical Quarterly	2009	pindar	10	6
The Classical Quarterly	2009	stephanus	188	27
The Classical Quarterly	2010	ambiguous	145	24
The Classical Quarterly	2010	bekker	21	10
The Classical Quarterly	2010	homer	30	12
The Classical Quarterly	2010	pindar	20	5
The Classical Quarterly	2010	stephanus	110	15
The Classical Quarterly	2011	ambiguous	376	32
The Classical Quarterly	2011	bekker	172	19
The Classical Quarterly	2011	homer	60	20
The Classical Quarterly	2011	pindar	13	8
The Classical Quarterly	2011	stephanus	193	24
The Classical Quarterly	2012	ambiguous	245	43
The Classical Quarterly	2012	bekker	92	19
The Classical Quarterly	2012	homer	78	16
The Classical Quarterly	2012	pindar	16	6
The Classical Quarterly	2012	stephanus	102	22
The Classical Quarterly	2013	ambiguous	1005	45
The Classical Quarterly	2013	bekker	98	17
The Classical Quarterly	2013	homer	26	14
The Classical Quarterly	2013	pindar	107	7
The Classical Quarterly	2013	stephanus	412	31
The Classical Quarterly	2014	ambiguous	431	53
The Classical Quarterly	2014	bekker	21	4
The Classical Quarterly	2014	homer	217	32
The Classical Quarterly	2014	nt	2	1
The Classical Quarterly	2014	pindar	28	11
The Classical Quarterly	2014	stephanus	276	35
The Classical Quarterly	2015	ambiguous	454	46
The Classical Quarterly	2015	bekker	122	12
The Classical Quarterly	2015	homer	107	18
The Classical Quarterly	2015	nt	1	1
The Classical Quarterly	2015	pindar	23	5
The Classical Quarterly	2015	stephanus	213	36
The Classical Quarterly	2016	ambiguous	144	40
The Classical Quarterly	2016	bekker	84	15
The Classical Quarterly	2016	homer	66	20
The Classical Quarterly	2016	nt	5	2
The Classical Quarterly	2016	pindar	31	10
The Classical Quarterly	2016	stephanus	66	27
The Classical Quarterly	2017	ambiguous	308	31
The Classical Quarterly	2017	bekker	58	11
The Classical Quarterly	2017	homer	169	14
The Classical Quarterly	2017	pindar	18	9
The Classical Quarterly	2017	stephanus	277	24
The Classical Quarterly	2018	ambiguous	382	40
The Classical Quarterly	2018	bekker	44	16
The Classical Quarterly	2018	homer	387	24
The Classical Quarterly	2018	pindar	10	5
The Classical Quarterly	2018	stephanus	396	32
The Classical Quarterly	2019	ambiguous	579	51
The Classical Quarterly	2019	bekker	196	19
The Classical Quarterly	2019	homer	409	31
The Classical Quarterly	2019	nt	1	1
The Classical Quarterly	2019	pindar	32	8
The Classical Quarterly	2019	stephanus	469	33
The Classical Quarterly	2020	ambiguous	606	56
The Classical Quarterly	2020	bekker	169	13
The Classical Quarterly	2020	homer	247	35
The Classical Quarterly	2020	pindar	69	18
The Classical Quarterly	2020	stephanus	375	37
The Classical Review	1887	ambiguous	797	17
The Classical Review	1887	bekker	17	7
The Classical Review	1887	homer	1	1
The Classical Review	1887	stephanus	22	14
The Classical Review	1888	ambiguous	2935	26
The Classical Review	1888	bekker	21	4
The Classical Review	1888	homer	9	8
The Classical Review	1888	stephanus	28	15
The Classical Review	1889	ambiguous	4062	29
The Classical Review	1889	bekker	67	6
The Classical Review	1889	homer	2	2
The Classical Review	1889	stephanus	22	17
The Classical Review	1890	ambiguous	3279	19
The Classical Review	1890	bekker	15	4
The Classical Review	1890	homer	13	8
The Classical Review	1890	stephanus	38	11
The Classical Review	1891	ambiguous	4161	20
The Classical Review	1891	bekker	112	8
The Classical Review	1891	homer	2	2
The Classical Review	1891	stephanus	85	14
The Classical Review	1892	ambiguous	1626	15
The Classical Review	1892	bekker	81	7
The Classical Review	1892	homer	7	2
The Classical Review	1892	stephanus	18	11
The Classical Review	1893	ambiguous	1601	12
The Classical Review	1893	bekker	27	6
The Classical Review	1893	homer	5	3
The Classical Review	1893	stephanus	14	12
The Classical Review	1894	ambiguous	2607	17
The Classical Review	1894	bekker	92	6
The Classical Review	1894	homer	2	2
The Classical Review	1894	stephanus	30	13
The Classical Review	1895	ambiguous	3176	20
The Classical Review	1895	bekker	71	9
The Classical Review	1895	homer	17	2
The Classical Review	1895	stephanus	167	13
The Classical Review	1896	ambiguous	2990	15
The Classical Review	1896	bekker	164	9
The Classical Review	1896	homer	14	5
The Classical Review	1896	stephanus	109	16
The Classical Review	1897	ambiguous	4581	14
The Classical Review	1897	bekker	12	6
The Classical Review	1897	homer	8	4
The Classical Review	1897	stephanus	21	9
The Classical Review	1898	ambiguous	2231	20
The Classical Review	1898	bekker	8	6
The Classical Review	1898	homer	8	5
The Classical Review	1898	stephanus	22	13
The Classical Review	1899	ambiguous	1845	17
The Classical Review	1899	bekker	24	6
The Classical Review	1899	homer	7	6
The Classical Review	1899	stephanus	18	9
The Classical Review	1900	ambiguous	1678	15
The Classical Review	1900	bekker	2	1
The Classical Review	1900	homer	3	3
The Classical Review	1900	stephanus	20	14
The Classical Review	1901	ambiguous	1487	15
The Classical Review	1901	bekker	22	7
The Classical Review	1901	homer	4	4
The Classical Review	1901	stephanus	28	14
The Classical Review	1902	ambiguous	1439	27
The Classical Review	1902	bekker	35	14
The Classical Review	1902	stephanus	118	20
The Classical Review	1903	ambiguous	873	29
The Classical Review	1903	bekker	21	10
The Classical Review	1903	homer	9	1
The Classical Review	1903	stephanus	65	19
The Classical Review	1904	ambiguous	1512	32
The Classical Review	1904	bekker	55	6
The Classical Review	1904	homer	9	5
The Classical Review	1904	stephanus	35	16
The Classical Review	1905	ambiguous	1907	18
The Classical Review	1905	bekker	22	7
The Classical Review	1905	homer	3	2
The Classical Review	1905	stephanus	73	24
The Classical Review	1906	ambiguous	1696	23
The Classical Review	1906	bekker	8	6
The Classical Review	1906	homer	4	4
The Classical Review	1906	stephanus	19	13
The Classical Review	1907	ambiguous	325	6
The Classical Review	1907	bekker	6	3
The Classical Review	1907	stephanus	9	8
The Classical Review	1908	ambiguous	517	5
The Classical Review	1908	bekker	2	1
The Classical Review	1908	homer	2	2
The Classical Review	1908	stephanus	5	5
The Classical Review	1909	ambiguous	537	10
The Classical Review	1909	stephanus	42	8
The Classical Review	1910	ambiguous	507	7
The Classical Review	1910	bekker	39	3
The Classical Review	1910	stephanus	5	4
The Classical Review	1911	ambiguous	634	13
The Classical Review	1911	bekker	9	3
The Classical Review	1911	homer	3	2
The Classical Review	1911	stephanus	10	6
The Classical Review	1912	ambiguous	469	7
The Classical Review	1912	stephanus	9	7
The Classical Review	1913	ambiguous	351	17
The Classical Review	1913	bekker	31	6
The Classical Review	1913	homer	4	2
The Classical Review	1913	stephanus	13	9
The Classical Review	1914	ambiguous	400	12
The Classical Review	1914	bekker	10	5
The Classical Review	1914	homer	1	1
The Classical Review	1914	stephanus	100	14
The Classical Review	1915	ambiguous	200	17
The Classical Review	1915	bekker	7	3
The Classical Review	1915	homer	1	1
The Classical Review	1915	stephanus	38	9
The Classical Review	1916	ambiguous	67	10
The Classical Review	1916	bekker	6	3
The Classical Review	1916	stephanus	13	10
The Classical Review	1917	ambiguous	80	4
The Classical Review	1917	bekker	1	1
The Classical Review	1917	stephanus	5	5
The Classical Review	1918	ambiguous	67	8
The Classical Review	1918	bekker	2	2
The Classical Review	1918	stephanus	21	8
The Classical Review	1919	ambiguous	85	6
The Classical Review	1919	bekker	1	1
The Classical Review	1919	homer	1	1
The Classical Review	1919	stephanus	20	7
The Classical Review	1920	ambiguous	154	12
The Classical Review	1920	bekker	7	5
The Classical Review	1920	homer	1	1
The Classical Review	1920	stephanus	18	8
The Classical Review	1921	ambiguous	133	9
The Classical Review	1921	bekker	17	5
The Classical Review	1921	stephanus	35	12
The Classical Review	1922	ambiguous	99	11
The Classical Review	1922	bekker	58	5
The Classical Review	1922	homer	2	2
The Classical Review	1922	stephanus	56	12
The Classical Review	1923	ambiguous	43	12
The Classical Review	1923	bekker	17	4
The Classical Review	1923	homer	1	1
The Classical Review	1923	stephanus	6	4
The Classical Review	1924	ambiguous	37	15
The Classical Review	1924	bekker	5	2
The Classical Review	1924	stephanus	16	13
The Classical Review	1925	ambiguous	224	18
The Classical Review	1925	bekker	12	5
The Classical Review	1925	stephanus	23	15
The Classical Review	1926	ambiguous	79	14
The Classical Review	1926	bekker	8	3
The Classical Review	1926	stephanus	23	10
The Classical Review	1927	ambiguous	116	21
The Classical Review	1927	bekker	4	4
The Classical Review	1927	stephanus	48	16
The Classical Review	1928	ambiguous	42	19
The Classical Review	1928	bekker	11	5
The Classical Review	1928	stephanus	33	13
The Classical Review	1929	ambiguous	32	19
The Classical Review	1929	bekker	5	3
The Classical Review	1929	stephanus	32	13
The Classical Review	1930	ambiguous	63	19
The Classical Review	1930	bekker	13	3
The Classical Review	1930	stephanus	54	11
The Classical Review	1931	ambiguous	20	11
The Classical Review	1931	bekker	1	1
The Classical Review	1931	homer	1	1
The Classical Review	1931	stephanus	24	11
The Classical Review	1932	ambiguous	61	23
The Classical Review	1932	bekker	13	4
The Classical Review	1932	homer	1	1
The Classical Review	1932	stephanus	39	15
The Classical Review	1933	ambiguous	32	10
The Classical Review	1933	bekker	1	1
The Classical Review	1933	homer	3	1
The Classical Review	1933	stephanus	18	11
The Classical Review	1934	ambiguous	66	19
The Classical Review	1934	bekker	15	6
The Classical Review	1934	stephanus	80	16
The Classical Review	1935	ambiguous	68	17
The Classical Review	1935	bekker	2	2
The Classical Review	1935	homer	6	5
The Classical Review	1935	stephanus	50	18
The Classical Review	1936	ambiguous	51	18
The Classical Review	1936	bekker	8	2
The Classical Review	1936	homer	32	1
The Classical Review	1936	stephanus	59	16
The Classical Review	1937	ambiguous	76	19
The Classical Review	1937	bekker	3	2
The Classical Review	1937	homer	7	6
The Classical Review	1937	stephanus	74	16
The Classical Review	1938	ambiguous	51	24
The Classical Review	1938	bekker	2	2
The Classical Review	1938	homer	3	3
The Classical Review	1938	stephanus	43	17
The Classical Review	1939	ambiguous	34	13
The Classical Review	1939	bekker	4	4
The Classical Review	1939	homer	2	2
The Classical Review	1939	stephanus	31	13
The Classical Review	1940	ambiguous	16	8
The Classical Review	1940	bekker	6	2
The Classical Review	1940	homer	1	1
The Classical Review	1940	stephanus	12	6
The Classical Review	1941	ambiguous	5	4
The Classical Review	1941	bekker	1	1
The Classical Review	1941	homer	1	1
The Classical Review	1941	stephanus	5	2
The Classical Review	1942	ambiguous	7	6
The Classical Review	1942	bekker	2	2
The Classical Review	1942	homer	1	1
The Classical Review	1942	stephanus	2	2
The Classical Review	1943	ambiguous	4	3
The Classical Review	1943	bekker	1	1
The Classical Review	1943	homer	1	1
The Classical Review	1944	ambiguous	10	3
The Classical Review	1944	bekker	1	1
The Classical Review	1944	homer	2	1
The Classical Review	1944	stephanus	2	2
The Classical Review	1945	ambiguous	2	2
The Classical Review	1945	bekker	2	2
The Classical Review	1945	homer	2	2
The Classical Review	1945	stephanus	15	9
The Classical Review	1946	ambiguous	11	5
The Classical Review	1946	bekker	8	4
The Classical Review	1946	pindar	1	1
The Classical Review	1946	stephanus	3	3
The Classical Review	1947	ambiguous	11	6
The Classical Review	1947	bekker	1	1
The Classical Review	1947	homer	1	1
The Classical Review	1947	stephanus	4	3
The Classical Review	1948	ambiguous	4	3
The Classical Review	1948	bekker	4	3
The Classical Review	1948	homer	1	1
The Classical Review	1949	ambiguous	12	7
The Classical Review	1949	bekker	5	3
The Classical Review	1949	homer	2	1
The Classical Review	1949	stephanus	1	1
The Classical Review	1950	ambiguous	1142	11
The Classical Review	1950	bekker	39	4
The Classical Review	1950	homer	2	2
The Classical Review	1950	stephanus	95	7
The Classical Review	1951	ambiguous	18	11
The Classical Review	1951	bekker	7	5
The Classical Review	1951	homer	1	1
The Classical Review	1951	stephanus	5	3
The Classical Review	1952	ambiguous	10	8
The Classical Review	1952	bekker	4	3
The Classical Review	1952	homer	1	1
The Classical Review	1952	stephanus	7	5
The Classical Review	1953	ambiguous	14	8
The Classical Review	1953	homer	2	2
The Classical Review	1954	ambiguous	19	12
The Classical Review	1954	bekker	2	2
The Classical Review	1954	homer	1	1
The Classical Review	1954	stephanus	3	3
The Classical Review	1955	ambiguous	26	15
The Classical Review	1955	bekker	7	5
The Classical Review	1955	homer	1	1
The Classical Review	1955	stephanus	7	5
The Classical Review	1956	ambiguous	42	13
The Classical Review	1956	bekker	5	5
The Classical Review	1956	homer	2	2
The Classical Review	1956	stephanus	6	6
The Classical Review	1957	ambiguous	15	8
The Classical Review	1957	bekker	7	4
The Classical Review	1957	homer	1	1
The Classical Review	1957	stephanus	3	3
The Classical Review	1958	ambiguous	32	16
The Classical Review	1958	bekker	3	3
The Classical Review	1958	homer	1	1
The Classical Review	1958	stephanus	2	2
The Classical Review	1959	ambiguous	22	13
The Classical Review	1959	bekker	4	3
The Classical Review	1959	homer	2	1
The Classical Review	1959	stephanus	6	5
The Classical Review	1960	ambiguous	15	10
The Classical Review	1960	bekker	3	1
The Classical Review	1960	homer	1	1
The Classical Review	1960	stephanus	6	6
The Classical Review	1961	ambiguous	29	17
The Classical Review	1961	homer	1	1
The Classical Review	1961	stephanus	6	3
The Classical Review	1962	ambiguous	26	11
The Classical Review	1962	bekker	2	2
The Classical Review	1962	homer	1	1
The Classical Review	1962	stephanus	13	6
The Classical Review	1963	ambiguous	21	6
The Classical Review	1963	bekker	3	3
The Classical Review	1963	homer	1	1
The Classical Review	1963	stephanus	4	3
The Classical Review	1964	ambiguous	32	14
The Classical Review	1964	bekker	7	5
The Classical Review	1964	homer	1	1
The Classical Review	1964	stephanus	16	13
The Classical Review	1965	ambiguous	56	20
The Classical Review	1965	bekker	2	2
The Classical Review	1965	stephanus	30	11
The Classical Review	1966	ambiguous	49	26
The Classical Review	1966	bekker	3	3
The Classical Review	1966	homer	2	2
The Classical Review	1966	stephanus	17	12
The Classical Review	1967	ambiguous	24	15
The Classical Review	1967	bekker	3	3
The Classical Review	1967	homer	11	2
The Classical Review	1967	stephanus	16	12
The Classical Review	1968	ambiguous	48	21
The Classical Review	1968	bekker	3	3
The Classical Review	1968	homer	1	1
The Classical Review	1968	stephanus	7	6
The Classical Review	1969	ambiguous	17	13
The Classical Review	1969	bekker	7	4
The Classical Review	1969	homer	2	2
The Classical Review	1969	stephanus	13	8
The Classical Review	1970	ambiguous	81	20
The Classical Review	1970	bekker	11	4
The Classical Review	1970	homer	1	1
The Classical Review	1970	stephanus	9	9
The Classical Review	1971	ambiguous	35	17
The Classical Review	1971	bekker	1	1
The Classical Review	1971	homer	1	1
The Classical Review	1971	stephanus	5	4
The Classical Review	1972	ambiguous	41	14
The Classical Review	1972	bekker	12	4
The Classical Review	1972	homer	1	1
The Classical Review	1972	stephanus	10	7
The Classical Review	1973	ambiguous	38	19
The Classical Review	1973	bekker	1	1
The Classical Review	1973	homer	1	1
The Classical Review	1973	stephanus	2	2
The Classical Review	1974	ambiguous	27	10
The Classical Review	1974	bekker	7	4
The Classical Review	1974	homer	1	1
The Classical Review	1974	stephanus	6	5
The Classical Review	1975	ambiguous	12	7
The Classical Review	1975	bekker	1	1
The Classical Review	1975	homer	1	1
The Classical Review	1975	stephanus	3	2
The Classical Review	1976	ambiguous	58	28
The Classical Review	1976	bekker	25	6
The Classical Review	1976	homer	16	10
The Classical Review	1976	pindar	1	1
The Classical Review	1976	stephanus	4	4
The Classical Review	1977	ambiguous	135	47
The Classical Review	1977	bekker	24	11
The Classical Review	1977	homer	8	8
The Classical Review	1977	nt	6	2
The Classical Review	1977	stephanus	11	6
The Classical Review	1978	ambiguous	63	20
The Classical Review	1978	bekker	23	12
The Classical Review	1978	homer	20	15
The Classical Review	1978	nt	4	1
The Classical Review	1978	pindar	5	5
The Classical Review	1978	stephanus	25	7
The Classical Review	1979	ambiguous	131	34
The Classical Review	1979	bekker	17	11
The Classical Review	1979	homer	15	11
The Classical Review	1979	nt	1	1
The Classical Review	1979	pindar	1	1
The Classical Review	1979	stephanus	36	20
The Classical Review	1980	ambiguous	95	20
The Classical Review	1980	bekker	37	11
The Classical Review	1980	homer	6	5
The Classical Review	1980	stephanus	38	17
The Classical Review	1981	ambiguous	108	39
The Classical Review	1981	bekker	18	5
The Classical Review	1981	homer	2	2
The Classical Review	1981	stephanus	57	20
The Classical Review	1982	ambiguous	96	39
The Classical Review	1982	bekker	23	3
The Classical Review	1982	homer	1	1
The Classical Review	1982	pindar	1	1
The Classical Review	1982	stephanus	59	17
The Classical Review	1983	ambiguous	119	43
The Classical Review	1983	bekker	62	15
The Classical Review	1983	stephanus	52	22
The Classical Review	1984	ambiguous	72	37
The Classical Review	1984	bekker	32	14
The Classical Review	1984	homer	1	1
The Classical Review	1984	stephanus	45	22
The Classical Review	1985	ambiguous	71	27
The Classical Review	1985	bekker	10	6
The Classical Review	1985	homer	25	13
The Classical Review	1985	stephanus	71	28
The Classical Review	1986	ambiguous	122	32
The Classical Review	1986	bekker	18	12
The Classical Review	1986	homer	31	20
The Classical Review	1986	pindar	3	3
The Classical Review	1986	stephanus	19	11
The Classical Review	1987	ambiguous	69	33
The Classical Review	1987	bekker	16	10
The Classical Review	1987	homer	14	10
The Classical Review	1987	pindar	6	4
The Classical Review	1987	stephanus	29	15
The Classical Review	1988	ambiguous	101	33
The Classical Review	1988	bekker	31	12
The Classical Review	1988	homer	15	13
The Classical Review	1988	stephanus	76	29
The Classical Review	1989	ambiguous	51	25
The Classical Review	1989	bekker	16	8
The Classical Review	1989	homer	15	10
The Classical Review	1989	pindar	4	4
The Classical Review	1989	stephanus	20	11
The Classical Review	1990	ambiguous	168	35
The Classical Review	1990	bekker	12	6
The Classical Review	1990	homer	8	7
The Classical Review	1990	stephanus	72	35
The Classical Review	1991	ambiguous	47	26
The Classical Review	1991	bekker	27	12
The Classical Review	1991	homer	57	20
The Classical Review	1991	stephanus	27	13
The Classical Review	1992	ambiguous	149	35
The Classical Review	1992	bekker	24	11
The Classical Review	1992	homer	18	17
The Classical Review	1992	pindar	2	2
The Classical Review	1992	stephanus	43	19
The Classical Review	1993	ambiguous	85	38
The Classical Review	1993	bekker	18	13
The Classical Review	1993	homer	57	20
The Classical Review	1993	pindar	1	1
The Classical Review	1993	stephanus	61	27
The Classical Review	1994	ambiguous	72	34
The Classical Review	1994	bekker	8	4
The Classical Review	1994	homer	10	9
The Classical Review	1994	pindar	3	2
The Classical Review	1994	stephanus	28	16
The Classical Review	1995	ambiguous	108	41
The Classical Review	1995	bekker	15	10
The Classical Review	1995	homer	25	14
The Classical Review	1995	pindar	4	2
The Classical Review	1995	stephanus	100	27
The Classical Review	1996	ambiguous	41	17
The Classical Review	1996	bekker	24	11
The Classical Review	1996	homer	7	5
The Classical Review	1996	pindar	1	1
The Classical Review	1996	stephanus	44	15
The Classical Review	1997	ambiguous	62	27
The Classical Review	1997	bekker	29	13
The Classical Review	1997	homer	17	16
The Classical Review	1997	pindar	1	1
The Classical Review	1997	stephanus	64	24
The Classical Review	1998	ambiguous	83	43
The Classical Review	1998	bekker	28	14
The Classical Review	1998	homer	19	14
The Classical Review	1998	nt	1	1
The Classical Review	1998	stephanus	58	28
The Classical Review	1999	ambiguous	158	52
The Classical Review	1999	bekker	12	9
The Classical Review	1999	homer	25	21
The Classical Review	1999	stephanus	75	28
The Classical Review	2000	ambiguous	166	61
The Classical Review	2000	bekker	52	19
The Classical Review	2000	homer	29	19
The Classical Review	2000	pindar	4	4
The Classical Review	2000	stephanus	114	37
The Classical Review	2001	ambiguous	53	30
The Classical Review	2001	bekker	18	9
The Classical Review	2001	homer	27	13
The Classical Review	2001	stephanus	27	17
The Classical Review	2002	ambiguous	50	29
The Classical Review	2002	bekker	24	12
The Classical Review	2002	homer	10	9
The Classical Review	2002	pindar	2	2
The Classical Review	2002	stephanus	44	21
The Classical Review	2003	ambiguous	95	30
The Classical Review	2003	bekker	17	8
The Classical Review	2003	homer	11	9
The Classical Review	2003	pindar	3	3
The Classical Review	2003	stephanus	56	18
The Classical Review	2004	ambiguous	83	37
The Classical Review	2004	bekker	40	15
The Classical Review	2004	homer	16	13
The Classical Review	2004	stephanus	41	16
The Classical Review	2005	ambiguous	46	24
The Classical Review	2005	bekker	6	5
The Classical Review	2005	homer	17	14
The Classical Review	2005	nt	1	1
The Classical Review	2005	pindar	14	6
The Classical Review	2005	stephanus	46	16
The Classical Review	2006	ambiguous	30	20
The Classical Review	2006	bekker	12	8
The Classical Review	2006	homer	9	8
The Classical Review	2006	nt	3	1
The Classical Review	2006	pindar	5	2
The Classical Review	2006	stephanus	13	11
The Classical Review	2007	ambiguous	44	19
The Classical Review	2007	bekker	15	6
The Classical Review	2007	homer	7	6
The Classical Review	2007	pindar	3	3
The Classical Review	2007	stephanus	22	10
The Classical Review	2008	ambiguous	39	24
The Classical Review	2008	bekker	5	4
The Classical Review	2008	homer	3	3
The Classical Review	2008	stephanus	67	19
The Classical Review	2009	ambiguous	46	22
The Classical Review	2009	bekker	14	8
The Classical Review	2009	homer	10	7
The Classical Review	2009	pindar	1	1
The Classical Review	2009	stephanus	33	16
The Classical Review	2010	ambiguous	85	22
The Classical Review	2010	bekker	17	9
The Classical Review	2010	homer	12	9
The Classical Review	2010	pindar	2	1
The Classical Review	2010	stephanus	30	11
The Classical Review	2011	ambiguous	28	16
The Classical Review	2011	bekker	3	3
The Classical Review	2011	homer	6	3
The Classical Review	2011	stephanus	11	6
The Classical Review	2012	ambiguous	66	30
The Classical Review	2012	bekker	9	7
The Classical Review	2012	homer	4	3
The Classical Review	2012	stephanus	49	15
The Classical Review	2013	ambiguous	90	24
The Classical Review	2013	bekker	11	6
The Classical Review	2013	homer	8	6
The Classical Review	2013	nt	3	1
The Classical Review	2013	pindar	10	3
The Classical Review	2013	stephanus	77	15
The Classical Review	2014	ambiguous	70	24
The Classical Review	2014	bekker	16	10
The Classical Review	2014	homer	7	6
The Classical Review	2014	nt	1	1
The Classical Review	2014	stephanus	69	17
The Classical Review	2015	ambiguous	70	27
The Classical Review	2015	bekker	37	7
The Classical Review	2015	homer	6	4
The Classical Review	2015	pindar	5	1
The Classical Review	2015	stephanus	45	15
The Classical Review	2016	ambiguous	65	24
The Classical Review	2016	bekker	23	9
The Classical Review	2016	homer	12	6
The Classical Review	2016	stephanus	54	15
The Classical Review	2017	ambiguous	30	15
The Classical Review	2017	bekker	20	9
The Classical Review	2017	homer	11	7
The Classical Review	2017	pindar	3	2
The Classical Review	2017	stephanus	26	15
The Classical Review	2018	ambiguous	31	17
The Classical Review	2018	bekker	28	9
The Classical Review	2018	homer	18	10
The Classical Review	2018	pindar	5	3
The Classical Review	2018	stephanus	28	14
The Classical Review	2019	ambiguous	44	22
The Classical Review	2019	bekker	35	10
The Classical Review	2019	homer	12	7
The Classical Review	2019	pindar	1	1
The Classical Review	2019	stephanus	30	17
The Classical Review	2020	ambiguous	48	21
The Classical Review	2020	bekker	16	11
The Classical Review	2020	homer	17	12
The Classical Review	2020	pindar	2	2
The Classical Review	2020	stephanus	23	9
The Classical World	1957	ambiguous	20	3
The Classical World	1957	bekker	3	2
The Classical World	1957	stephanus	6	5
The Classical World	1958	ambiguous	76	8
The Classical World	1958	bekker	17	3
The Classical World	1958	homer	2	1
The Classical World	1958	pindar	1	1
The Classical World	1958	stephanus	343	24
The Classical World	1959	ambiguous	5	4
The Classical World	1959	bekker	3	3
The Classical World	1959	homer	4	3
The Classical World	1959	stephanus	387	32
The Classical World	1960	ambiguous	19	7
The Classical World	1960	homer	3	3
The Classical World	1960	nt	6	1
The Classical World	1960	stephanus	433	24
The Classical World	1961	ambiguous	13	3
The Classical World	1961	bekker	2	2
The Classical World	1961	homer	2	2
The Classical World	1961	stephanus	390	23
The Classical World	1962	ambiguous	16	8
The Classical World	1962	homer	7	5
The Classical World	1962	pindar	4	2
The Classical World	1962	stephanus	183	24
The Classical World	1963	ambiguous	23	13
The Classical World	1963	bekker	5	2
The Classical World	1963	homer	3	2
The Classical World	1963	stephanus	105	28
The Classical World	1964	ambiguous	27	10
The Classical World	1964	bekker	2	2
The Classical World	1964	homer	3	1
The Classical World	1964	stephanus	90	34
The Classical World	1965	ambiguous	24	11
The Classical World	1965	bekker	1	1
The Classical World	1965	homer	3	1
The Classical World	1965	pindar	2	2
The Classical World	1965	stephanus	77	27
The Classical World	1966	ambiguous	27	18
The Classical World	1966	bekker	2	2
The Classical World	1966	homer	4	4
The Classical World	1966	stephanus	92	29
The Classical World	1967	ambiguous	247	10
The Classical World	1967	bekker	7	5
The Classical World	1967	homer	3	3
The Classical World	1967	pindar	2	1
The Classical World	1967	stephanus	97	26
The Classical World	1968	ambiguous	42	14
The Classical World	1968	bekker	6	4
The Classical World	1968	homer	10	5
The Classical World	1968	pindar	1	1
The Classical World	1968	stephanus	76	16
The Classical World	1969	ambiguous	25	17
The Classical World	1969	bekker	11	5
The Classical World	1969	homer	8	3
The Classical World	1969	nt	1	1
The Classical World	1969	stephanus	23	11
The Classical World	1970	ambiguous	18	9
The Classical World	1970	homer	7	4
The Classical World	1970	pindar	4	1
The Classical World	1970	stephanus	5	3
The Classical World	1971	ambiguous	62	14
The Classical World	1971	bekker	7	4
The Classical World	1971	homer	7	3
The Classical World	1971	pindar	1	1
The Classical World	1971	stephanus	29	13
The Classical World	1972	ambiguous	22	7
The Classical World	1972	bekker	2	2
The Classical World	1972	homer	8	3
The Classical World	1972	pindar	1	1
The Classical World	1972	stephanus	37	10
The Classical World	1973	ambiguous	19	9
The Classical World	1973	bekker	8	4
The Classical World	1973	homer	12	5
The Classical World	1973	pindar	3	1
The Classical World	1973	stephanus	16	11
The Classical World	1974	ambiguous	74	11
The Classical World	1974	bekker	38	5
The Classical World	1974	homer	12	7
The Classical World	1974	pindar	2	1
The Classical World	1974	stephanus	22	9
The Classical World	1975	ambiguous	126	13
The Classical World	1975	bekker	5	5
The Classical World	1975	homer	11	7
The Classical World	1975	nt	1	1
The Classical World	1975	pindar	4	4
The Classical World	1975	stephanus	13	4
The Classical World	1976	ambiguous	250	17
The Classical World	1976	bekker	28	6
The Classical World	1976	homer	32	3
The Classical World	1976	pindar	20	4
The Classical World	1976	stephanus	38	7
The Classical World	1977	ambiguous	133	18
The Classical World	1977	bekker	5	3
The Classical World	1977	homer	11	6
The Classical World	1977	pindar	1	1
The Classical World	1977	stephanus	27	9
The Classical World	1978	ambiguous	89	19
The Classical World	1978	bekker	5	2
The Classical World	1978	homer	20	7
The Classical World	1978	pindar	4	3
The Classical World	1978	stephanus	59	10
The Classical World	1979	ambiguous	36	12
The Classical World	1979	bekker	35	3
The Classical World	1979	homer	161	6
The Classical World	1979	pindar	2	1
The Classical World	1979	stephanus	16	8
The Classical World	1980	ambiguous	18	11
The Classical World	1980	bekker	8	4
The Classical World	1980	homer	22	8
The Classical World	1980	pindar	1	1
The Classical World	1980	stephanus	15	7
The Classical World	1981	ambiguous	16	5
The Classical World	1981	bekker	1	1
The Classical World	1981	homer	4	3
The Classical World	1981	stephanus	3	3
The Classical World	1982	ambiguous	53	11
The Classical World	1982	bekker	15	5
The Classical World	1982	homer	236	4
The Classical World	1982	stephanus	40	8
The Classical World	1983	ambiguous	20	7
The Classical World	1983	bekker	4	2
The Classical World	1983	homer	23	9
The Classical World	1983	pindar	1	1
The Classical World	1983	stephanus	8	7
The Classical World	1984	ambiguous	21	12
The Classical World	1984	bekker	4	2
The Classical World	1984	homer	15	7
The Classical World	1984	pindar	1	1
The Classical World	1984	stephanus	12	5
The Classical World	1985	ambiguous	66	14
The Classical World	1985	bekker	3	3
The Classical World	1985	homer	14	7
The Classical World	1985	pindar	7	1
The Classical World	1985	stephanus	19	12
The Classical World	1986	ambiguous	36	9
The Classical World	1986	bekker	8	1
The Classical World	1986	homer	29	6
The Classical World	1986	stephanus	28	4
The Classical World	1987	ambiguous	78	8
The Classical World	1987	bekker	11	2
The Classical World	1987	homer	38	7
The Classical World	1987	stephanus	21	5
The Classical World	1988	ambiguous	150	19
The Classical World	1988	bekker	10	6
The Classical World	1988	homer	13	4
The Classical World	1988	pindar	19	2
The Classical World	1988	stephanus	29	9
The Classical World	1989	ambiguous	42	6
The Classical World	1989	bekker	8	3
The Classical World	1989	homer	46	9
The Classical World	1989	pindar	6	2
The Classical World	1989	stephanus	15	3
The Classical World	1990	ambiguous	67	11
The Classical World	1990	bekker	30	5
The Classical World	1990	homer	263	7
The Classical World	1990	pindar	11	3
The Classical World	1990	stephanus	60	9
The Classical World	1991	ambiguous	13	6
The Classical World	1991	bekker	1	1
The Classical World	1991	homer	7	3
The Classical World	1991	pindar	1	1
The Classical World	1991	stephanus	13	3
The Classical World	1992	ambiguous	23	8
The Classical World	1992	bekker	8	4
The Classical World	1992	homer	4	2
The Classical World	1992	pindar	1	1
The Classical World	1992	stephanus	20	8
The Classical World	1993	ambiguous	26	8
The Classical World	1993	bekker	2	2
The Classical World	1993	homer	28	7
The Classical World	1993	pindar	3	1
The Classical World	1993	stephanus	22	8
The Classical World	1994	ambiguous	31	9
The Classical World	1994	bekker	21	5
The Classical World	1994	homer	8	6
The Classical World	1994	pindar	1	1
The Classical World	1994	stephanus	52	8
The Classical World	1995	ambiguous	14	7
The Classical World	1995	bekker	2	2
The Classical World	1995	homer	2	2
The Classical World	1995	stephanus	19	6
The Classical World	1996	ambiguous	17	11
The Classical World	1996	bekker	16	2
The Classical World	1996	homer	21	5
The Classical World	1996	pindar	1	1
The Classical World	1996	stephanus	24	9
The Classical World	1997	ambiguous	74	6
The Classical World	1997	bekker	7	2
The Classical World	1997	homer	17	5
The Classical World	1997	pindar	2	2
The Classical World	1997	stephanus	76	5
The Classical World	1998	ambiguous	16	6
The Classical World	1998	bekker	41	6
The Classical World	1998	homer	15	4
The Classical World	1998	nt	1	1
The Classical World	1998	stephanus	18	8
The Classical World	1999	ambiguous	42	11
The Classical World	1999	bekker	28	7
The Classical World	1999	homer	72	10
The Classical World	1999	pindar	2	2
The Classical World	1999	stephanus	39	8
The Classical World	2000	ambiguous	53	10
The Classical World	2000	bekker	17	7
The Classical World	2000	homer	5	4
The Classical World	2000	pindar	8	2
The Classical World	2000	stephanus	12	8
The Classical World	2001	ambiguous	42	8
The Classical World	2001	bekker	5	3
The Classical World	2001	homer	4	2
The Classical World	2001	stephanus	29	6
The Classical World	2002	ambiguous	57	4
The Classical World	2002	bekker	9	4
The Classical World	2002	homer	5	3
The Classical World	2002	stephanus	6	4
The Classical World	2003	ambiguous	38	11
The Classical World	2003	bekker	29	3
The Classical World	2003	homer	6	4
The Classical World	2003	pindar	4	2
The Classical World	2003	stephanus	31	5
The Classical World	2004	ambiguous	64	6
The Classical World	2004	bekker	10	3
The Classical World	2004	homer	7	3
The Classical World	2004	pindar	1	1
The Classical World	2004	stephanus	9	6
The Classical World	2005	ambiguous	14	7
The Classical World	2005	bekker	5	2
The Classical World	2005	homer	8	7
The Classical World	2005	pindar	1	1
The Classical World	2005	stephanus	7	4
The Classical World	2006	ambiguous	60	11
The Classical World	2006	bekker	8	2
The Classical World	2006	homer	12	3
The Classical World	2006	stephanus	19	8
The Classical World	2007	ambiguous	72	13
The Classical World	2007	bekker	10	3
The Classical World	2007	homer	21	4
The Classical World	2007	pindar	6	4
The Classical World	2007	stephanus	43	10
The Classical World	2008	ambiguous	29	13
The Classical World	2008	bekker	2	2
The Classical World	2008	homer	3	3
The Classical World	2008	pindar	1	1
The Classical World	2008	stephanus	16	9
The Classical World	2009	ambiguous	61	17
The Classical World	2009	bekker	20	7
The Classical World	2009	homer	19	12
The Classical World	2009	pindar	10	4
The Classical World	2009	stephanus	31	10
The Classical World	2010	ambiguous	26	10
The Classical World	2010	bekker	12	3
The Classical World	2010	homer	90	9
The Classical World	2010	pindar	1	1
The Classical World	2010	stephanus	22	8
The Classical World	2011	ambiguous	77	14
The Classical World	2011	bekker	5	4
The Classical World	2011	homer	30	8
The Classical World	2011	pindar	1	1
The Classical World	2011	stephanus	64	8
The Classical World	2012	ambiguous	37	14
The Classical World	2012	bekker	6	4
The Classical World	2012	homer	30	7
The Classical World	2012	nt	1	1
The Classical World	2012	pindar	1	1
The Classical World	2012	stephanus	28	9
The Classical World	2013	ambiguous	70	17
The Classical World	2013	bekker	15	3
The Classical World	2013	homer	31	8
The Classical World	2013	nt	1	1
The Classical World	2013	pindar	4	2
The Classical World	2013	stephanus	64	8
The Classical World	2014	ambiguous	20	8
The Classical World	2014	bekker	3	2
The Classical World	2014	homer	9	6
The Classical World	2014	pindar	2	2
The Classical World	2014	stephanus	19	7
The Classical World	2015	ambiguous	80	11
The Classical World	2015	bekker	9	5
The Classical World	2015	homer	19	7
The Classical World	2015	pindar	2	1
The Classical World	2015	stephanus	121	11
The Classical World	2016	ambiguous	42	11
The Classical World	2016	bekker	8	4
The Classical World	2016	homer	19	9
The Classical World	2016	stephanus	54	5
The Classical World	2017	ambiguous	78	8
The Classical World	2017	bekker	18	7
The Classical World	2017	homer	25	11
The Classical World	2017	pindar	2	2
The Classical World	2017	stephanus	102	7
The Classical World	2018	ambiguous	82	10
The Classical World	2018	bekker	153	7
The Classical World	2018	homer	26	14
The Classical World	2018	pindar	1	1
The Classical World	2018	stephanus	100	10
The Classical World	2019	ambiguous	51	9
The Classical World	2019	bekker	53	6
The Classical World	2019	homer	110	7
The Classical World	2019	pindar	1	1
The Classical World	2019	stephanus	51	9
The Classical World	2020	ambiguous	18	10
The Classical World	2020	bekker	99	8
The Classical World	2020	homer	61	7
The Classical World	2020	pindar	6	3
The Classical World	2020	stephanus	7	5
The Harvard Theological Review	1908	ambiguous	2	2
The Harvard Theological Review	1908	stephanus	1	1
The Harvard Theological Review	1909	ambiguous	1	1
The Harvard Theological Review	1909	stephanus	3	2
The Harvard Theological Review	1910	ambiguous	7	5
The Harvard Theological Review	1911	ambiguous	2	2
The Harvard Theological Review	1912	ambiguous	38	4
The Harvard Theological Review	1912	stephanus	8	2
The Harvard Theological Review	1913	ambiguous	51	3
The Harvard Theological Review	1913	stephanus	5	3
The Harvard Theological Review	1914	stephanus	2	2
The Harvard Theological Review	1915	ambiguous	6	3
The Harvard Theological Review	1916	stephanus	3	1
The Harvard Theological Review	1917	ambiguous	1	1
The Harvard Theological Review	1917	stephanus	3	2
The Harvard Theological Review	1918	ambiguous	4	4
The Harvard Theological Review	1918	stephanus	6	3
The Harvard Theological Review	1919	ambiguous	1	1
The Harvard Theological Review	1919	stephanus	3	3
The Harvard Theological Review	1920	stephanus	14	2
The Harvard Theological Review	1921	ambiguous	29	8
The Harvard Theological Review	1921	bekker	1	1
The Harvard Theological Review	1921	homer	1	1
The Harvard Theological Review	1921	stephanus	4	3
The Harvard Theological Review	1922	ambiguous	43	3
The Harvard Theological Review	1922	stephanus	2	1
The Harvard Theological Review	1923	ambiguous	32	5
The Harvard Theological Review	1923	stephanus	4	4
The Harvard Theological Review	1924	ambiguous	78	6
The Harvard Theological Review	1924	stephanus	3	1
The Harvard Theological Review	1925	ambiguous	41	3
The Harvard Theological Review	1925	bekker	4	2
The Harvard Theological Review	1925	stephanus	15	3
The Harvard Theological Review	1926	ambiguous	91	6
The Harvard Theological Review	1926	bekker	3	1
The Harvard Theological Review	1926	homer	1	1
The Harvard Theological Review	1926	stephanus	19	4
The Harvard Theological Review	1927	ambiguous	13	4
The Harvard Theological Review	1927	bekker	81	2
The Harvard Theological Review	1927	stephanus	6	3
The Harvard Theological Review	1928	ambiguous	42	4
The Harvard Theological Review	1928	bekker	2	1
The Harvard Theological Review	1928	stephanus	3	2
The Harvard Theological Review	1929	ambiguous	54	7
The Harvard Theological Review	1929	bekker	5	2
The Harvard Theological Review	1929	stephanus	3	3
The Harvard Theological Review	1930	ambiguous	56	5
The Harvard Theological Review	1930	homer	1	1
The Harvard Theological Review	1930	stephanus	38	4
The Harvard Theological Review	1931	ambiguous	229	8
The Harvard Theological Review	1931	bekker	3	2
The Harvard Theological Review	1931	stephanus	19	3
The Harvard Theological Review	1932	ambiguous	64	6
The Harvard Theological Review	1932	bekker	4	1
The Harvard Theological Review	1932	stephanus	11	5
The Harvard Theological Review	1933	ambiguous	9	4
The Harvard Theological Review	1933	bekker	1	1
The Harvard Theological Review	1933	stephanus	1	1
The Harvard Theological Review	1934	ambiguous	25	6
The Harvard Theological Review	1934	stephanus	1	1
The Harvard Theological Review	1935	ambiguous	66	6
The Harvard Theological Review	1935	bekker	7	2
The Harvard Theological Review	1935	stephanus	2	2
The Harvard Theological Review	1936	ambiguous	16	3
The Harvard Theological Review	1936	bekker	2	2
The Harvard Theological Review	1936	stephanus	4	1
The Harvard Theological Review	1937	ambiguous	2	1
The Harvard Theological Review	1937	bekker	2	1
The Harvard Theological Review	1937	homer	2	1
The Harvard Theological Review	1937	stephanus	2	2
The Harvard Theological Review	1938	ambiguous	62	15
The Harvard Theological Review	1938	bekker	30	1
The Harvard Theological Review	1938	homer	2	1
The Harvard Theological Review	1938	stephanus	6	4
The Harvard Theological Review	1939	ambiguous	46	7
The Harvard Theological Review	1939	bekker	1	1
The Harvard Theological Review	1939	homer	13	2
The Harvard Theological Review	1939	stephanus	6	3
The Harvard Theological Review	1940	ambiguous	22	5
The Harvard Theological Review	1940	bekker	4	2
The Harvard Theological Review	1940	homer	4	1
The Harvard Theological Review	1940	stephanus	15	4
The Harvard Theological Review	1941	ambiguous	46	7
The Harvard Theological Review	1941	bekker	10	2
The Harvard Theological Review	1941	stephanus	20	6
The Harvard Theological Review	1942	ambiguous	67	6
The Harvard Theological Review	1942	bekker	7	1
The Harvard Theological Review	1942	stephanus	5	2
The Harvard Theological Review	1943	ambiguous	59	7
The Harvard Theological Review	1943	bekker	1	1
The Harvard Theological Review	1943	stephanus	9	4
The Harvard Theological Review	1944	ambiguous	29	3
The Harvard Theological Review	1944	bekker	18	3
The Harvard Theological Review	1944	homer	2	1
The Harvard Theological Review	1944	stephanus	23	7
The Harvard Theological Review	1945	ambiguous	14	5
The Harvard Theological Review	1945	bekker	2	1
The Harvard Theological Review	1945	homer	1	1
The Harvard Theological Review	1945	nt	3	1
The Harvard Theological Review	1945	stephanus	6	3
The Harvard Theological Review	1946	ambiguous	14	5
The Harvard Theological Review	1946	homer	4	3
The Harvard Theological Review	1946	nt	2	2
The Harvard Theological Review	1946	stephanus	17	6
The Harvard Theological Review	1947	ambiguous	21	8
The Harvard Theological Review	1947	bekker	2	2
The Harvard Theological Review	1947	nt	4	2
The Harvard Theological Review	1947	stephanus	10	8
The Harvard Theological Review	1948	ambiguous	33	8
The Harvard Theological Review	1948	bekker	2	2
The Harvard Theological Review	1948	homer	2	2
The Harvard Theological Review	1948	stephanus	27	7
The Harvard Theological Review	1949	ambiguous	7	3
The Harvard Theological Review	1949	homer	2	1
The Harvard Theological Review	1949	stephanus	7	4
The Harvard Theological Review	1950	ambiguous	12	5
The Harvard Theological Review	1950	bekker	1	1
The Harvard Theological Review	1950	stephanus	4	1
The Harvard Theological Review	1951	ambiguous	8	4
The Harvard Theological Review	1951	nt	1	1
The Harvard Theological Review	1951	stephanus	3	2
The Harvard Theological Review	1952	ambiguous	48	6
The Harvard Theological Review	1952	bekker	1	1
The Harvard Theological Review	1952	nt	1	1
The Harvard Theological Review	1952	stephanus	47	5
The Harvard Theological Review	1953	ambiguous	72	8
The Harvard Theological Review	1953	bekker	1	1
The Harvard Theological Review	1953	nt	5	2
The Harvard Theological Review	1953	stephanus	43	4
The Harvard Theological Review	1954	ambiguous	17	7
The Harvard Theological Review	1954	nt	3	1
The Harvard Theological Review	1954	stephanus	8	4
The Harvard Theological Review	1955	ambiguous	52	5
The Harvard Theological Review	1955	bekker	8	1
The Harvard Theological Review	1955	homer	1	1
The Harvard Theological Review	1955	nt	12	2
The Harvard Theological Review	1955	stephanus	22	3
The Harvard Theological Review	1956	ambiguous	14	5
The Harvard Theological Review	1956	bekker	1	1
The Harvard Theological Review	1956	nt	9	2
The Harvard Theological Review	1956	stephanus	13	5
The Harvard Theological Review	1957	ambiguous	55	9
The Harvard Theological Review	1957	bekker	3	3
The Harvard Theological Review	1957	homer	2	2
The Harvard Theological Review	1957	nt	1	1
The Harvard Theological Review	1957	stephanus	38	7
The Harvard Theological Review	1958	ambiguous	15	9
The Harvard Theological Review	1958	homer	2	1
The Harvard Theological Review	1958	stephanus	2	2
The Harvard Theological Review	1959	ambiguous	26	6
The Harvard Theological Review	1959	bekker	1	1
The Harvard Theological Review	1959	homer	1	1
The Harvard Theological Review	1959	stephanus	12	2
The Harvard Theological Review	1960	ambiguous	44	5
The Harvard Theological Review	1960	homer	1	1
The Harvard Theological Review	1960	nt	3	2
The Harvard Theological Review	1960	stephanus	2	2
The Harvard Theological Review	1961	ambiguous	13	5
The Harvard Theological Review	1961	nt	2	1
The Harvard Theological Review	1961	stephanus	2	2
The Harvard Theological Review	1962	ambiguous	30	7
The Harvard Theological Review	1962	nt	32	5
The Harvard Theological Review	1962	stephanus	6	3
The Harvard Theological Review	1963	ambiguous	25	6
The Harvard Theological Review	1963	nt	33	2
The Harvard Theological Review	1963	stephanus	6	5
The Harvard Theological Review	1964	ambiguous	81	14
The Harvard Theological Review	1964	bekker	7	2
The Harvard Theological Review	1964	homer	2	2
The Harvard Theological Review	1964	nt	22	5
The Harvard Theological Review	1964	stephanus	21	4
The Harvard Theological Review	1965	ambiguous	54	12
The Harvard Theological Review	1965	bekker	1	1
The Harvard Theological Review	1965	nt	31	3
The Harvard Theological Review	1965	stephanus	8	5
The Harvard Theological Review	1966	ambiguous	76	8
The Harvard Theological Review	1966	nt	5	5
The Harvard Theological Review	1966	stephanus	4	4
The Harvard Theological Review	1967	ambiguous	54	11
The Harvard Theological Review	1967	nt	28	5
The Harvard Theological Review	1967	stephanus	13	5
The Harvard Theological Review	1968	ambiguous	90	20
The Harvard Theological Review	1968	homer	1	1
The Harvard Theological Review	1968	nt	40	9
The Harvard Theological Review	1968	stephanus	19	10
The Harvard Theological Review	1969	ambiguous	12	7
The Harvard Theological Review	1969	homer	1	1
The Harvard Theological Review	1969	nt	5	2
The Harvard Theological Review	1969	stephanus	4	3
The Harvard Theological Review	1970	ambiguous	97	17
The Harvard Theological Review	1970	bekker	2	1
The Harvard Theological Review	1970	nt	24	4
The Harvard Theological Review	1970	stephanus	13	4
The Harvard Theological Review	1971	ambiguous	105	10
The Harvard Theological Review	1971	nt	79	6
The Harvard Theological Review	1971	stephanus	27	7
The Harvard Theological Review	1972	ambiguous	38	10
The Harvard Theological Review	1972	bekker	1	1
The Harvard Theological Review	1972	nt	6	3
The Harvard Theological Review	1972	stephanus	20	3
The Harvard Theological Review	1973	ambiguous	138	8
The Harvard Theological Review	1973	nt	11	3
The Harvard Theological Review	1973	stephanus	96	5
The Harvard Theological Review	1974	ambiguous	129	10
The Harvard Theological Review	1974	bekker	1	1
The Harvard Theological Review	1974	homer	3	2
The Harvard Theological Review	1974	nt	1	1
The Harvard Theological Review	1974	stephanus	84	6
The Harvard Theological Review	1975	ambiguous	124	14
The Harvard Theological Review	1975	bekker	3	2
The Harvard Theological Review	1975	nt	1	1
The Harvard Theological Review	1975	stephanus	22	8
The Harvard Theological Review	1976	ambiguous	341	15
The Harvard Theological Review	1976	homer	2	1
The Harvard Theological Review	1976	nt	42	8
The Harvard Theological Review	1976	stephanus	3	2
The Harvard Theological Review	1977	ambiguous	85	11
The Harvard Theological Review	1977	bekker	14	2
The Harvard Theological Review	1977	nt	5	4
The Harvard Theological Review	1977	stephanus	34	7
The Harvard Theological Review	1978	ambiguous	24	10
The Harvard Theological Review	1978	bekker	8	2
The Harvard Theological Review	1978	homer	1	1
The Harvard Theological Review	1978	nt	19	6
The Harvard Theological Review	1978	stephanus	21	8
The Harvard Theological Review	1979	ambiguous	64	9
The Harvard Theological Review	1979	bekker	1	1
The Harvard Theological Review	1979	nt	29	2
The Harvard Theological Review	1979	stephanus	15	7
The Harvard Theological Review	1980	ambiguous	132	19
The Harvard Theological Review	1980	bekker	2	2
The Harvard Theological Review	1980	homer	67	2
The Harvard Theological Review	1980	nt	150	15
The Harvard Theological Review	1980	stephanus	56	14
The Harvard Theological Review	1981	ambiguous	53	14
The Harvard Theological Review	1981	bekker	8	2
The Harvard Theological Review	1981	homer	4	2
The Harvard Theological Review	1981	nt	161	12
The Harvard Theological Review	1981	stephanus	13	5
The Harvard Theological Review	1982	ambiguous	75	10
The Harvard Theological Review	1982	bekker	2	2
The Harvard Theological Review	1982	nt	24	6
The Harvard Theological Review	1982	pindar	2	1
The Harvard Theological Review	1982	stephanus	23	8
The Harvard Theological Review	1983	ambiguous	113	19
The Harvard Theological Review	1983	bekker	1	1
The Harvard Theological Review	1983	homer	7	1
The Harvard Theological Review	1983	nt	106	8
The Harvard Theological Review	1983	stephanus	61	11
The Harvard Theological Review	1984	ambiguous	68	9
The Harvard Theological Review	1984	bekker	3	2
The Harvard Theological Review	1984	nt	26	6
The Harvard Theological Review	1984	stephanus	28	8
The Harvard Theological Review	1985	ambiguous	69	9
The Harvard Theological Review	1985	bekker	2	1
The Harvard Theological Review	1985	nt	14	4
The Harvard Theological Review	1985	stephanus	17	8
The Harvard Theological Review	1986	ambiguous	99	20
The Harvard Theological Review	1986	bekker	4	2
The Harvard Theological Review	1986	homer	1	1
The Harvard Theological Review	1986	nt	282	20
The Harvard Theological Review	1986	stephanus	19	8
The Harvard Theological Review	1987	ambiguous	50	11
The Harvard Theological Review	1987	bekker	1	1
The Harvard Theological Review	1987	nt	33	11
The Harvard Theological Review	1987	stephanus	16	7
The Harvard Theological Review	1988	ambiguous	136	6
The Harvard Theological Review	1988	bekker	34	1
The Harvard Theological Review	1988	nt	136	8
The Harvard Theological Review	1988	stephanus	9	6
The Harvard Theological Review	1989	ambiguous	89	13
The Harvard Theological Review	1989	bekker	6	3
The Harvard Theological Review	1989	homer	4	2
The Harvard Theological Review	1989	nt	23	5
The Harvard Theological Review	1989	stephanus	40	10
The Harvard Theological Review	1990	ambiguous	67	12
The Harvard Theological Review	1990	bekker	2	1
The Harvard Theological Review	1990	nt	29	9
The Harvard Theological Review	1990	stephanus	28	8
The Harvard Theological Review	1991	ambiguous	77	14
The Harvard Theological Review	1991	bekker	5	2
The Harvard Theological Review	1991	nt	74	9
The Harvard Theological Review	1991	stephanus	51	10
The Harvard Theological Review	1992	ambiguous	28	11
The Harvard Theological Review	1992	bekker	1	1
The Harvard Theological Review	1992	nt	29	6
The Harvard Theological Review	1992	stephanus	13	5
The Harvard Theological Review	1993	ambiguous	113	10
The Harvard Theological Review	1993	nt	98	11
The Harvard Theological Review	1993	stephanus	20	6
The Harvard Theological Review	1994	ambiguous	227	16
The Harvard Theological Review	1994	bekker	3	1
The Harvard Theological Review	1994	nt	206	7
The Harvard Theological Review	1994	stephanus	43	12
The Harvard Theological Review	1995	ambiguous	99	17
The Harvard Theological Review	1995	bekker	1	1
The Harvard Theological Review	1995	nt	204	6
The Harvard Theological Review	1995	stephanus	52	10
The Harvard Theological Review	1996	ambiguous	210	15
The Harvard Theological Review	1996	bekker	18	4
The Harvard Theological Review	1996	homer	1	1
The Harvard Theological Review	1996	nt	45	7
The Harvard Theological Review	1996	stephanus	46	9
The Harvard Theological Review	1997	ambiguous	153	16
The Harvard Theological Review	1997	bekker	6	3
The Harvard Theological Review	1997	nt	80	11
The Harvard Theological Review	1997	stephanus	107	13
The Harvard Theological Review	1998	ambiguous	40	14
The Harvard Theological Review	1998	homer	2	2
The Harvard Theological Review	1998	nt	102	11
The Harvard Theological Review	1998	stephanus	25	10
The Harvard Theological Review	1999	ambiguous	66	13
The Harvard Theological Review	1999	bekker	4	1
The Harvard Theological Review	1999	homer	1	1
The Harvard Theological Review	1999	nt	133	8
The Harvard Theological Review	1999	stephanus	40	8
The Harvard Theological Review	2000	ambiguous	61	9
The Harvard Theological Review	2000	bekker	2	2
The Harvard Theological Review	2000	homer	4	3
The Harvard Theological Review	2000	nt	17	3
The Harvard Theological Review	2000	pindar	1	1
The Harvard Theological Review	2000	stephanus	23	7
The Harvard Theological Review	2001	ambiguous	53	10
The Harvard Theological Review	2001	bekker	1	1
The Harvard Theological Review	2001	nt	61	8
The Harvard Theological Review	2001	stephanus	30	7
The Harvard Theological Review	2002	ambiguous	93	15
The Harvard Theological Review	2002	bekker	1	1
The Harvard Theological Review	2002	homer	2	2
The Harvard Theological Review	2002	nt	18	7
The Harvard Theological Review	2002	pindar	1	1
The Harvard Theological Review	2002	stephanus	28	6
The Harvard Theological Review	2003	ambiguous	80	13
The Harvard Theological Review	2003	bekker	12	2
The Harvard Theological Review	2003	nt	32	6
The Harvard Theological Review	2003	stephanus	9	9
The Harvard Theological Review	2004	ambiguous	113	18
The Harvard Theological Review	2004	bekker	1	1
The Harvard Theological Review	2004	nt	80	6
The Harvard Theological Review	2004	stephanus	34	14
The Harvard Theological Review	2005	ambiguous	89	12
The Harvard Theological Review	2005	bekker	14	5
The Harvard Theological Review	2005	nt	74	9
The Harvard Theological Review	2005	stephanus	35	10
The Harvard Theological Review	2006	ambiguous	135	14
The Harvard Theological Review	2006	bekker	9	3
The Harvard Theological Review	2006	homer	7	2
The Harvard Theological Review	2006	nt	67	11
The Harvard Theological Review	2006	stephanus	87	8
The Harvard Theological Review	2007	ambiguous	101	9
The Harvard Theological Review	2007	bekker	2	2
The Harvard Theological Review	2007	homer	1	1
The Harvard Theological Review	2007	nt	80	11
The Harvard Theological Review	2007	stephanus	26	7
The Harvard Theological Review	2008	ambiguous	72	10
The Harvard Theological Review	2008	bekker	18	3
The Harvard Theological Review	2008	nt	19	5
The Harvard Theological Review	2008	stephanus	9	6
The Harvard Theological Review	2009	ambiguous	62	11
The Harvard Theological Review	2009	nt	8	4
The Harvard Theological Review	2009	stephanus	28	5
The Harvard Theological Review	2010	ambiguous	51	12
The Harvard Theological Review	2010	bekker	8	3
The Harvard Theological Review	2010	nt	89	8
The Harvard Theological Review	2010	stephanus	12	6
The Harvard Theological Review	2011	ambiguous	112	14
The Harvard Theological Review	2011	bekker	3	3
The Harvard Theological Review	2011	nt	226	10
The Harvard Theological Review	2011	stephanus	20	6
The Harvard Theological Review	2012	ambiguous	104	10
The Harvard Theological Review	2012	bekker	9	3
The Harvard Theological Review	2012	nt	32	9
The Harvard Theological Review	2012	stephanus	23	7
The Harvard Theological Review	2013	ambiguous	135	9
The Harvard Theological Review	2013	bekker	3	2
The Harvard Theological Review	2013	homer	2	2
The Harvard Theological Review	2013	nt	212	7
The Harvard Theological Review	2013	stephanus	8	4
The Harvard Theological Review	2014	ambiguous	103	16
The Harvard Theological Review	2014	homer	1	1
The Harvard Theological Review	2014	nt	42	8
The Harvard Theological Review	2014	stephanus	19	9
The Harvard Theological Review	2015	ambiguous	310	20
The Harvard Theological Review	2015	bekker	23	1
The Harvard Theological Review	2015	nt	130	10
The Harvard Theological Review	2015	stephanus	38	9
The Harvard Theological Review	2016	ambiguous	44	7
The Harvard Theological Review	2016	bekker	4	2
The Harvard Theological Review	2016	nt	75	12
The Harvard Theological Review	2016	stephanus	11	6
The Harvard Theological Review	2017	ambiguous	187	17
The Harvard Theological Review	2017	bekker	9	4
The Harvard Theological Review	2017	homer	3	1
The Harvard Theological Review	2017	nt	130	10
The Harvard Theological Review	2017	stephanus	33	12
The Harvard Theological Review	2018	ambiguous	120	15
The Harvard Theological Review	2018	bekker	7	4
The Harvard Theological Review	2018	homer	7	1
The Harvard Theological Review	2018	nt	140	7
The Harvard Theological Review	2018	stephanus	16	5
The Harvard Theological Review	2019	ambiguous	112	13
The Harvard Theological Review	2019	homer	2	1
The Harvard Theological Review	2019	nt	115	10
The Harvard Theological Review	2019	stephanus	10	7
The Harvard Theological Review	2020	ambiguous	90	17
The Harvard Theological Review	2020	bekker	2	2
The Harvard Theological Review	2020	homer	1	1
The Harvard Theological Review	2020	nt	103	9
The Harvard Theological Review	2020	stephanus	8	2
The Journal of Religion	1921	ambiguous	1	1
The Journal of Religion	1921	nt	5	4
The Journal of Religion	1921	stephanus	17	2
The Journal of Religion	1922	nt	6	4
The Journal of Religion	1922	stephanus	1	1
The Journal of Religion	1923	ambiguous	1	1
The Journal of Religion	1923	nt	7	3
The Journal of Religion	1923	stephanus	6	4
The Journal of Religion	1924	nt	10	3
The Journal of Religion	1926	ambiguous	6	3
The Journal of Religion	1926	nt	1	1
The Journal of Religion	1926	stephanus	4	3
The Journal of Religion	1927	ambiguous	3	1
The Journal of Religion	1927	nt	20	3
The Journal of Religion	1927	stephanus	1	1
The Journal of Religion	1928	ambiguous	22	4
The Journal of Religion	1928	nt	10	5
The Journal of Religion	1928	stephanus	8	2
The Journal of Religion	1929	ambiguous	10	3
The Journal of Religion	1929	nt	9	1
The Journal of Religion	1929	stephanus	1	1
The Journal of Religion	1930	ambiguous	7	2
The Journal of Religion	1930	nt	15	4
The Journal of Religion	1931	ambiguous	2	1
The Journal of Religion	1931	nt	18	8
The Journal of Religion	1932	ambiguous	2	2
The Journal of Religion	1932	nt	3	3
The Journal of Religion	1932	stephanus	4	3
The Journal of Religion	1933	nt	30	6
The Journal of Religion	1934	ambiguous	3	3
The Journal of Religion	1934	nt	2	2
The Journal of Religion	1935	ambiguous	3	1
The Journal of Religion	1935	nt	1	1
The Journal of Religion	1936	ambiguous	9	2
The Journal of Religion	1936	nt	16	5
The Journal of Religion	1936	stephanus	3	1
The Journal of Religion	1937	ambiguous	2	2
The Journal of Religion	1937	nt	26	2
The Journal of Religion	1938	ambiguous	5	3
The Journal of Religion	1938	nt	38	6
The Journal of Religion	1940	ambiguous	9	1
The Journal of Religion	1940	nt	5	4
The Journal of Religion	1940	stephanus	19	1
The Journal of Religion	1941	ambiguous	1	1
The Journal of Religion	1941	nt	2	2
The Journal of Religion	1942	ambiguous	9	1
The Journal of Religion	1942	nt	19	2
The Journal of Religion	1943	ambiguous	12	4
The Journal of Religion	1943	nt	6	2
The Journal of Religion	1943	stephanus	5	2
The Journal of Religion	1944	ambiguous	20	5
The Journal of Religion	1944	nt	18	3
The Journal of Religion	1944	stephanus	11	2
The Journal of Religion	1945	ambiguous	6	6
The Journal of Religion	1945	nt	19	8
The Journal of Religion	1945	stephanus	3	2
The Journal of Religion	1946	ambiguous	21	5
The Journal of Religion	1946	nt	10	5
The Journal of Religion	1946	stephanus	6	4
The Journal of Religion	1947	ambiguous	8	3
The Journal of Religion	1947	nt	49	18
The Journal of Religion	1947	stephanus	9	4
The Journal of Religion	1948	ambiguous	11	6
The Journal of Religion	1948	nt	23	3
The Journal of Religion	1948	stephanus	5	2
The Journal of Religion	1949	ambiguous	4	1
The Journal of Religion	1949	nt	11	9
The Journal of Religion	1949	stephanus	2	2
The Journal of Religion	1950	ambiguous	2	2
The Journal of Religion	1950	nt	13	3
The Journal of Religion	1950	stephanus	1	1
The Journal of Religion	1951	nt	33	9
The Journal of Religion	1952	ambiguous	1	1
The Journal of Religion	1952	nt	21	5
The Journal of Religion	1952	stephanus	1	1
The Journal of Religion	1953	ambiguous	15	1
The Journal of Religion	1953	nt	3	3
The Journal of Religion	1953	stephanus	15	2
The Journal of Religion	1954	ambiguous	3	1
The Journal of Religion	1954	bekker	2	1
The Journal of Religion	1954	nt	22	5
The Journal of Religion	1954	stephanus	2	2
The Journal of Religion	1955	ambiguous	6	3
The Journal of Religion	1955	nt	3	2
The Journal of Religion	1956	ambiguous	5	4
The Journal of Religion	1956	nt	45	7
The Journal of Religion	1957	nt	17	7
The Journal of Religion	1958	ambiguous	1	1
The Journal of Religion	1958	nt	14	8
The Journal of Religion	1959	ambiguous	5	1
The Journal of Religion	1959	bekker	11	1
The Journal of Religion	1959	nt	15	8
The Journal of Religion	1959	stephanus	9	2
The Journal of Religion	1960	nt	19	10
The Journal of Religion	1960	stephanus	2	2
The Journal of Religion	1961	ambiguous	6	3
The Journal of Religion	1961	nt	19	5
The Journal of Religion	1961	stephanus	1	1
The Journal of Religion	1962	bekker	1	1
The Journal of Religion	1962	nt	4	4
The Journal of Religion	1962	stephanus	2	2
The Journal of Religion	1963	ambiguous	9	2
The Journal of Religion	1963	nt	16	4
The Journal of Religion	1963	stephanus	3	2
The Journal of Religion	1964	ambiguous	41	4
The Journal of Religion	1964	nt	17	11
The Journal of Religion	1964	stephanus	2	2
The Journal of Religion	1965	ambiguous	7	2
The Journal of Religion	1965	bekker	4	1
The Journal of Religion	1965	nt	19	7
The Journal of Religion	1965	stephanus	2	1
The Journal of Religion	1966	ambiguous	4	3
The Journal of Religion	1966	nt	15	7
The Journal of Religion	1966	stephanus	2	2
The Journal of Religion	1967	ambiguous	7	2
The Journal of Religion	1967	bekker	2	2
The Journal of Religion	1967	nt	17	5
The Journal of Religion	1967	stephanus	8	5
The Journal of Religion	1968	ambiguous	22	6
The Journal of Religion	1968	nt	13	4
The Journal of Religion	1968	stephanus	2	2
The Journal of Religion	1969	ambiguous	9	6
The Journal of Religion	1969	bekker	2	2
The Journal of Religion	1969	nt	47	5
The Journal of Religion	1969	stephanus	2	2
The Journal of Religion	1970	ambiguous	21	3
The Journal of Religion	1970	bekker	4	4
The Journal of Religion	1970	nt	4	4
The Journal of Religion	1970	stephanus	3	3
The Journal of Religion	1971	ambiguous	7	3
The Journal of Religion	1971	bekker	1	1
The Journal of Religion	1971	nt	10	5
The Journal of Religion	1971	stephanus	3	2
The Journal of Religion	1972	ambiguous	1	1
The Journal of Religion	1972	nt	4	4
The Journal of Religion	1972	stephanus	2	1
The Journal of Religion	1973	ambiguous	5	4
The Journal of Religion	1973	bekker	3	2
The Journal of Religion	1973	nt	3	1
The Journal of Religion	1973	stephanus	1	1
The Journal of Religion	1974	ambiguous	4	2
The Journal of Religion	1974	nt	8	2
The Journal of Religion	1975	ambiguous	22	5
The Journal of Religion	1975	bekker	1	1
The Journal of Religion	1975	nt	13	6
The Journal of Religion	1975	stephanus	5	4
The Journal of Religion	1976	ambiguous	4	4
The Journal of Religion	1976	nt	3	2
The Journal of Religion	1976	stephanus	4	2
The Journal of Religion	1977	ambiguous	46	3
The Journal of Religion	1977	nt	3	2
The Journal of Religion	1977	stephanus	45	1
The Journal of Religion	1978	ambiguous	60	7
The Journal of Religion	1978	bekker	2	2
The Journal of Religion	1978	nt	5	3
The Journal of Religion	1978	stephanus	1	1
The Journal of Religion	1979	ambiguous	7	5
The Journal of Religion	1979	bekker	3	1
The Journal of Religion	1979	nt	4	3
The Journal of Religion	1979	stephanus	3	2
The Journal of Religion	1980	ambiguous	2	2
The Journal of Religion	1980	bekker	1	1
The Journal of Religion	1980	nt	11	3
The Journal of Religion	1980	stephanus	3	2
The Journal of Religion	1981	ambiguous	9	6
The Journal of Religion	1981	stephanus	21	6
The Journal of Religion	1982	ambiguous	4	3
The Journal of Religion	1982	nt	5	5
The Journal of Religion	1982	stephanus	1	1
The Journal of Religion	1983	ambiguous	4	3
The Journal of Religion	1983	nt	22	7
The Journal of Religion	1984	ambiguous	12	6
The Journal of Religion	1984	bekker	7	3
The Journal of Religion	1984	nt	12	4
The Journal of Religion	1984	stephanus	2	2
The Journal of Religion	1985	ambiguous	7	3
The Journal of Religion	1985	nt	11	3
The Journal of Religion	1986	ambiguous	4	2
The Journal of Religion	1986	nt	9	6
The Journal of Religion	1987	ambiguous	7	6
The Journal of Religion	1987	bekker	3	3
The Journal of Religion	1987	nt	9	5
The Journal of Religion	1987	stephanus	8	3
The Journal of Religion	1988	ambiguous	37	11
The Journal of Religion	1988	bekker	5	1
The Journal of Religion	1988	homer	2	2
The Journal of Religion	1988	nt	44	13
The Journal of Religion	1988	stephanus	2	1
The Journal of Religion	1989	ambiguous	42	6
The Journal of Religion	1989	bekker	3	2
The Journal of Religion	1989	nt	18	10
The Journal of Religion	1989	stephanus	3	2
The Journal of Religion	1990	ambiguous	5	4
The Journal of Religion	1990	homer	3	2
The Journal of Religion	1990	nt	10	4
The Journal of Religion	1990	stephanus	1	1
The Journal of Religion	1991	ambiguous	18	5
The Journal of Religion	1991	bekker	4	2
The Journal of Religion	1991	nt	211	10
The Journal of Religion	1991	stephanus	8	2
The Journal of Religion	1992	ambiguous	6	5
The Journal of Religion	1992	nt	16	6
The Journal of Religion	1993	ambiguous	15	1
The Journal of Religion	1993	bekker	1	1
The Journal of Religion	1993	nt	8	6
The Journal of Religion	1993	stephanus	21	2
The Journal of Religion	1994	ambiguous	14	6
The Journal of Religion	1994	bekker	1	1
The Journal of Religion	1994	homer	2	1
The Journal of Religion	1994	nt	8	3
The Journal of Religion	1994	stephanus	7	2
The Journal of Religion	1995	ambiguous	10	6
The Journal of Religion	1995	bekker	5	1
The Journal of Religion	1995	nt	81	9
The Journal of Religion	1995	stephanus	2	2
The Journal of Religion	1996	ambiguous	44	8
The Journal of Religion	1996	homer	1	1
The Journal of Religion	1996	nt	85	11
The Journal of Religion	1996	stephanus	4	1
The Journal of Religion	1997	ambiguous	10	5
The Journal of Religion	1997	nt	33	13
The Journal of Religion	1997	stephanus	4	2
The Journal of Religion	1998	ambiguous	4	3
The Journal of Religion	1998	homer	1	1
The Journal of Religion	1998	nt	9	7
The Journal of Religion	1998	stephanus	2	2
The Journal of Religion	1999	ambiguous	24	5
The Journal of Religion	1999	bekker	1	1
The Journal of Religion	1999	nt	31	13
The Journal of Religion	1999	stephanus	5	4
The Journal of Religion	2000	ambiguous	48	12
The Journal of Religion	2000	bekker	11	4
The Journal of Religion	2000	nt	199	18
The Journal of Religion	2000	stephanus	10	5
The Journal of Religion	2001	ambiguous	35	8
The Journal of Religion	2001	bekker	22	4
The Journal of Religion	2001	homer	1	1
The Journal of Religion	2001	nt	16	8
The Journal of Religion	2001	stephanus	11	2
The Journal of Religion	2002	ambiguous	55	5
The Journal of Religion	2002	nt	54	16
The Journal of Religion	2002	stephanus	21	4
The Journal of Religion	2003	ambiguous	38	6
The Journal of Religion	2003	homer	12	2
The Journal of Religion	2003	nt	73	14
The Journal of Religion	2003	stephanus	15	4
The Journal of Religion	2004	ambiguous	8	3
The Journal of Religion	2004	bekker	2	1
The Journal of Religion	2004	nt	30	14
The Journal of Religion	2004	stephanus	3	1
The Journal of Religion	2005	ambiguous	163	5
The Journal of Religion	2005	bekker	4	2
The Journal of Religion	2005	nt	25	5
The Journal of Religion	2005	stephanus	11	2
The Journal of Religion	2006	ambiguous	25	6
The Journal of Religion	2006	bekker	3	2
The Journal of Religion	2006	nt	34	9
The Journal of Religion	2006	stephanus	3	1
The Journal of Religion	2007	ambiguous	62	5
The Journal of Religion	2007	bekker	32	2
The Journal of Religion	2007	homer	5	2
The Journal of Religion	2007	nt	38	12
The Journal of Religion	2007	stephanus	67	6
The Journal of Religion	2008	ambiguous	6	3
The Journal of Religion	2008	nt	14	8
The Journal of Religion	2008	stephanus	3	2
The Journal of Religion	2009	ambiguous	57	5
The Journal of Religion	2009	bekker	10	3
The Journal of Religion	2009	nt	38	8
The Journal of Religion	2009	stephanus	4	1
The Journal of Religion	2010	ambiguous	11	6
The Journal of Religion	2010	bekker	1	1
The Journal of Religion	2010	homer	1	1
The Journal of Religion	2010	nt	15	7
The Journal of Religion	2010	stephanus	2	2
The Journal of Religion	2011	ambiguous	8	5
The Journal of Religion	2011	bekker	1	1
The Journal of Religion	2011	nt	39	10
The Journal of Religion	2012	ambiguous	16	2
The Journal of Religion	2012	nt	4	2
The Journal of Religion	2013	ambiguous	3	2
The Journal of Religion	2013	nt	38	8
The Journal of Religion	2013	stephanus	1	1
The Journal of Religion	2014	ambiguous	1	1
The Journal of Religion	2014	nt	18	10
The Journal of Religion	2015	ambiguous	1	1
The Journal of Religion	2015	nt	10	3
The Journal of Religion	2016	ambiguous	15	8
The Journal of Religion	2016	bekker	3	3
The Journal of Religion	2016	nt	9	4
The Journal of Religion	2016	stephanus	2	2
The Journal of Religion	2017	ambiguous	10	3
The Journal of Religion	2017	nt	54	4
The Journal of Religion	2017	stephanus	4	2
The Journal of Religion	2018	ambiguous	50	10
The Journal of Religion	2018	bekker	1	1
The Journal of Religion	2018	nt	20	4
The Journal of Religion	2018	stephanus	4	3
The Journal of Religion	2019	ambiguous	134	7
The Journal of Religion	2019	bekker	2	2
The Journal of Religion	2019	nt	7	3
The Journal of Religion	2019	stephanus	54	3
The Journal of Religion	2020	ambiguous	16	5
The Journal of Religion	2020	bekker	2	2
The Journal of Religion	2020	nt	2	2
Theologische Rundschau	1898	ambiguous	6	4
Theologische Rundschau	1898	homer	1	1
Theologische Rundschau	1898	stephanus	1	1
Theologische Rundschau	1899	ambiguous	63	8
Theologische Rundschau	1899	bekker	1	1
Theologische Rundschau	1899	stephanus	7	1
Theologische Rundschau	1900	ambiguous	14	6
Theologische Rundschau	1900	stephanus	8	2
Theologische Rundschau	1901	ambiguous	16	6
Theologische Rundschau	1902	ambiguous	9	6
Theologische Rundschau	1902	stephanus	2	2
Theologische Rundschau	1903	ambiguous	2	2
Theologische Rundschau	1903	stephanus	2	2
Theologische Rundschau	1904	ambiguous	8	4
Theologische Rundschau	1904	stephanus	2	2
Theologische Rundschau	1905	ambiguous	3	2
Theologische Rundschau	1905	stephanus	2	2
Theologische Rundschau	1906	ambiguous	5	2
Theologische Rundschau	1906	bekker	1	1
Theologische Rundschau	1907	ambiguous	3	3
Theologische Rundschau	1908	ambiguous	4	2
Theologische Rundschau	1909	ambiguous	3	2
Theologische Rundschau	1909	bekker	1	1
Theologische Rundschau	1909	stephanus	1	1
Theologische Rundschau	1910	ambiguous	10	6
Theologische Rundschau	1910	stephanus	1	1
Theologische Rundschau	1911	ambiguous	1	1
Theologische Rundschau	1912	ambiguous	5	3
Theologische Rundschau	1912	stephanus	2	2
Theologische Rundschau	1913	ambiguous	2	2
Theologische Rundschau	1913	stephanus	1	1
Theologische Rundschau	1916	ambiguous	4	2
Theologische Rundschau	1917	ambiguous	9	7
Theologische Rundschau	1917	homer	1	1
Theologische Rundschau	1917	stephanus	8	1
Theologische Rundschau	1929	ambiguous	1	1
Theologische Rundschau	1929	bekker	1	1
Theologische Rundschau	1929	homer	1	1
Theologische Rundschau	1931	ambiguous	2	1
Theologische Rundschau	1932	stephanus	1	1
Theologische Rundschau	1933	ambiguous	2	1
Theologische Rundschau	1933	stephanus	1	1
Theologische Rundschau	1934	ambiguous	2	1
Theologische Rundschau	1934	bekker	1	1
Theologische Rundschau	1935	ambiguous	1	1
Theologische Rundschau	1936	ambiguous	2	2
Theologische Rundschau	1937	ambiguous	11	5
Theologische Rundschau	1937	stephanus	1	1
Theologische Rundschau	1938	ambiguous	2	1
Theologische Rundschau	1939	stephanus	1	1
Theologische Rundschau	1941	bekker	2	2
Theologische Rundschau	1941	stephanus	1	1
Theologische Rundschau	1942	ambiguous	2	2
Theologische Rundschau	1948	ambiguous	2	2
Theologische Rundschau	1948	stephanus	2	2
Theologische Rundschau	1950	ambiguous	39	3
Theologische Rundschau	1950	bekker	1	1
Theologische Rundschau	1950	homer	1	1
Theologische Rundschau	1951	ambiguous	2	2
Theologische Rundschau	1951	stephanus	1	1
Theologische Rundschau	1952	ambiguous	36	2
Theologische Rundschau	1952	bekker	2	2
Theologische Rundschau	1952	stephanus	5	3
Theologische Rundschau	1953	ambiguous	83	3
Theologische Rundschau	1953	bekker	9	3
Theologische Rundschau	1953	homer	1	1
Theologische Rundschau	1953	stephanus	15	2
Theologische Rundschau	1954	ambiguous	11	4
Theologische Rundschau	1954	bekker	2	1
Theologische Rundschau	1954	stephanus	3	2
Theologische Rundschau	1955	ambiguous	30	4
Theologische Rundschau	1957	ambiguous	27	1
Theologische Rundschau	1958	ambiguous	39	2
Theologische Rundschau	1959	ambiguous	124	3
Theologische Rundschau	1960	ambiguous	169	3
Theologische Rundschau	1960	stephanus	1	1
Theologische Rundschau	1961	ambiguous	388	7
Theologische Rundschau	1961	bekker	1	1
Theologische Rundschau	1962	ambiguous	172	5
Theologische Rundschau	1962	bekker	1	1
Theologische Rundschau	1962	stephanus	6	3
Theologische Rundschau	1963	ambiguous	5	2
Theologische Rundschau	1963	bekker	4	2
Theologische Rundschau	1964	ambiguous	6	3
Theologische Rundschau	1964	bekker	1	1
Theologische Rundschau	1964	homer	1	1
Theologische Rundschau	1964	stephanus	1	1
Theologische Rundschau	1965	ambiguous	2	1
Theologische Rundschau	1965	bekker	1	1
Theologische Rundschau	1965	stephanus	1	1
Theologische Rundschau	1967	ambiguous	2	1
Theologische Rundschau	1967	bekker	1	1
Theologische Rundschau	1968	ambiguous	8	4
Theologische Rundschau	1968	bekker	1	1
Theologische Rundschau	1968	stephanus	1	1
Theologische Rundschau	1969	ambiguous	10	4
Theologische Rundschau	1969	bekker	1	1
Theologische Rundschau	1970	ambiguous	7	3
Theologische Rundschau	1970	bekker	1	1
Theologische Rundschau	1971	ambiguous	12	7
Theologische Rundschau	1971	bekker	1	1
Theologische Rundschau	1971	stephanus	3	1
Theologische Rundschau	1972	ambiguous	39	4
Theologische Rundschau	1972	stephanus	5	1
Theologische Rundschau	1974	ambiguous	68	5
Theologische Rundschau	1975	ambiguous	87	11
Theologische Rundschau	1975	stephanus	14	5
Theologische Rundschau	1976	ambiguous	10	5
Theologische Rundschau	1977	ambiguous	30	7
Theologische Rundschau	1977	stephanus	3	3
Theologische Rundschau	1978	ambiguous	24	4
Theologische Rundschau	1978	stephanus	7	2
Theologische Rundschau	1979	ambiguous	7	3
Theologische Rundschau	1980	ambiguous	37	6
Theologische Rundschau	1980	stephanus	3	2
Theologische Rundschau	1981	ambiguous	4	3
Theologische Rundschau	1982	ambiguous	21	5
Theologische Rundschau	1982	stephanus	16	1
Theologische Rundschau	1983	ambiguous	1	1
Theologische Rundschau	1983	stephanus	1	1
Theologische Rundschau	1984	ambiguous	25	3
Theologische Rundschau	1984	stephanus	5	2
Theologische Rundschau	1985	ambiguous	4	2
Theologische Rundschau	1985	stephanus	2	2
Theologische Rundschau	1986	ambiguous	21	4
Theologische Rundschau	1986	stephanus	7	2
Theologische Rundschau	1987	ambiguous	86	4
Theologische Rundschau	1987	stephanus	13	2
Theologische Rundschau	1988	ambiguous	7	3
Theologische Rundschau	1988	nt	4	1
Theologische Rundschau	1988	stephanus	1	1
Theologische Rundschau	1989	ambiguous	9	3
Theologische Rundschau	1990	ambiguous	14	4
Theologische Rundschau	1990	nt	1	1
Theologische Rundschau	1990	stephanus	1	1
Theologische Rundschau	1991	ambiguous	19	7
Theologische Rundschau	1991	bekker	15	1
Theologische Rundschau	1991	stephanus	3	2
Theologische Rundschau	1992	ambiguous	42	4
Theologische Rundschau	1992	stephanus	3	1
Theologische Rundschau	1993	ambiguous	126	3
Theologische Rundschau	1993	bekker	2	1
Theologische Rundschau	1993	stephanus	3	2
Theologische Rundschau	1994	ambiguous	67	7
Theologische Rundschau	1994	bekker	2	2
Theologische Rundschau	1994	stephanus	5	5
Theologische Rundschau	1995	ambiguous	114	7
Theologische Rundschau	1995	bekker	2	1
Theologische Rundschau	1995	stephanus	2	2
Theologische Rundschau	1996	ambiguous	8	3
Theologische Rundschau	1996	stephanus	2	2
Theologische Rundschau	1997	ambiguous	84	2
Theologische Rundschau	1998	ambiguous	33	3
Theologische Rundschau	1998	stephanus	1	1
Theologische Rundschau	1999	ambiguous	37	6
Theologische Rundschau	1999	bekker	4	1
Theologische Rundschau	1999	stephanus	4	3
Theologische Rundschau	2000	ambiguous	39	8
Theologische Rundschau	2000	stephanus	2	1
Theologische Rundschau	2001	ambiguous	20	5
Theologische Rundschau	2001	bekker	1	1
Theologische Rundschau	2001	stephanus	1	1
Theologische Rundschau	2002	ambiguous	165	9
Theologische Rundschau	2002	bekker	2	1
Theologische Rundschau	2002	stephanus	12	3
Theologische Rundschau	2003	ambiguous	112	4
Theologische Rundschau	2003	nt	1	1
Theologische Rundschau	2003	stephanus	4	2
Theologische Rundschau	2004	ambiguous	113	8
Theologische Rundschau	2004	stephanus	12	5
Theologische Rundschau	2005	ambiguous	75	9
Theologische Rundschau	2005	nt	3	1
Theologische Rundschau	2005	stephanus	7	3
Theologische Rundschau	2006	ambiguous	74	9
Theologische Rundschau	2006	stephanus	12	4
Theologische Rundschau	2007	ambiguous	4	4
Theologische Rundschau	2007	stephanus	1	1
Theologische Rundschau	2008	ambiguous	13	5
Theologische Rundschau	2008	nt	12	3
Theologische Rundschau	2008	stephanus	1	1
Theologische Rundschau	2009	ambiguous	20	6
Theologische Rundschau	2010	ambiguous	17	4
Theologische Rundschau	2010	stephanus	6	2
Theologische Rundschau	2011	ambiguous	123	9
Theologische Rundschau	2011	stephanus	5	4
Theologische Rundschau	2012	ambiguous	109	7
Theologische Rundschau	2012	stephanus	3	2
Theologische Rundschau	2013	ambiguous	48	9
Theologische Rundschau	2013	bekker	1	1
Theologische Rundschau	2013	nt	1	1
Theologische Rundschau	2013	stephanus	11	3
Theologische Rundschau	2014	ambiguous	21	7
Theologische Rundschau	2014	stephanus	3	3
Theologische Rundschau	2015	ambiguous	29	6
Theologische Rundschau	2015	nt	4	2
Theologische Rundschau	2015	stephanus	6	4
Theologische Rundschau	2016	ambiguous	1	1
Theologische Rundschau	2017	ambiguous	31	5
Theologische Rundschau	2017	nt	5	2
Theologische Rundschau	2017	stephanus	8	3
Theologische Rundschau	2018	ambiguous	15	4
Theologische Rundschau	2018	bekker	4	1
Theologische Rundschau	2018	stephanus	7	2
Theologische Rundschau	2020	ambiguous	43	3
Theologische Rundschau	2020	bekker	29	1
Theologische Rundschau	2020	stephanus	4	2
Transactions and Proceedings of the American Philological Association	1897	ambiguous	20	3
Transactions and Proceedings of the American Philological Association	1897	homer	1	1
Transactions and Proceedings of the American Philological Association	1897	stephanus	23	3
Transactions and Proceedings of the American Philological Association	1898	ambiguous	8	5
Transactions and Proceedings of the American Philological Association	1898	homer	1	1
Transactions and Proceedings of the American Philological Association	1898	stephanus	10	3
Transactions and Proceedings of the American Philological Association	1899	ambiguous	5	3
Transactions and Proceedings of the American Philological Association	1899	bekker	2	1
Transactions and Proceedings of the American Philological Association	1899	stephanus	6	2
Transactions and Proceedings of the American Philological Association	1900	ambiguous	1	1
Transactions and Proceedings of the American Philological Association	1900	homer	7	2
Transactions and Proceedings of the American Philological Association	1900	stephanus	7	5
Transactions and Proceedings of the American Philological Association	1901	ambiguous	2	2
Transactions and Proceedings of the American Philological Association	1901	homer	13	2
Transactions and Proceedings of the American Philological Association	1901	stephanus	5	3
Transactions and Proceedings of the American Philological Association	1902	ambiguous	5	2
Transactions and Proceedings of the American Philological Association	1902	homer	7	1
Transactions and Proceedings of the American Philological Association	1902	stephanus	5	1
Transactions and Proceedings of the American Philological Association	1903	ambiguous	2	2
Transactions and Proceedings of the American Philological Association	1903	stephanus	2	1
Transactions and Proceedings of the American Philological Association	1904	ambiguous	8	2
Transactions and Proceedings of the American Philological Association	1904	homer	4	2
Transactions and Proceedings of the American Philological Association	1904	stephanus	3	2
Transactions and Proceedings of the American Philological Association	1905	homer	2	2
Transactions and Proceedings of the American Philological Association	1905	stephanus	5	2
Transactions and Proceedings of the American Philological Association	1906	ambiguous	9	3
Transactions and Proceedings of the American Philological Association	1906	bekker	3	1
Transactions and Proceedings of the American Philological Association	1906	homer	1	1
Transactions and Proceedings of the American Philological Association	1906	stephanus	11	2
Transactions and Proceedings of the American Philological Association	1907	ambiguous	1	1
Transactions and Proceedings of the American Philological Association	1907	homer	3	2
Transactions and Proceedings of the American Philological Association	1907	stephanus	3	2
Transactions and Proceedings of the American Philological Association	1908	ambiguous	5	3
Transactions and Proceedings of the American Philological Association	1908	homer	4	2
Transactions and Proceedings of the American Philological Association	1908	stephanus	9	5
Transactions and Proceedings of the American Philological Association	1909	ambiguous	21	2
Transactions and Proceedings of the American Philological Association	1909	homer	2	2
Transactions and Proceedings of the American Philological Association	1909	stephanus	6	3
Transactions and Proceedings of the American Philological Association	1910	ambiguous	6	1
Transactions and Proceedings of the American Philological Association	1910	homer	4	1
Transactions and Proceedings of the American Philological Association	1910	stephanus	4	2
Transactions and Proceedings of the American Philological Association	1911	ambiguous	6	2
Transactions and Proceedings of the American Philological Association	1911	homer	1	1
Transactions and Proceedings of the American Philological Association	1911	stephanus	6	2
Transactions and Proceedings of the American Philological Association	1912	ambiguous	1	1
Transactions and Proceedings of the American Philological Association	1912	homer	7	2
Transactions and Proceedings of the American Philological Association	1912	stephanus	10	3
Transactions and Proceedings of the American Philological Association	1913	ambiguous	8	4
Transactions and Proceedings of the American Philological Association	1913	bekker	2	1
Transactions and Proceedings of the American Philological Association	1913	homer	1	1
Transactions and Proceedings of the American Philological Association	1913	stephanus	6	5
Transactions and Proceedings of the American Philological Association	1914	ambiguous	3	1
Transactions and Proceedings of the American Philological Association	1914	stephanus	2	1
Transactions and Proceedings of the American Philological Association	1915	ambiguous	3	2
Transactions and Proceedings of the American Philological Association	1915	homer	2	2
Transactions and Proceedings of the American Philological Association	1915	stephanus	4	3
Transactions and Proceedings of the American Philological Association	1916	ambiguous	2	2
Transactions and Proceedings of the American Philological Association	1916	homer	6	3
Transactions and Proceedings of the American Philological Association	1916	stephanus	2	1
Transactions and Proceedings of the American Philological Association	1917	homer	1	1
Transactions and Proceedings of the American Philological Association	1917	stephanus	2	1
Transactions and Proceedings of the American Philological Association	1918	ambiguous	2	2
Transactions and Proceedings of the American Philological Association	1918	stephanus	19	2
Transactions and Proceedings of the American Philological Association	1920	ambiguous	1	1
Transactions and Proceedings of the American Philological Association	1920	stephanus	3	3
Transactions and Proceedings of the American Philological Association	1921	ambiguous	3	2
Transactions and Proceedings of the American Philological Association	1921	homer	2	2
Transactions and Proceedings of the American Philological Association	1921	stephanus	2	2
Transactions and Proceedings of the American Philological Association	1922	ambiguous	1	1
Transactions and Proceedings of the American Philological Association	1922	homer	4	2
Transactions and Proceedings of the American Philological Association	1922	stephanus	5	3
Transactions and Proceedings of the American Philological Association	1923	ambiguous	2	1
Transactions and Proceedings of the American Philological Association	1923	stephanus	3	2
Transactions and Proceedings of the American Philological Association	1924	ambiguous	16	3
Transactions and Proceedings of the American Philological Association	1924	homer	6	1
Transactions and Proceedings of the American Philological Association	1924	stephanus	7	1
Transactions and Proceedings of the American Philological Association	1925	ambiguous	7	2
Transactions and Proceedings of the American Philological Association	1925	bekker	1	1
Transactions and Proceedings of the American Philological Association	1925	homer	5	3
Transactions and Proceedings of the American Philological Association	1925	stephanus	9	3
Transactions and Proceedings of the American Philological Association	1926	ambiguous	25	5
Transactions and Proceedings of the American Philological Association	1926	bekker	1	1
Transactions and Proceedings of the American Philological Association	1926	homer	3	1
Transactions and Proceedings of the American Philological Association	1926	stephanus	8	4
Transactions and Proceedings of the American Philological Association	1927	ambiguous	4	2
Transactions and Proceedings of the American Philological Association	1927	bekker	1	1
Transactions and Proceedings of the American Philological Association	1927	homer	2	1
Transactions and Proceedings of the American Philological Association	1927	stephanus	9	6
Transactions and Proceedings of the American Philological Association	1928	ambiguous	10	5
Transactions and Proceedings of the American Philological Association	1928	bekker	4	3
Transactions and Proceedings of the American Philological Association	1928	homer	2	1
Transactions and Proceedings of the American Philological Association	1928	stephanus	14	5
Transactions and Proceedings of the American Philological Association	1929	ambiguous	6	4
Transactions and Proceedings of the American Philological Association	1929	bekker	2	2
Transactions and Proceedings of the American Philological Association	1929	homer	43	2
Transactions and Proceedings of the American Philological Association	1929	stephanus	7	2
Transactions and Proceedings of the American Philological Association	1930	ambiguous	61	5
Transactions and Proceedings of the American Philological Association	1930	bekker	1	1
Transactions and Proceedings of the American Philological Association	1930	homer	15	4
Transactions and Proceedings of the American Philological Association	1930	stephanus	63	3
Transactions and Proceedings of the American Philological Association	1931	ambiguous	11	6
Transactions and Proceedings of the American Philological Association	1931	bekker	2	2
Transactions and Proceedings of the American Philological Association	1931	homer	9	4
Transactions and Proceedings of the American Philological Association	1931	stephanus	12	4
Transactions and Proceedings of the American Philological Association	1932	ambiguous	12	5
Transactions and Proceedings of the American Philological Association	1932	homer	2	1
Transactions and Proceedings of the American Philological Association	1932	stephanus	8	3
Transactions and Proceedings of the American Philological Association	1933	ambiguous	6	3
Transactions and Proceedings of the American Philological Association	1933	bekker	1	1
Transactions and Proceedings of the American Philological Association	1933	homer	3	3
Transactions and Proceedings of the American Philological Association	1933	stephanus	8	4
Transactions and Proceedings of the American Philological Association	1934	ambiguous	35	7
Transactions and Proceedings of the American Philological Association	1934	bekker	21	6
Transactions and Proceedings of the American Philological Association	1934	homer	4	4
Transactions and Proceedings of the American Philological Association	1934	stephanus	16	6
Transactions and Proceedings of the American Philological Association	1935	ambiguous	17	7
Transactions and Proceedings of the American Philological Association	1935	bekker	3	2
Transactions and Proceedings of the American Philological Association	1935	homer	9	3
Transactions and Proceedings of the American Philological Association	1935	stephanus	23	6
Transactions and Proceedings of the American Philological Association	1936	ambiguous	101	11
Transactions and Proceedings of the American Philological Association	1936	bekker	51	4
Transactions and Proceedings of the American Philological Association	1936	homer	8	3
Transactions and Proceedings of the American Philological Association	1936	pindar	2	1
Transactions and Proceedings of the American Philological Association	1936	stephanus	53	8
Transactions and Proceedings of the American Philological Association	1937	ambiguous	143	19
Transactions and Proceedings of the American Philological Association	1937	bekker	11	7
Transactions and Proceedings of the American Philological Association	1937	homer	20	2
Transactions and Proceedings of the American Philological Association	1937	pindar	3	2
Transactions and Proceedings of the American Philological Association	1937	stephanus	96	12
Transactions and Proceedings of the American Philological Association	1938	ambiguous	123	16
Transactions and Proceedings of the American Philological Association	1938	bekker	10	7
Transactions and Proceedings of the American Philological Association	1938	homer	46	7
Transactions and Proceedings of the American Philological Association	1938	pindar	1	1
Transactions and Proceedings of the American Philological Association	1938	stephanus	55	11
Transactions and Proceedings of the American Philological Association	1939	ambiguous	35	12
Transactions and Proceedings of the American Philological Association	1939	bekker	65	7
Transactions and Proceedings of the American Philological Association	1939	homer	37	4
Transactions and Proceedings of the American Philological Association	1939	stephanus	31	10
Transactions and Proceedings of the American Philological Association	1940	ambiguous	92	17
Transactions and Proceedings of the American Philological Association	1940	bekker	17	4
Transactions and Proceedings of the American Philological Association	1940	homer	13	8
Transactions and Proceedings of the American Philological Association	1940	stephanus	109	9
Transactions and Proceedings of the American Philological Association	1941	ambiguous	32	9
Transactions and Proceedings of the American Philological Association	1941	bekker	9	6
Transactions and Proceedings of the American Philological Association	1941	homer	12	4
Transactions and Proceedings of the American Philological Association	1941	stephanus	11	6
Transactions and Proceedings of the American Philological Association	1942	ambiguous	77	13
Transactions and Proceedings of the American Philological Association	1942	bekker	39	6
Transactions and Proceedings of the American Philological Association	1942	homer	12	4
Transactions and Proceedings of the American Philological Association	1942	pindar	2	1
Transactions and Proceedings of the American Philological Association	1942	stephanus	63	8
Transactions and Proceedings of the American Philological Association	1943	ambiguous	43	7
Transactions and Proceedings of the American Philological Association	1943	bekker	31	3
Transactions and Proceedings of the American Philological Association	1943	homer	10	2
Transactions and Proceedings of the American Philological Association	1943	stephanus	28	5
Transactions and Proceedings of the American Philological Association	1944	ambiguous	51	8
Transactions and Proceedings of the American Philological Association	1944	bekker	10	7
Transactions and Proceedings of the American Philological Association	1944	homer	4	2
Transactions and Proceedings of the American Philological Association	1944	stephanus	22	5
Transactions and Proceedings of the American Philological Association	1945	ambiguous	124	15
Transactions and Proceedings of the American Philological Association	1945	bekker	45	9
Transactions and Proceedings of the American Philological Association	1945	homer	13	4
Transactions and Proceedings of the American Philological Association	1945	pindar	2	2
Transactions and Proceedings of the American Philological Association	1945	stephanus	123	12
Transactions and Proceedings of the American Philological Association	1946	ambiguous	92	11
Transactions and Proceedings of the American Philological Association	1946	bekker	15	4
Transactions and Proceedings of the American Philological Association	1946	homer	21	5
Transactions and Proceedings of the American Philological Association	1946	pindar	9	2
Transactions and Proceedings of the American Philological Association	1946	stephanus	63	8
Transactions and Proceedings of the American Philological Association	1947	ambiguous	137	14
Transactions and Proceedings of the American Philological Association	1947	bekker	20	7
Transactions and Proceedings of the American Philological Association	1947	homer	12	6
Transactions and Proceedings of the American Philological Association	1947	pindar	13	5
Transactions and Proceedings of the American Philological Association	1947	stephanus	41	9
Transactions and Proceedings of the American Philological Association	1948	ambiguous	50	12
Transactions and Proceedings of the American Philological Association	1948	bekker	7	2
Transactions and Proceedings of the American Philological Association	1948	homer	11	3
Transactions and Proceedings of the American Philological Association	1948	pindar	9	3
Transactions and Proceedings of the American Philological Association	1948	stephanus	48	8
Transactions and Proceedings of the American Philological Association	1949	ambiguous	69	14
Transactions and Proceedings of the American Philological Association	1949	bekker	22	6
Transactions and Proceedings of the American Philological Association	1949	homer	39	7
Transactions and Proceedings of the American Philological Association	1949	pindar	3	2
Transactions and Proceedings of the American Philological Association	1949	stephanus	66	12
Transactions and Proceedings of the American Philological Association	1950	ambiguous	59	13
Transactions and Proceedings of the American Philological Association	1950	bekker	20	6
Transactions and Proceedings of the American Philological Association	1950	homer	36	4
Transactions and Proceedings of the American Philological Association	1950	pindar	28	3
Transactions and Proceedings of the American Philological Association	1950	stephanus	62	9
Transactions and Proceedings of the American Philological Association	1951	ambiguous	24	9
Transactions and Proceedings of the American Philological Association	1951	bekker	6	5
Transactions and Proceedings of the American Philological Association	1951	homer	8	4
Transactions and Proceedings of the American Philological Association	1951	pindar	3	3
Transactions and Proceedings of the American Philological Association	1951	stephanus	12	6
Transactions and Proceedings of the American Philological Association	1952	ambiguous	33	14
Transactions and Proceedings of the American Philological Association	1952	bekker	19	6
Transactions and Proceedings of the American Philological Association	1952	homer	23	4
Transactions and Proceedings of the American Philological Association	1952	pindar	1	1
Transactions and Proceedings of the American Philological Association	1952	stephanus	23	7
Transactions and Proceedings of the American Philological Association	1953	ambiguous	34	8
Transactions and Proceedings of the American Philological Association	1953	bekker	20	5
Transactions and Proceedings of the American Philological Association	1953	homer	9	2
Transactions and Proceedings of the American Philological Association	1953	pindar	5	1
Transactions and Proceedings of the American Philological Association	1953	stephanus	59	9
Transactions and Proceedings of the American Philological Association	1954	ambiguous	51	10
Transactions and Proceedings of the American Philological Association	1954	bekker	8	5
Transactions and Proceedings of the American Philological Association	1954	homer	203	7
Transactions and Proceedings of the American Philological Association	1954	stephanus	33	8
Transactions and Proceedings of the American Philological Association	1955	ambiguous	92	12
Transactions and Proceedings of the American Philological Association	1955	bekker	38	9
Transactions and Proceedings of the American Philological Association	1955	homer	10	5
Transactions and Proceedings of the American Philological Association	1955	pindar	26	3
Transactions and Proceedings of the American Philological Association	1955	stephanus	77	13
Transactions and Proceedings of the American Philological Association	1956	ambiguous	10	5
Transactions and Proceedings of the American Philological Association	1956	bekker	1	1
Transactions and Proceedings of the American Philological Association	1956	homer	14	5
Transactions and Proceedings of the American Philological Association	1956	pindar	2	1
Transactions and Proceedings of the American Philological Association	1956	stephanus	9	5
Transactions and Proceedings of the American Philological Association	1957	ambiguous	113	10
Transactions and Proceedings of the American Philological Association	1957	bekker	14	4
Transactions and Proceedings of the American Philological Association	1957	homer	3	2
Transactions and Proceedings of the American Philological Association	1957	stephanus	105	7
Transactions and Proceedings of the American Philological Association	1958	ambiguous	69	13
Transactions and Proceedings of the American Philological Association	1958	bekker	121	4
Transactions and Proceedings of the American Philological Association	1958	homer	31	8
Transactions and Proceedings of the American Philological Association	1958	pindar	3	3
Transactions and Proceedings of the American Philological Association	1958	stephanus	17	12
Transactions and Proceedings of the American Philological Association	1959	ambiguous	29	8
Transactions and Proceedings of the American Philological Association	1959	bekker	36	3
Transactions and Proceedings of the American Philological Association	1959	homer	6	3
Transactions and Proceedings of the American Philological Association	1959	pindar	1	1
Transactions and Proceedings of the American Philological Association	1959	stephanus	21	8
Transactions and Proceedings of the American Philological Association	1960	ambiguous	63	10
Transactions and Proceedings of the American Philological Association	1960	bekker	1	1
Transactions and Proceedings of the American Philological Association	1960	homer	19	6
Transactions and Proceedings of the American Philological Association	1960	pindar	30	6
Transactions and Proceedings of the American Philological Association	1960	stephanus	23	8
Transactions and Proceedings of the American Philological Association	1961	ambiguous	116	20
Transactions and Proceedings of the American Philological Association	1961	bekker	39	5
Transactions and Proceedings of the American Philological Association	1961	homer	62	6
Transactions and Proceedings of the American Philological Association	1961	pindar	2	2
Transactions and Proceedings of the American Philological Association	1961	stephanus	130	15
Transactions and Proceedings of the American Philological Association	1962	ambiguous	97	19
Transactions and Proceedings of the American Philological Association	1962	bekker	15	7
Transactions and Proceedings of the American Philological Association	1962	homer	26	8
Transactions and Proceedings of the American Philological Association	1962	pindar	13	3
Transactions and Proceedings of the American Philological Association	1962	stephanus	69	13
Transactions and Proceedings of the American Philological Association	1963	ambiguous	36	11
Transactions and Proceedings of the American Philological Association	1963	bekker	8	5
Transactions and Proceedings of the American Philological Association	1963	homer	28	5
Transactions and Proceedings of the American Philological Association	1963	stephanus	8	3
Transactions and Proceedings of the American Philological Association	1964	ambiguous	82	12
Transactions and Proceedings of the American Philological Association	1964	bekker	36	5
Transactions and Proceedings of the American Philological Association	1964	homer	21	3
Transactions and Proceedings of the American Philological Association	1964	stephanus	38	10
Transactions and Proceedings of the American Philological Association	1965	ambiguous	73	13
Transactions and Proceedings of the American Philological Association	1965	bekker	24	8
Transactions and Proceedings of the American Philological Association	1965	homer	20	7
Transactions and Proceedings of the American Philological Association	1965	pindar	35	5
Transactions and Proceedings of the American Philological Association	1965	stephanus	67	10
Transactions and Proceedings of the American Philological Association	1966	ambiguous	67	13
Transactions and Proceedings of the American Philological Association	1966	bekker	2	1
Transactions and Proceedings of the American Philological Association	1966	homer	122	11
Transactions and Proceedings of the American Philological Association	1966	pindar	16	3
Transactions and Proceedings of the American Philological Association	1966	stephanus	57	14
Transactions and Proceedings of the American Philological Association	1967	ambiguous	87	16
Transactions and Proceedings of the American Philological Association	1967	bekker	5	3
Transactions and Proceedings of the American Philological Association	1967	homer	52	9
Transactions and Proceedings of the American Philological Association	1967	nt	1	1
Transactions and Proceedings of the American Philological Association	1967	pindar	15	4
Transactions and Proceedings of the American Philological Association	1967	stephanus	78	13
Transactions and Proceedings of the American Philological Association	1968	ambiguous	91	16
Transactions and Proceedings of the American Philological Association	1968	bekker	6	2
Transactions and Proceedings of the American Philological Association	1968	homer	13	8
Transactions and Proceedings of the American Philological Association	1968	pindar	44	4
Transactions and Proceedings of the American Philological Association	1968	stephanus	54	11
Transactions and Proceedings of the American Philological Association	1969	ambiguous	70	16
Transactions and Proceedings of the American Philological Association	1969	bekker	7	5
Transactions and Proceedings of the American Philological Association	1969	homer	16	8
Transactions and Proceedings of the American Philological Association	1969	pindar	2	1
Transactions and Proceedings of the American Philological Association	1969	stephanus	94	11
Transactions and Proceedings of the American Philological Association	1970	ambiguous	33	15
Transactions and Proceedings of the American Philological Association	1970	homer	17	12
Transactions and Proceedings of the American Philological Association	1970	pindar	8	2
Transactions and Proceedings of the American Philological Association	1970	stephanus	31	10
Transactions and Proceedings of the American Philological Association	1971	ambiguous	30	5
Transactions and Proceedings of the American Philological Association	1971	bekker	3	3
Transactions and Proceedings of the American Philological Association	1971	homer	39	9
Transactions and Proceedings of the American Philological Association	1971	stephanus	5	4
Transactions and Proceedings of the American Philological Association	1972	ambiguous	210	17
Transactions and Proceedings of the American Philological Association	1972	bekker	4	1
Transactions and Proceedings of the American Philological Association	1972	homer	27	10
Transactions and Proceedings of the American Philological Association	1972	pindar	22	5
Transactions and Proceedings of the American Philological Association	1972	stephanus	46	13
Transactions of the American Philological Association (1869-1896)	1872	ambiguous	15	2
Transactions of the American Philological Association (1869-1896)	1872	homer	1	1
Transactions of the American Philological Association (1869-1896)	1872	stephanus	13	6
Transactions of the American Philological Association (1869-1896)	1873	ambiguous	4	2
Transactions of the American Philological Association (1869-1896)	1873	stephanus	8	5
Transactions of the American Philological Association (1869-1896)	1874	ambiguous	2	2
Transactions of the American Philological Association (1869-1896)	1874	homer	3	1
Transactions of the American Philological Association (1869-1896)	1874	stephanus	3	3
Transactions of the American Philological Association (1869-1896)	1875	homer	1	1
Transactions of the American Philological Association (1869-1896)	1875	stephanus	4	3
Transactions of the American Philological Association (1869-1896)	1876	ambiguous	3	2
Transactions of the American Philological Association (1869-1896)	1876	homer	1	1
Transactions of the American Philological Association (1869-1896)	1876	stephanus	1	1
Transactions of the American Philological Association (1869-1896)	1877	stephanus	2	2
Transactions of the American Philological Association (1869-1896)	1878	ambiguous	1	1
Transactions of the American Philological Association (1869-1896)	1878	homer	6	3
Transactions of the American Philological Association (1869-1896)	1878	stephanus	8	2
Transactions of the American Philological Association (1869-1896)	1879	ambiguous	4	3
Transactions of the American Philological Association (1869-1896)	1879	homer	7	3
Transactions of the American Philological Association (1869-1896)	1879	stephanus	15	6
Transactions of the American Philological Association (1869-1896)	1880	homer	3	2
Transactions of the American Philological Association (1869-1896)	1880	stephanus	1	1
Transactions of the American Philological Association (1869-1896)	1881	ambiguous	1	1
Transactions of the American Philological Association (1869-1896)	1881	stephanus	4	1
Transactions of the American Philological Association (1869-1896)	1882	ambiguous	3	1
Transactions of the American Philological Association (1869-1896)	1882	stephanus	3	2
Transactions of the American Philological Association (1869-1896)	1883	ambiguous	2	1
Transactions of the American Philological Association (1869-1896)	1883	stephanus	1	1
Transactions of the American Philological Association (1869-1896)	1884	homer	1	1
Transactions of the American Philological Association (1869-1896)	1884	stephanus	2	2
Transactions of the American Philological Association (1869-1896)	1885	ambiguous	108	3
Transactions of the American Philological Association (1869-1896)	1885	stephanus	13	7
Transactions of the American Philological Association (1869-1896)	1886	ambiguous	4	2
Transactions of the American Philological Association (1869-1896)	1886	bekker	1	1
Transactions of the American Philological Association (1869-1896)	1886	homer	3	1
Transactions of the American Philological Association (1869-1896)	1886	stephanus	5	2
Transactions of the American Philological Association (1869-1896)	1887	ambiguous	3	2
Transactions of the American Philological Association (1869-1896)	1887	stephanus	2	2
Transactions of the American Philological Association (1869-1896)	1888	homer	1	1
Transactions of the American Philological Association (1869-1896)	1888	stephanus	1	1
Transactions of the American Philological Association (1869-1896)	1889	ambiguous	50	2
Transactions of the American Philological Association (1869-1896)	1889	stephanus	1	1
Transactions of the American Philological Association (1869-1896)	1890	ambiguous	1	1
Transactions of the American Philological Association (1869-1896)	1890	stephanus	2	2
Transactions of the American Philological Association (1869-1896)	1891	ambiguous	1	1
Transactions of the American Philological Association (1869-1896)	1891	homer	4	2
Transactions of the American Philological Association (1869-1896)	1891	stephanus	3	2
Transactions of the American Philological Association (1869-1896)	1892	ambiguous	5	2
Transactions of the American Philological Association (1869-1896)	1892	bekker	1	1
Transactions of the American Philological Association (1869-1896)	1892	homer	14	2
Transactions of the American Philological Association (1869-1896)	1892	stephanus	5	2
Transactions of the American Philological Association (1869-1896)	1893	ambiguous	1	1
Transactions of the American Philological Association (1869-1896)	1893	homer	4	1
Transactions of the American Philological Association (1869-1896)	1893	stephanus	2	2
Transactions of the American Philological Association (1869-1896)	1894	ambiguous	3	2
Transactions of the American Philological Association (1869-1896)	1894	homer	2	1
Transactions of the American Philological Association (1869-1896)	1894	stephanus	3	2
Transactions of the American Philological Association (1869-1896)	1895	ambiguous	4	1
Transactions of the American Philological Association (1869-1896)	1895	bekker	4	1
Transactions of the American Philological Association (1869-1896)	1895	homer	1	1
Transactions of the American Philological Association (1869-1896)	1895	stephanus	3	3
Transactions of the American Philological Association (1869-1896)	1896	stephanus	2	2
Transactions of the American Philological Association (1974-2014)	1974	ambiguous	63	10
Transactions of the American Philological Association (1974-2014)	1974	homer	47	9
Transactions of the American Philological Association (1974-2014)	1974	pindar	5	1
Transactions of the American Philological Association (1974-2014)	1974	stephanus	25	9
Transactions of the American Philological Association (1974-2014)	1975	ambiguous	31	10
Transactions of the American Philological Association (1974-2014)	1975	bekker	2	2
Transactions of the American Philological Association (1974-2014)	1975	homer	29	3
Transactions of the American Philological Association (1974-2014)	1975	pindar	2	1
Transactions of the American Philological Association (1974-2014)	1975	stephanus	9	5
Transactions of the American Philological Association (1974-2014)	1976	ambiguous	23	9
Transactions of the American Philological Association (1974-2014)	1976	bekker	2	1
Transactions of the American Philological Association (1974-2014)	1976	homer	8	4
Transactions of the American Philological Association (1974-2014)	1976	pindar	1	1
Transactions of the American Philological Association (1974-2014)	1976	stephanus	27	5
Transactions of the American Philological Association (1974-2014)	1977	ambiguous	19	6
Transactions of the American Philological Association (1974-2014)	1977	bekker	3	1
Transactions of the American Philological Association (1974-2014)	1977	homer	24	8
Transactions of the American Philological Association (1974-2014)	1977	pindar	24	2
Transactions of the American Philological Association (1974-2014)	1977	stephanus	12	5
Transactions of the American Philological Association (1974-2014)	1978	ambiguous	36	13
Transactions of the American Philological Association (1974-2014)	1978	bekker	10	3
Transactions of the American Philological Association (1974-2014)	1978	homer	18	5
Transactions of the American Philological Association (1974-2014)	1978	pindar	26	2
Transactions of the American Philological Association (1974-2014)	1978	stephanus	20	9
Transactions of the American Philological Association (1974-2014)	1979	ambiguous	56	12
Transactions of the American Philological Association (1974-2014)	1979	bekker	5	4
Transactions of the American Philological Association (1974-2014)	1979	homer	124	10
Transactions of the American Philological Association (1974-2014)	1979	pindar	4	2
Transactions of the American Philological Association (1974-2014)	1979	stephanus	108	10
Transactions of the American Philological Association (1974-2014)	1980	ambiguous	59	10
Transactions of the American Philological Association (1974-2014)	1980	bekker	8	4
Transactions of the American Philological Association (1974-2014)	1980	homer	64	6
Transactions of the American Philological Association (1974-2014)	1980	pindar	2	2
Transactions of the American Philological Association (1974-2014)	1980	stephanus	17	7
Transactions of the American Philological Association (1974-2014)	1981	ambiguous	88	8
Transactions of the American Philological Association (1974-2014)	1981	bekker	48	6
Transactions of the American Philological Association (1974-2014)	1981	homer	12	4
Transactions of the American Philological Association (1974-2014)	1981	pindar	80	3
Transactions of the American Philological Association (1974-2014)	1981	stephanus	42	6
Transactions of the American Philological Association (1974-2014)	1982	ambiguous	29	8
Transactions of the American Philological Association (1974-2014)	1982	bekker	3	3
Transactions of the American Philological Association (1974-2014)	1982	homer	52	8
Transactions of the American Philological Association (1974-2014)	1982	pindar	37	2
Transactions of the American Philological Association (1974-2014)	1982	stephanus	31	6
Transactions of the American Philological Association (1974-2014)	1983	ambiguous	79	12
Transactions of the American Philological Association (1974-2014)	1983	bekker	5	2
Transactions of the American Philological Association (1974-2014)	1983	homer	66	12
Transactions of the American Philological Association (1974-2014)	1983	pindar	12	3
Transactions of the American Philological Association (1974-2014)	1983	stephanus	23	10
Transactions of the American Philological Association (1974-2014)	1984	ambiguous	208	12
Transactions of the American Philological Association (1974-2014)	1984	bekker	101	7
Transactions of the American Philological Association (1974-2014)	1984	homer	61	9
Transactions of the American Philological Association (1974-2014)	1984	pindar	2	2
Transactions of the American Philological Association (1974-2014)	1984	stephanus	189	12
Transactions of the American Philological Association (1974-2014)	1985	ambiguous	86	9
Transactions of the American Philological Association (1974-2014)	1985	bekker	6	4
Transactions of the American Philological Association (1974-2014)	1985	homer	18	7
Transactions of the American Philological Association (1974-2014)	1985	stephanus	105	6
Transactions of the American Philological Association (1974-2014)	1986	ambiguous	41	9
Transactions of the American Philological Association (1974-2014)	1986	bekker	29	5
Transactions of the American Philological Association (1974-2014)	1986	homer	79	7
Transactions of the American Philological Association (1974-2014)	1986	pindar	15	2
Transactions of the American Philological Association (1974-2014)	1986	stephanus	34	7
Transactions of the American Philological Association (1974-2014)	1987	ambiguous	23	7
Transactions of the American Philological Association (1974-2014)	1987	bekker	5	3
Transactions of the American Philological Association (1974-2014)	1987	homer	33	9
Transactions of the American Philological Association (1974-2014)	1987	pindar	70	3
Transactions of the American Philological Association (1974-2014)	1987	stephanus	24	9
Transactions of the American Philological Association (1974-2014)	1988	ambiguous	59	13
Transactions of the American Philological Association (1974-2014)	1988	bekker	20	10
Transactions of the American Philological Association (1974-2014)	1988	homer	23	5
Transactions of the American Philological Association (1974-2014)	1988	pindar	2	2
Transactions of the American Philological Association (1974-2014)	1988	stephanus	35	9
Transactions of the American Philological Association (1974-2014)	1989	ambiguous	81	14
Transactions of the American Philological Association (1974-2014)	1989	bekker	64	6
Transactions of the American Philological Association (1974-2014)	1989	homer	39	9
Transactions of the American Philological Association (1974-2014)	1989	pindar	9	3
Transactions of the American Philological Association (1974-2014)	1989	stephanus	43	9
Transactions of the American Philological Association (1974-2014)	1990	ambiguous	23	9
Transactions of the American Philological Association (1974-2014)	1990	bekker	11	5
Transactions of the American Philological Association (1974-2014)	1990	homer	108	6
Transactions of the American Philological Association (1974-2014)	1990	pindar	67	4
Transactions of the American Philological Association (1974-2014)	1990	stephanus	14	6
Transactions of the American Philological Association (1974-2014)	1991	ambiguous	94	13
Transactions of the American Philological Association (1974-2014)	1991	bekker	14	6
Transactions of the American Philological Association (1974-2014)	1991	homer	25	6
Transactions of the American Philological Association (1974-2014)	1991	pindar	18	5
Transactions of the American Philological Association (1974-2014)	1991	stephanus	52	14
Transactions of the American Philological Association (1974-2014)	1992	ambiguous	35	11
Transactions of the American Philological Association (1974-2014)	1992	bekker	31	7
Transactions of the American Philological Association (1974-2014)	1992	homer	61	10
Transactions of the American Philological Association (1974-2014)	1992	pindar	5	1
Transactions of the American Philological Association (1974-2014)	1992	stephanus	33	10
Transactions of the American Philological Association (1974-2014)	1993	ambiguous	74	12
Transactions of the American Philological Association (1974-2014)	1993	bekker	36	7
Transactions of the American Philological Association (1974-2014)	1993	homer	207	7
Transactions of the American Philological Association (1974-2014)	1993	pindar	2	1
Transactions of the American Philological Association (1974-2014)	1993	stephanus	60	8
Transactions of the American Philological Association (1974-2014)	1994	ambiguous	99	11
Transactions of the American Philological Association (1974-2014)	1994	bekker	9	3
Transactions of the American Philological Association (1974-2014)	1994	homer	12	7
Transactions of the American Philological Association (1974-2014)	1994	pindar	5	2
Transactions of the American Philological Association (1974-2014)	1994	stephanus	61	8
Transactions of the American Philological Association (1974-2014)	1995	ambiguous	35	8
Transactions of the American Philological Association (1974-2014)	1995	bekker	15	7
Transactions of the American Philological Association (1974-2014)	1995	homer	21	4
Transactions of the American Philological Association (1974-2014)	1995	pindar	5	2
Transactions of the American Philological Association (1974-2014)	1995	stephanus	17	5
Transactions of the American Philological Association (1974-2014)	1996	ambiguous	37	9
Transactions of the American Philological Association (1974-2014)	1996	bekker	60	5
Transactions of the American Philological Association (1974-2014)	1996	homer	18	5
Transactions of the American Philological Association (1974-2014)	1996	pindar	1	1
Transactions of the American Philological Association (1974-2014)	1996	stephanus	23	6
Transactions of the American Philological Association (1974-2014)	1997	ambiguous	50	10
Transactions of the American Philological Association (1974-2014)	1997	bekker	61	8
Transactions of the American Philological Association (1974-2014)	1997	homer	16	4
Transactions of the American Philological Association (1974-2014)	1997	stephanus	38	9
Transactions of the American Philological Association (1974-2014)	1998	ambiguous	43	10
Transactions of the American Philological Association (1974-2014)	1998	bekker	59	9
Transactions of the American Philological Association (1974-2014)	1998	homer	26	4
Transactions of the American Philological Association (1974-2014)	1998	nt	1	1
Transactions of the American Philological Association (1974-2014)	1998	pindar	3	2
Transactions of the American Philological Association (1974-2014)	1998	stephanus	27	6
Transactions of the American Philological Association (1974-2014)	1999	ambiguous	14	7
Transactions of the American Philological Association (1974-2014)	1999	bekker	67	9
Transactions of the American Philological Association (1974-2014)	1999	homer	36	2
Transactions of the American Philological Association (1974-2014)	1999	stephanus	21	7
Transactions of the American Philological Association (1974-2014)	2000	ambiguous	77	14
Transactions of the American Philological Association (1974-2014)	2000	bekker	51	9
Transactions of the American Philological Association (1974-2014)	2000	homer	19	5
Transactions of the American Philological Association (1974-2014)	2000	stephanus	71	11
Transactions of the American Philological Association (1974-2014)	2001	ambiguous	31	4
Transactions of the American Philological Association (1974-2014)	2001	bekker	26	3
Transactions of the American Philological Association (1974-2014)	2001	homer	22	6
Transactions of the American Philological Association (1974-2014)	2001	pindar	1	1
Transactions of the American Philological Association (1974-2014)	2001	stephanus	50	7
Transactions of the American Philological Association (1974-2014)	2002	ambiguous	11	5
Transactions of the American Philological Association (1974-2014)	2002	bekker	11	5
Transactions of the American Philological Association (1974-2014)	2002	homer	4	1
Transactions of the American Philological Association (1974-2014)	2002	stephanus	7	2
Transactions of the American Philological Association (1974-2014)	2003	ambiguous	185	9
Transactions of the American Philological Association (1974-2014)	2003	bekker	43	5
Transactions of the American Philological Association (1974-2014)	2003	homer	43	7
Transactions of the American Philological Association (1974-2014)	2003	pindar	1	1
Transactions of the American Philological Association (1974-2014)	2003	stephanus	163	8
Transactions of the American Philological Association (1974-2014)	2004	ambiguous	86	10
Transactions of the American Philological Association (1974-2014)	2004	bekker	112	7
Transactions of the American Philological Association (1974-2014)	2004	homer	39	2
Transactions of the American Philological Association (1974-2014)	2004	stephanus	49	8
Transactions of the American Philological Association (1974-2014)	2005	ambiguous	24	8
Transactions of the American Philological Association (1974-2014)	2005	bekker	68	11
Transactions of the American Philological Association (1974-2014)	2005	homer	21	3
Transactions of the American Philological Association (1974-2014)	2005	stephanus	8	6
Transactions of the American Philological Association (1974-2014)	2006	ambiguous	67	7
Transactions of the American Philological Association (1974-2014)	2006	bekker	195	8
Transactions of the American Philological Association (1974-2014)	2006	homer	74	7
Transactions of the American Philological Association (1974-2014)	2006	pindar	7	1
Transactions of the American Philological Association (1974-2014)	2006	stephanus	19	4
Transactions of the American Philological Association (1974-2014)	2007	ambiguous	69	12
Transactions of the American Philological Association (1974-2014)	2007	bekker	88	8
Transactions of the American Philological Association (1974-2014)	2007	homer	78	9
Transactions of the American Philological Association (1974-2014)	2007	stephanus	39	8
Transactions of the American Philological Association (1974-2014)	2008	ambiguous	28	9
Transactions of the American Philological Association (1974-2014)	2008	bekker	84	9
Transactions of the American Philological Association (1974-2014)	2008	homer	73	9
Transactions of the American Philological Association (1974-2014)	2008	pindar	1	1
Transactions of the American Philological Association (1974-2014)	2008	stephanus	21	6
Transactions of the American Philological Association (1974-2014)	2009	ambiguous	37	13
Transactions of the American Philological Association (1974-2014)	2009	bekker	80	11
Transactions of the American Philological Association (1974-2014)	2009	homer	28	6
Transactions of the American Philological Association (1974-2014)	2009	pindar	5	4
Transactions of the American Philological Association (1974-2014)	2009	stephanus	49	9
Transactions of the American Philological Association (1974-2014)	2010	ambiguous	80	10
Transactions of the American Philological Association (1974-2014)	2010	bekker	119	10
Transactions of the American Philological Association (1974-2014)	2010	homer	120	8
Transactions of the American Philological Association (1974-2014)	2010	nt	1	1
Transactions of the American Philological Association (1974-2014)	2010	pindar	25	5
Transactions of the American Philological Association (1974-2014)	2010	stephanus	57	5
Transactions of the American Philological Association (1974-2014)	2011	ambiguous	34	7
Transactions of the American Philological Association (1974-2014)	2011	bekker	47	7
Transactions of the American Philological Association (1974-2014)	2011	homer	48	6
Transactions of the American Philological Association (1974-2014)	2011	pindar	1	1
Transactions of the American Philological Association (1974-2014)	2011	stephanus	15	6
Transactions of the American Philological Association (1974-2014)	2012	ambiguous	69	12
Transactions of the American Philological Association (1974-2014)	2012	bekker	114	11
Transactions of the American Philological Association (1974-2014)	2012	homer	99	7
Transactions of the American Philological Association (1974-2014)	2012	pindar	4	3
Transactions of the American Philological Association (1974-2014)	2012	stephanus	40	10
Transactions of the American Philological Association (1974-2014)	2013	ambiguous	28	9
Transactions of the American Philological Association (1974-2014)	2013	bekker	65	9
Transactions of the American Philological Association (1974-2014)	2013	homer	38	8
Transactions of the American Philological Association (1974-2014)	2013	pindar	31	3
Transactions of the American Philological Association (1974-2014)	2013	stephanus	32	9
Transactions of the American Philological Association (1974-2014)	2014	ambiguous	91	8
Transactions of the American Philological Association (1974-2014)	2014	bekker	116	10
Transactions of the American Philological Association (1974-2014)	2014	homer	6	3
Transactions of the American Philological Association (1974-2014)	2014	pindar	13	3
Transactions of the American Philological Association (1974-2014)	2014	stephanus	34	8
Vigiliae Christianae	1947	ambiguous	19	7
Vigiliae Christianae	1947	nt	1	1
Vigiliae Christianae	1947	stephanus	3	3
Vigiliae Christianae	1948	ambiguous	15	10
Vigiliae Christianae	1948	bekker	1	1
Vigiliae Christianae	1948	nt	5	1
Vigiliae Christianae	1948	stephanus	3	3
Vigiliae Christianae	1949	ambiguous	25	7
Vigiliae Christianae	1949	homer	1	1
Vigiliae Christianae	1949	stephanus	10	5
Vigiliae Christianae	1950	ambiguous	5	3
Vigiliae Christianae	1950	bekker	2	1
Vigiliae Christianae	1950	stephanus	5	3
Vigiliae Christianae	1951	ambiguous	46	7
Vigiliae Christianae	1951	bekker	7	5
Vigiliae Christianae	1951	stephanus	51	6
Vigiliae Christianae	1952	ambiguous	13	6
Vigiliae Christianae	1952	stephanus	4	3
Vigiliae Christianae	1953	ambiguous	26	9
Vigiliae Christianae	1953	bekker	3	2
Vigiliae Christianae	1953	stephanus	6	5
Vigiliae Christianae	1954	ambiguous	11	6
Vigiliae Christianae	1954	bekker	2	2
Vigiliae Christianae	1954	stephanus	11	4
Vigiliae Christianae	1955	ambiguous	85	6
Vigiliae Christianae	1955	bekker	3	3
Vigiliae Christianae	1955	homer	1	1
Vigiliae Christianae	1955	stephanus	14	3
Vigiliae Christianae	1956	ambiguous	16	8
Vigiliae Christianae	1956	bekker	13	1
Vigiliae Christianae	1956	nt	2	2
Vigiliae Christianae	1956	stephanus	6	3
Vigiliae Christianae	1957	ambiguous	63	16
Vigiliae Christianae	1957	stephanus	16	4
Vigiliae Christianae	1958	ambiguous	24	7
Vigiliae Christianae	1958	homer	3	2
Vigiliae Christianae	1958	stephanus	7	6
Vigiliae Christianae	1959	ambiguous	9	7
Vigiliae Christianae	1959	bekker	3	2
Vigiliae Christianae	1959	nt	1	1
Vigiliae Christianae	1959	stephanus	6	4
Vigiliae Christianae	1960	ambiguous	46	9
Vigiliae Christianae	1960	bekker	6	2
Vigiliae Christianae	1960	nt	4	1
Vigiliae Christianae	1960	stephanus	28	6
Vigiliae Christianae	1961	ambiguous	25	8
Vigiliae Christianae	1961	nt	6	1
Vigiliae Christianae	1961	stephanus	5	4
Vigiliae Christianae	1962	ambiguous	28	10
Vigiliae Christianae	1962	bekker	5	2
Vigiliae Christianae	1962	nt	3	1
Vigiliae Christianae	1962	stephanus	24	7
Vigiliae Christianae	1963	ambiguous	12	7
Vigiliae Christianae	1963	bekker	4	2
Vigiliae Christianae	1963	homer	1	1
Vigiliae Christianae	1963	stephanus	15	5
Vigiliae Christianae	1964	ambiguous	20	4
Vigiliae Christianae	1964	bekker	7	3
Vigiliae Christianae	1964	homer	1	1
Vigiliae Christianae	1964	nt	1	1
Vigiliae Christianae	1964	stephanus	16	4
Vigiliae Christianae	1965	ambiguous	19	6
Vigiliae Christianae	1965	stephanus	17	7
Vigiliae Christianae	1966	ambiguous	20	7
Vigiliae Christianae	1966	bekker	2	1
Vigiliae Christianae	1966	homer	1	1
Vigiliae Christianae	1966	nt	7	2
Vigiliae Christianae	1966	stephanus	10	4
Vigiliae Christianae	1967	ambiguous	20	10
Vigiliae Christianae	1967	nt	1	1
Vigiliae Christianae	1967	stephanus	10	7
Vigiliae Christianae	1968	ambiguous	119	12
Vigiliae Christianae	1968	bekker	13	6
Vigiliae Christianae	1968	nt	1	1
Vigiliae Christianae	1968	stephanus	75	8
Vigiliae Christianae	1969	ambiguous	35	6
Vigiliae Christianae	1969	bekker	1	1
Vigiliae Christianae	1969	nt	4	1
Vigiliae Christianae	1969	stephanus	15	5
Vigiliae Christianae	1970	ambiguous	197	10
Vigiliae Christianae	1970	bekker	2	2
Vigiliae Christianae	1970	homer	3	1
Vigiliae Christianae	1970	nt	1	1
Vigiliae Christianae	1970	stephanus	21	5
Vigiliae Christianae	1971	ambiguous	49	17
Vigiliae Christianae	1971	homer	2	2
Vigiliae Christianae	1971	stephanus	14	7
Vigiliae Christianae	1972	ambiguous	46	14
Vigiliae Christianae	1972	bekker	1	1
Vigiliae Christianae	1972	stephanus	33	10
Vigiliae Christianae	1973	ambiguous	43	7
Vigiliae Christianae	1973	homer	3	2
Vigiliae Christianae	1973	nt	4	1
Vigiliae Christianae	1973	stephanus	17	7
Vigiliae Christianae	1974	ambiguous	40	13
Vigiliae Christianae	1974	bekker	3	2
Vigiliae Christianae	1974	homer	2	2
Vigiliae Christianae	1974	stephanus	11	6
Vigiliae Christianae	1975	ambiguous	105	17
Vigiliae Christianae	1975	bekker	18	6
Vigiliae Christianae	1975	homer	16	1
Vigiliae Christianae	1975	stephanus	86	8
Vigiliae Christianae	1976	ambiguous	92	16
Vigiliae Christianae	1976	bekker	20	7
Vigiliae Christianae	1976	homer	1	1
Vigiliae Christianae	1976	stephanus	57	9
Vigiliae Christianae	1977	ambiguous	56	15
Vigiliae Christianae	1977	bekker	6	2
Vigiliae Christianae	1977	homer	1	1
Vigiliae Christianae	1977	stephanus	30	8
Vigiliae Christianae	1978	ambiguous	60	7
Vigiliae Christianae	1978	bekker	2	1
Vigiliae Christianae	1978	homer	1	1
Vigiliae Christianae	1978	stephanus	10	4
Vigiliae Christianae	1979	ambiguous	52	23
Vigiliae Christianae	1979	bekker	3	1
Vigiliae Christianae	1979	homer	11	2
Vigiliae Christianae	1979	nt	11	1
Vigiliae Christianae	1979	stephanus	19	11
Vigiliae Christianae	1980	ambiguous	150	21
Vigiliae Christianae	1980	bekker	17	7
Vigiliae Christianae	1980	homer	4	3
Vigiliae Christianae	1980	nt	14	3
Vigiliae Christianae	1980	stephanus	117	9
Vigiliae Christianae	1981	ambiguous	90	15
Vigiliae Christianae	1981	bekker	5	4
Vigiliae Christianae	1981	homer	1	1
Vigiliae Christianae	1981	nt	6	2
Vigiliae Christianae	1981	stephanus	56	14
Vigiliae Christianae	1982	ambiguous	46	15
Vigiliae Christianae	1982	bekker	15	3
Vigiliae Christianae	1982	homer	2	2
Vigiliae Christianae	1982	nt	23	8
Vigiliae Christianae	1982	stephanus	18	11
Vigiliae Christianae	1983	ambiguous	94	13
Vigiliae Christianae	1983	bekker	17	3
Vigiliae Christianae	1983	nt	20	5
Vigiliae Christianae	1983	stephanus	67	10
Vigiliae Christianae	1984	ambiguous	57	8
Vigiliae Christianae	1984	bekker	4	2
Vigiliae Christianae	1984	homer	1	1
Vigiliae Christianae	1984	nt	73	5
Vigiliae Christianae	1984	stephanus	19	6
Vigiliae Christianae	1985	ambiguous	74	13
Vigiliae Christianae	1985	bekker	8	2
Vigiliae Christianae	1985	homer	7	2
Vigiliae Christianae	1985	nt	3	1
Vigiliae Christianae	1985	stephanus	53	10
Vigiliae Christianae	1986	ambiguous	223	17
Vigiliae Christianae	1986	bekker	13	4
Vigiliae Christianae	1986	homer	5	3
Vigiliae Christianae	1986	nt	47	7
Vigiliae Christianae	1986	stephanus	145	15
Vigiliae Christianae	1987	ambiguous	131	13
Vigiliae Christianae	1987	homer	14	3
Vigiliae Christianae	1987	nt	51	5
Vigiliae Christianae	1987	stephanus	84	9
Vigiliae Christianae	1988	ambiguous	59	19
Vigiliae Christianae	1988	bekker	6	4
Vigiliae Christianae	1988	nt	67	5
Vigiliae Christianae	1988	stephanus	58	13
Vigiliae Christianae	1989	ambiguous	59	16
Vigiliae Christianae	1989	bekker	9	5
Vigiliae Christianae	1989	nt	20	4
Vigiliae Christianae	1989	stephanus	16	7
Vigiliae Christianae	1990	ambiguous	97	21
Vigiliae Christianae	1990	bekker	19	5
Vigiliae Christianae	1990	homer	3	3
Vigiliae Christianae	1990	nt	9	2
Vigiliae Christianae	1990	stephanus	51	10
Vigiliae Christianae	1991	ambiguous	58	30
Vigiliae Christianae	1991	bekker	1	1
Vigiliae Christianae	1991	homer	1	1
Vigiliae Christianae	1991	nt	20	4
Vigiliae Christianae	1991	stephanus	8	4
Vigiliae Christianae	1992	ambiguous	145	28
Vigiliae Christianae	1992	bekker	34	6
Vigiliae Christianae	1992	nt	14	6
Vigiliae Christianae	1992	pindar	2	1
Vigiliae Christianae	1992	stephanus	56	15
Vigiliae Christianae	1993	ambiguous	35	16
Vigiliae Christianae	1993	bekker	6	3
Vigiliae Christianae	1993	nt	39	3
Vigiliae Christianae	1993	stephanus	13	6
Vigiliae Christianae	1994	ambiguous	35	9
Vigiliae Christianae	1994	bekker	13	3
Vigiliae Christianae	1994	homer	5	3
Vigiliae Christianae	1994	nt	19	2
Vigiliae Christianae	1994	stephanus	33	13
Vigiliae Christianae	1995	ambiguous	52	15
Vigiliae Christianae	1995	bekker	1	1
Vigiliae Christianae	1995	nt	12	1
Vigiliae Christianae	1995	stephanus	44	14
Vigiliae Christianae	1996	ambiguous	109	17
Vigiliae Christianae	1996	bekker	16	4
Vigiliae Christianae	1996	homer	1	1
Vigiliae Christianae	1996	nt	15	4
Vigiliae Christianae	1996	stephanus	51	8
Vigiliae Christianae	1997	ambiguous	69	20
Vigiliae Christianae	1997	bekker	1	1
Vigiliae Christianae	1997	homer	1	1
Vigiliae Christianae	1997	nt	18	6
Vigiliae Christianae	1997	stephanus	21	8
Vigiliae Christianae	1998	ambiguous	122	13
Vigiliae Christianae	1998	bekker	9	3
Vigiliae Christianae	1998	nt	85	8
Vigiliae Christianae	1998	stephanus	32	7
Vigiliae Christianae	1999	ambiguous	44	13
Vigiliae Christianae	1999	bekker	6	2
Vigiliae Christianae	1999	homer	1	1
Vigiliae Christianae	1999	nt	98	5
Vigiliae Christianae	1999	stephanus	7	5
Vigiliae Christianae	2000	ambiguous	77	18
Vigiliae Christianae	2000	bekker	25	5
Vigiliae Christianae	2000	homer	2	2
Vigiliae Christianae	2000	nt	28	4
Vigiliae Christianae	2000	stephanus	29	8
Vigiliae Christianae	2001	ambiguous	31	12
Vigiliae Christianae	2001	bekker	19	2
Vigiliae Christianae	2001	homer	12	1
Vigiliae Christianae	2001	nt	18	5
Vigiliae Christianae	2001	stephanus	13	6
Vigiliae Christianae	2002	ambiguous	212	10
Vigiliae Christianae	2002	bekker	16	4
Vigiliae Christianae	2002	homer	4	1
Vigiliae Christianae	2002	nt	4	3
Vigiliae Christianae	2002	stephanus	62	11
Vigiliae Christianae	2003	ambiguous	100	13
Vigiliae Christianae	2003	bekker	4	1
Vigiliae Christianae	2003	homer	2	2
Vigiliae Christianae	2003	nt	12	5
Vigiliae Christianae	2003	stephanus	15	8
Vigiliae Christianae	2004	ambiguous	53	17
Vigiliae Christianae	2004	bekker	10	2
Vigiliae Christianae	2004	homer	3	2
Vigiliae Christianae	2004	nt	258	4
Vigiliae Christianae	2004	stephanus	21	11
Vigiliae Christianae	2005	ambiguous	49	9
Vigiliae Christianae	2005	bekker	12	6
Vigiliae Christianae	2005	homer	2	2
Vigiliae Christianae	2005	nt	47	6
Vigiliae Christianae	2005	stephanus	25	13
Vigiliae Christianae	2006	ambiguous	180	15
Vigiliae Christianae	2006	bekker	12	3
Vigiliae Christianae	2006	nt	9	5
Vigiliae Christianae	2006	stephanus	114	11
Vigiliae Christianae	2007	ambiguous	84	12
Vigiliae Christianae	2007	bekker	12	2
Vigiliae Christianae	2007	homer	2	1
Vigiliae Christianae	2007	nt	108	9
Vigiliae Christianae	2007	stephanus	38	8
Vigiliae Christianae	2008	ambiguous	226	12
Vigiliae Christianae	2008	bekker	17	4
Vigiliae Christianae	2008	nt	9	4
Vigiliae Christianae	2008	stephanus	85	9
Vigiliae Christianae	2009	ambiguous	53	10
Vigiliae Christianae	2009	bekker	3	1
Vigiliae Christianae	2009	homer	1	1
Vigiliae Christianae	2009	nt	66	9
Vigiliae Christianae	2009	stephanus	33	9
Vigiliae Christianae	2010	ambiguous	116	18
Vigiliae Christianae	2010	bekker	13	3
Vigiliae Christianae	2010	homer	1	1
Vigiliae Christianae	2010	nt	17	5
Vigiliae Christianae	2010	stephanus	62	12
Vigiliae Christianae	2011	ambiguous	90	18
Vigiliae Christianae	2011	bekker	58	4
Vigiliae Christianae	2011	homer	4	2
Vigiliae Christianae	2011	nt	54	10
Vigiliae Christianae	2011	stephanus	39	10
Vigiliae Christianae	2012	ambiguous	65	13
Vigiliae Christianae	2012	homer	1	1
Vigiliae Christianae	2012	nt	133	12
Vigiliae Christianae	2012	stephanus	56	9
Vigiliae Christianae	2013	ambiguous	125	14
Vigiliae Christianae	2013	bekker	5	2
Vigiliae Christianae	2013	nt	72	7
Vigiliae Christianae	2013	stephanus	102	9
Vigiliae Christianae	2014	ambiguous	71	14
Vigiliae Christianae	2014	bekker	7	5
Vigiliae Christianae	2014	homer	4	2
Vigiliae Christianae	2014	nt	37	9
Vigiliae Christianae	2014	stephanus	26	11
Vigiliae Christianae	2015	ambiguous	81	16
Vigiliae Christianae	2015	bekker	4	4
Vigiliae Christianae	2015	homer	1	1
Vigiliae Christianae	2015	nt	32	10
Vigiliae Christianae	2015	stephanus	39	9
Vigiliae Christianae	2016	ambiguous	57	15
Vigiliae Christianae	2016	bekker	18	3
Vigiliae Christianae	2016	homer	4	3
Vigiliae Christianae	2016	nt	10	4
Vigiliae Christianae	2016	stephanus	56	13
Vigiliae Christianae	2017	ambiguous	60	15
Vigiliae Christianae	2017	bekker	6	3
Vigiliae Christianae	2017	nt	92	12
Vigiliae Christianae	2017	stephanus	18	5
Vigiliae Christianae	2018	ambiguous	69	11
Vigiliae Christianae	2018	bekker	23	3
Vigiliae Christianae	2018	nt	141	9
Vigiliae Christianae	2018	pindar	1	1
Vigiliae Christianae	2018	stephanus	20	9
Vigiliae Christianae	2019	ambiguous	142	17
Vigiliae Christianae	2019	bekker	13	6
Vigiliae Christianae	2019	homer	8	3
Vigiliae Christianae	2019	nt	33	9
Vigiliae Christianae	2019	stephanus	62	7
Vigiliae Christianae	2020	ambiguous	82	13
Vigiliae Christianae	2020	bekker	17	5
Vigiliae Christianae	2020	homer	10	5
Vigiliae Christianae	2020	nt	56	10
Vigiliae Christianae	2020	stephanus	41	13
Vigiliae Christianae	2021	ambiguous	53	13
Vigiliae Christianae	2021	bekker	30	6
Vigiliae Christianae	2021	homer	1	1
Vigiliae Christianae	2021	nt	72	13
Vigiliae Christianae	2021	stephanus	17	8
Vigiliae Christianae	2022	ambiguous	99	11
Vigiliae Christianae	2022	bekker	12	3
Vigiliae Christianae	2022	homer	7	2
Vigiliae Christianae	2022	nt	104	10
Vigiliae Christianae	2022	stephanus	60	12
Zeitschrift für Theologie und Kirche	1891	ambiguous	1	1
Zeitschrift für Theologie und Kirche	1892	ambiguous	1	1
Zeitschrift für Theologie und Kirche	1897	ambiguous	1	1
Zeitschrift für Theologie und Kirche	1898	stephanus	1	1
Zeitschrift für Theologie und Kirche	1899	ambiguous	1	1
Zeitschrift für Theologie und Kirche	1901	bekker	1	1
Zeitschrift für Theologie und Kirche	1902	ambiguous	1	1
Zeitschrift für Theologie und Kirche	1909	ambiguous	1	1
Zeitschrift für Theologie und Kirche	1912	stephanus	1	1
Zeitschrift für Theologie und Kirche	1917	ambiguous	1	1
Zeitschrift für Theologie und Kirche	1925	ambiguous	1	1
Zeitschrift für Theologie und Kirche	1927	ambiguous	1	1
Zeitschrift für Theologie und Kirche	1928	ambiguous	1	1
Zeitschrift für Theologie und Kirche	1930	ambiguous	1	1
Zeitschrift für Theologie und Kirche	1930	stephanus	1	1
Zeitschrift für Theologie und Kirche	1931	stephanus	2	2
Zeitschrift für Theologie und Kirche	1932	stephanus	5	4
Zeitschrift für Theologie und Kirche	1933	stephanus	5	4
Zeitschrift für Theologie und Kirche	1934	stephanus	3	3
Zeitschrift für Theologie und Kirche	1935	stephanus	5	5
Zeitschrift für Theologie und Kirche	1936	stephanus	5	4
Zeitschrift für Theologie und Kirche	1937	stephanus	4	3
Zeitschrift für Theologie und Kirche	1938	ambiguous	1	1
Zeitschrift für Theologie und Kirche	1938	stephanus	3	3
Zeitschrift für Theologie und Kirche	1951	ambiguous	16	2
Zeitschrift für Theologie und Kirche	1952	ambiguous	16	1
Zeitschrift für Theologie und Kirche	1953	ambiguous	4	2
Zeitschrift für Theologie und Kirche	1954	ambiguous	4	3
Zeitschrift für Theologie und Kirche	1954	stephanus	1	1
Zeitschrift für Theologie und Kirche	1955	ambiguous	25	4
Zeitschrift für Theologie und Kirche	1955	stephanus	4	2
Zeitschrift für Theologie und Kirche	1956	ambiguous	18	5
Zeitschrift für Theologie und Kirche	1956	bekker	4	1
Zeitschrift für Theologie und Kirche	1957	ambiguous	17	3
Zeitschrift für Theologie und Kirche	1957	bekker	2	2
Zeitschrift für Theologie und Kirche	1957	homer	1	1
Zeitschrift für Theologie und Kirche	1957	stephanus	10	3
Zeitschrift für Theologie und Kirche	1958	ambiguous	3	1
Zeitschrift für Theologie und Kirche	1959	ambiguous	53	5
Zeitschrift für Theologie und Kirche	1959	stephanus	5	1
Zeitschrift für Theologie und Kirche	1960	ambiguous	13	6
Zeitschrift für Theologie und Kirche	1960	stephanus	1	1
Zeitschrift für Theologie und Kirche	1961	ambiguous	47	7
Zeitschrift für Theologie und Kirche	1961	stephanus	2	2
Zeitschrift für Theologie und Kirche	1962	ambiguous	15	6
Zeitschrift für Theologie und Kirche	1962	bekker	1	1
Zeitschrift für Theologie und Kirche	1963	ambiguous	65	7
Zeitschrift für Theologie und Kirche	1963	bekker	3	3
Zeitschrift für Theologie und Kirche	1963	stephanus	10	3
Zeitschrift für Theologie und Kirche	1964	ambiguous	34	8
Zeitschrift für Theologie und Kirche	1964	bekker	10	2
Zeitschrift für Theologie und Kirche	1964	stephanus	6	2
Zeitschrift für Theologie und Kirche	1965	ambiguous	70	8
Zeitschrift für Theologie und Kirche	1965	bekker	2	2
Zeitschrift für Theologie und Kirche	1965	stephanus	13	3
Zeitschrift für Theologie und Kirche	1966	ambiguous	39	9
Zeitschrift für Theologie und Kirche	1966	bekker	2	1
Zeitschrift für Theologie und Kirche	1966	stephanus	4	4
Zeitschrift für Theologie und Kirche	1967	ambiguous	36	6
Zeitschrift für Theologie und Kirche	1967	bekker	4	3
Zeitschrift für Theologie und Kirche	1967	homer	1	1
Zeitschrift für Theologie und Kirche	1968	ambiguous	26	4
Zeitschrift für Theologie und Kirche	1968	bekker	3	2
Zeitschrift für Theologie und Kirche	1968	stephanus	3	3
Zeitschrift für Theologie und Kirche	1969	ambiguous	36	9
Zeitschrift für Theologie und Kirche	1969	bekker	6	4
Zeitschrift für Theologie und Kirche	1970	ambiguous	16	10
Zeitschrift für Theologie und Kirche	1970	bekker	2	2
Zeitschrift für Theologie und Kirche	1970	stephanus	4	2
Zeitschrift für Theologie und Kirche	1971	ambiguous	37	5
Zeitschrift für Theologie und Kirche	1971	bekker	4	4
Zeitschrift für Theologie und Kirche	1971	stephanus	3	1
Zeitschrift für Theologie und Kirche	1972	ambiguous	86	11
Zeitschrift für Theologie und Kirche	1972	bekker	6	4
Zeitschrift für Theologie und Kirche	1972	homer	1	1
Zeitschrift für Theologie und Kirche	1972	stephanus	7	4
Zeitschrift für Theologie und Kirche	1973	ambiguous	45	8
Zeitschrift für Theologie und Kirche	1973	stephanus	9	2
Zeitschrift für Theologie und Kirche	1974	ambiguous	80	9
Zeitschrift für Theologie und Kirche	1974	bekker	2	2
Zeitschrift für Theologie und Kirche	1974	stephanus	6	5
Zeitschrift für Theologie und Kirche	1975	ambiguous	23	4
Zeitschrift für Theologie und Kirche	1975	bekker	6	1
Zeitschrift für Theologie und Kirche	1975	stephanus	5	3
Zeitschrift für Theologie und Kirche	1976	ambiguous	46	8
Zeitschrift für Theologie und Kirche	1976	bekker	3	3
Zeitschrift für Theologie und Kirche	1976	homer	1	1
Zeitschrift für Theologie und Kirche	1976	stephanus	3	2
Zeitschrift für Theologie und Kirche	1977	ambiguous	69	12
Zeitschrift für Theologie und Kirche	1977	bekker	3	2
Zeitschrift für Theologie und Kirche	1977	stephanus	4	3
Zeitschrift für Theologie und Kirche	1978	ambiguous	59	6
Zeitschrift für Theologie und Kirche	1978	bekker	2	1
Zeitschrift für Theologie und Kirche	1978	homer	2	1
Zeitschrift für Theologie und Kirche	1978	stephanus	6	4
Zeitschrift für Theologie und Kirche	1979	ambiguous	14	4
Zeitschrift für Theologie und Kirche	1979	bekker	1	1
Zeitschrift für Theologie und Kirche	1979	stephanus	3	3
Zeitschrift für Theologie und Kirche	1980	ambiguous	9	4
Zeitschrift für Theologie und Kirche	1980	homer	1	1
Zeitschrift für Theologie und Kirche	1980	stephanus	2	2
Zeitschrift für Theologie und Kirche	1981	ambiguous	39	6
Zeitschrift für Theologie und Kirche	1981	bekker	1	1
Zeitschrift für Theologie und Kirche	1981	stephanus	4	3
Zeitschrift für Theologie und Kirche	1982	ambiguous	118	9
Zeitschrift für Theologie und Kirche	1982	stephanus	4	4
Zeitschrift für Theologie und Kirche	1983	ambiguous	4	4
Zeitschrift für Theologie und Kirche	1983	stephanus	1	1
Zeitschrift für Theologie und Kirche	1984	ambiguous	42	5
Zeitschrift für Theologie und Kirche	1984	stephanus	12	3
Zeitschrift für Theologie und Kirche	1985	ambiguous	16	4
Zeitschrift für Theologie und Kirche	1985	stephanus	2	2
Zeitschrift für Theologie und Kirche	1986	ambiguous	103	11
Zeitschrift für Theologie und Kirche	1986	bekker	18	1
Zeitschrift für Theologie und Kirche	1986	stephanus	24	6
Zeitschrift für Theologie und Kirche	1987	ambiguous	193	10
Zeitschrift für Theologie und Kirche	1987	bekker	8	2
Zeitschrift für Theologie und Kirche	1987	stephanus	22	7
Zeitschrift für Theologie und Kirche	1988	ambiguous	192	7
Zeitschrift für Theologie und Kirche	1988	bekker	1	1
Zeitschrift für Theologie und Kirche	1988	nt	3	1
Zeitschrift für Theologie und Kirche	1988	stephanus	28	4
Zeitschrift für Theologie und Kirche	1989	ambiguous	100	9
Zeitschrift für Theologie und Kirche	1989	bekker	12	2
Zeitschrift für Theologie und Kirche	1989	homer	1	1
Zeitschrift für Theologie und Kirche	1989	nt	1	1
Zeitschrift für Theologie und Kirche	1989	stephanus	66	3
Zeitschrift für Theologie und Kirche	1990	ambiguous	101	10
Zeitschrift für Theologie und Kirche	1990	bekker	4	3
Zeitschrift für Theologie und Kirche	1990	stephanus	3	2
Zeitschrift für Theologie und Kirche	1991	ambiguous	24	8
Zeitschrift für Theologie und Kirche	1991	bekker	1	1
Zeitschrift für Theologie und Kirche	1991	stephanus	6	3
Zeitschrift für Theologie und Kirche	1992	ambiguous	83	11
Zeitschrift für Theologie und Kirche	1992	homer	1	1
Zeitschrift für Theologie und Kirche	1992	stephanus	9	5
Zeitschrift für Theologie und Kirche	1993	ambiguous	56	7
Zeitschrift für Theologie und Kirche	1993	stephanus	2	1
Zeitschrift für Theologie und Kirche	1994	ambiguous	55	9
Zeitschrift für Theologie und Kirche	1994	bekker	1	1
Zeitschrift für Theologie und Kirche	1994	stephanus	10	4
Zeitschrift für Theologie und Kirche	1995	ambiguous	183	12
Zeitschrift für Theologie und Kirche	1995	bekker	12	4
Zeitschrift für Theologie und Kirche	1995	stephanus	9	4
Zeitschrift für Theologie und Kirche	1996	ambiguous	67	9
Zeitschrift für Theologie und Kirche	1996	nt	1	1
Zeitschrift für Theologie und Kirche	1996	stephanus	11	4
Zeitschrift für Theologie und Kirche	1997	ambiguous	77	8
Zeitschrift für Theologie und Kirche	1997	bekker	3	2
Zeitschrift für Theologie und Kirche	1997	stephanus	8	5
Zeitschrift für Theologie und Kirche	1998	ambiguous	69	13
Zeitschrift für Theologie und Kirche	1998	bekker	1	1
Zeitschrift für Theologie und Kirche	1998	homer	1	1
Zeitschrift für Theologie und Kirche	1998	nt	1	1
Zeitschrift für Theologie und Kirche	1998	stephanus	11	6
Zeitschrift für Theologie und Kirche	1999	ambiguous	33	10
Zeitschrift für Theologie und Kirche	1999	bekker	2	2
Zeitschrift für Theologie und Kirche	1999	stephanus	5	3
Zeitschrift für Theologie und Kirche	2000	ambiguous	97	11
Zeitschrift für Theologie und Kirche	2000	bekker	9	3
Zeitschrift für Theologie und Kirche	2000	nt	4	4
Zeitschrift für Theologie und Kirche	2000	stephanus	13	3
Zeitschrift für Theologie und Kirche	2001	ambiguous	50	8
Zeitschrift für Theologie und Kirche	2001	bekker	1	1
Zeitschrift für Theologie und Kirche	2001	stephanus	6	4
Zeitschrift für Theologie und Kirche	2002	ambiguous	91	12
Zeitschrift für Theologie und Kirche	2002	nt	3	3
Zeitschrift für Theologie und Kirche	2002	stephanus	7	5
Zeitschrift für Theologie und Kirche	2003	ambiguous	61	10
Zeitschrift für Theologie und Kirche	2003	stephanus	5	1
Zeitschrift für Theologie und Kirche	2004	ambiguous	119	8
Zeitschrift für Theologie und Kirche	2004	bekker	4	2
Zeitschrift für Theologie und Kirche	2004	stephanus	7	3
Zeitschrift für Theologie und Kirche	2005	ambiguous	102	11
Zeitschrift für Theologie und Kirche	2005	bekker	2	2
Zeitschrift für Theologie und Kirche	2005	nt	1	1
Zeitschrift für Theologie und Kirche	2005	stephanus	20	6
Zeitschrift für Theologie und Kirche	2006	ambiguous	82	9
Zeitschrift für Theologie und Kirche	2006	bekker	5	1
Zeitschrift für Theologie und Kirche	2006	nt	2	1
Zeitschrift für Theologie und Kirche	2006	stephanus	8	6
Zeitschrift für Theologie und Kirche	2007	ambiguous	78	7
Zeitschrift für Theologie und Kirche	2007	bekker	9	1
Zeitschrift für Theologie und Kirche	2007	nt	1	1
Zeitschrift für Theologie und Kirche	2007	stephanus	15	3
Zeitschrift für Theologie und Kirche	2008	ambiguous	108	10
Zeitschrift für Theologie und Kirche	2008	bekker	4	3
Zeitschrift für Theologie und Kirche	2008	stephanus	9	2
Zeitschrift für Theologie und Kirche	2009	ambiguous	57	8
Zeitschrift für Theologie und Kirche	2009	bekker	1	1
Zeitschrift für Theologie und Kirche	2009	stephanus	5	1
Zeitschrift für Theologie und Kirche	2010	ambiguous	88	9
Zeitschrift für Theologie und Kirche	2010	bekker	3	2
Zeitschrift für Theologie und Kirche	2010	nt	3	1
Zeitschrift für Theologie und Kirche	2010	stephanus	17	4
Zeitschrift für Theologie und Kirche	2011	ambiguous	15	4
Zeitschrift für Theologie und Kirche	2011	nt	1	1
Zeitschrift für Theologie und Kirche	2011	stephanus	3	3
Zeitschrift für Theologie und Kirche	2012	ambiguous	25	10
Zeitschrift für Theologie und Kirche	2012	bekker	1	1
Zeitschrift für Theologie und Kirche	2012	nt	4	2
Zeitschrift für Theologie und Kirche	2012	stephanus	8	5
Zeitschrift für Theologie und Kirche	2013	ambiguous	17	7
Zeitschrift für Theologie und Kirche	2013	bekker	3	1
Zeitschrift für Theologie und Kirche	2013	nt	3	2
Zeitschrift für Theologie und Kirche	2013	stephanus	3	2
Zeitschrift für Theologie und Kirche	2014	ambiguous	41	8
Zeitschrift für Theologie und Kirche	2014	bekker	4	1
Zeitschrift für Theologie und Kirche	2014	nt	5	3
Zeitschrift für Theologie und Kirche	2014	stephanus	5	4
Zeitschrift für Theologie und Kirche	2015	ambiguous	45	7
Zeitschrift für Theologie und Kirche	2015	bekker	6	1
Zeitschrift für Theologie und Kirche	2015	nt	7	3
Zeitschrift für Theologie und Kirche	2015	stephanus	4	4
Zeitschrift für Theologie und Kirche	2016	ambiguous	10	5
Zeitschrift für Theologie und Kirche	2017	ambiguous	22	10
Zeitschrift für Theologie und Kirche	2017	nt	3	2
Zeitschrift für Theologie und Kirche	2018	ambiguous	29	8
Zeitschrift für Theologie und Kirche	2018	bekker	1	1
Zeitschrift für Theologie und Kirche	2018	nt	4	1
Zeitschrift für Theologie und Kirche	2018	stephanus	12	2
Zeitschrift für Theologie und Kirche	2019	ambiguous	67	3
Zeitschrift für Theologie und Kirche	2019	bekker	3	2
Zeitschrift für Theologie und Kirche	2019	stephanus	5	2
Zeitschrift für Theologie und Kirche	2020	ambiguous	52	9
Zeitschrift für Theologie und Kirche	2020	bekker	2	1
Zeitschrift für Theologie und Kirche	2020	homer	1	1
Zeitschrift für Theologie und Kirche	2020	nt	2	2
Zeitschrift für Theologie und Kirche	2020	stephanus	16	2
Zeitschrift für katholische Theologie	1877	ambiguous	4	4
Zeitschrift für katholische Theologie	1877	homer	1	1
Zeitschrift für katholische Theologie	1877	stephanus	2	2
Zeitschrift für katholische Theologie	1878	ambiguous	6	5
Zeitschrift für katholische Theologie	1878	stephanus	1	1
Zeitschrift für katholische Theologie	1879	stephanus	1	1
Zeitschrift für katholische Theologie	1880	ambiguous	25	7
Zeitschrift für katholische Theologie	1880	stephanus	3	3
Zeitschrift für katholische Theologie	1881	ambiguous	4	4
Zeitschrift für katholische Theologie	1881	stephanus	1	1
Zeitschrift für katholische Theologie	1882	ambiguous	12	4
Zeitschrift für katholische Theologie	1882	stephanus	6	3
Zeitschrift für katholische Theologie	1883	ambiguous	4	4
Zeitschrift für katholische Theologie	1883	stephanus	1	1
Zeitschrift für katholische Theologie	1884	ambiguous	7	6
Zeitschrift für katholische Theologie	1884	bekker	1	1
Zeitschrift für katholische Theologie	1884	stephanus	6	2
Zeitschrift für katholische Theologie	1885	ambiguous	10	9
Zeitschrift für katholische Theologie	1885	homer	2	2
Zeitschrift für katholische Theologie	1885	stephanus	1	1
Zeitschrift für katholische Theologie	1886	ambiguous	36	7
Zeitschrift für katholische Theologie	1886	homer	1	1
Zeitschrift für katholische Theologie	1886	stephanus	3	3
Zeitschrift für katholische Theologie	1887	ambiguous	2	2
Zeitschrift für katholische Theologie	1887	stephanus	2	2
Zeitschrift für katholische Theologie	1888	ambiguous	4	3
Zeitschrift für katholische Theologie	1888	homer	1	1
Zeitschrift für katholische Theologie	1888	stephanus	2	2
Zeitschrift für katholische Theologie	1889	ambiguous	10	3
Zeitschrift für katholische Theologie	1889	stephanus	1	1
Zeitschrift für katholische Theologie	1890	ambiguous	20	6
Zeitschrift für katholische Theologie	1890	stephanus	4	4
Zeitschrift für katholische Theologie	1891	ambiguous	4	3
Zeitschrift für katholische Theologie	1891	stephanus	2	2
Zeitschrift für katholische Theologie	1892	ambiguous	75	5
Zeitschrift für katholische Theologie	1892	homer	2	2
Zeitschrift für katholische Theologie	1892	stephanus	5	2
Zeitschrift für katholische Theologie	1893	ambiguous	12	2
Zeitschrift für katholische Theologie	1893	homer	2	2
Zeitschrift für katholische Theologie	1893	stephanus	1	1
Zeitschrift für katholische Theologie	1894	ambiguous	7	6
Zeitschrift für katholische Theologie	1894	bekker	1	1
Zeitschrift für katholische Theologie	1894	stephanus	5	3
Zeitschrift für katholische Theologie	1895	ambiguous	13	10
Zeitschrift für katholische Theologie	1895	stephanus	10	6
Zeitschrift für katholische Theologie	1896	ambiguous	40	14
Zeitschrift für katholische Theologie	1896	homer	1	1
Zeitschrift für katholische Theologie	1896	stephanus	5	5
Zeitschrift für katholische Theologie	1897	ambiguous	10	8
Zeitschrift für katholische Theologie	1897	homer	3	3
Zeitschrift für katholische Theologie	1897	stephanus	1	1
Zeitschrift für katholische Theologie	1898	ambiguous	22	11
Zeitschrift für katholische Theologie	1898	homer	3	2
Zeitschrift für katholische Theologie	1898	stephanus	5	4
Zeitschrift für katholische Theologie	1899	ambiguous	9	8
Zeitschrift für katholische Theologie	1899	homer	6	2
Zeitschrift für katholische Theologie	1899	stephanus	3	3
Zeitschrift für katholische Theologie	1900	ambiguous	29	12
Zeitschrift für katholische Theologie	1900	stephanus	3	2
Zeitschrift für katholische Theologie	1901	ambiguous	38	11
Zeitschrift für katholische Theologie	1901	homer	1	1
Zeitschrift für katholische Theologie	1901	stephanus	7	6
Zeitschrift für katholische Theologie	1902	ambiguous	18	10
Zeitschrift für katholische Theologie	1902	homer	1	1
Zeitschrift für katholische Theologie	1902	stephanus	5	5
Zeitschrift für katholische Theologie	1903	ambiguous	31	8
Zeitschrift für katholische Theologie	1903	bekker	13	2
Zeitschrift für katholische Theologie	1903	homer	1	1
Zeitschrift für katholische Theologie	1903	stephanus	20	5
Zeitschrift für katholische Theologie	1904	ambiguous	56	14
Zeitschrift für katholische Theologie	1904	bekker	5	3
Zeitschrift für katholische Theologie	1904	homer	1	1
Zeitschrift für katholische Theologie	1904	stephanus	38	7
Zeitschrift für katholische Theologie	1905	ambiguous	45	14
Zeitschrift für katholische Theologie	1905	pindar	1	1
Zeitschrift für katholische Theologie	1905	stephanus	6	4
Zeitschrift für katholische Theologie	1906	ambiguous	27	9
Zeitschrift für katholische Theologie	1906	bekker	2	1
Zeitschrift für katholische Theologie	1906	homer	6	3
Zeitschrift für katholische Theologie	1906	stephanus	14	8
Zeitschrift für katholische Theologie	1907	ambiguous	20	9
Zeitschrift für katholische Theologie	1907	stephanus	3	3
Zeitschrift für katholische Theologie	1908	ambiguous	23	11
Zeitschrift für katholische Theologie	1908	bekker	2	2
Zeitschrift für katholische Theologie	1908	homer	2	1
Zeitschrift für katholische Theologie	1908	stephanus	2	2
Zeitschrift für katholische Theologie	1909	ambiguous	32	10
Zeitschrift für katholische Theologie	1909	homer	3	3
Zeitschrift für katholische Theologie	1909	stephanus	8	6
Zeitschrift für katholische Theologie	1910	ambiguous	63	14
Zeitschrift für katholische Theologie	1910	stephanus	7	3
Zeitschrift für katholische Theologie	1911	ambiguous	68	17
Zeitschrift für katholische Theologie	1911	stephanus	28	9
Zeitschrift für katholische Theologie	1912	ambiguous	42	13
Zeitschrift für katholische Theologie	1912	stephanus	10	6
Zeitschrift für katholische Theologie	1913	ambiguous	52	11
Zeitschrift für katholische Theologie	1913	stephanus	7	5
Zeitschrift für katholische Theologie	1914	ambiguous	47	13
Zeitschrift für katholische Theologie	1914	bekker	28	3
Zeitschrift für katholische Theologie	1914	homer	1	1
Zeitschrift für katholische Theologie	1914	stephanus	23	7
Zeitschrift für katholische Theologie	1915	ambiguous	27	11
Zeitschrift für katholische Theologie	1915	bekker	2	2
Zeitschrift für katholische Theologie	1915	stephanus	4	2
Zeitschrift für katholische Theologie	1916	ambiguous	42	12
Zeitschrift für katholische Theologie	1916	bekker	1	1
Zeitschrift für katholische Theologie	1916	stephanus	1	1
Zeitschrift für katholische Theologie	1917	ambiguous	12	5
Zeitschrift für katholische Theologie	1917	stephanus	5	4
Zeitschrift für katholische Theologie	1918	ambiguous	24	10
Zeitschrift für katholische Theologie	1918	stephanus	9	5
Zeitschrift für katholische Theologie	1919	ambiguous	80	15
Zeitschrift für katholische Theologie	1919	bekker	11	5
Zeitschrift für katholische Theologie	1919	stephanus	72	11
Zeitschrift für katholische Theologie	1920	ambiguous	33	10
Zeitschrift für katholische Theologie	1920	bekker	4	2
Zeitschrift für katholische Theologie	1920	stephanus	13	4
Zeitschrift für katholische Theologie	1921	ambiguous	47	9
Zeitschrift für katholische Theologie	1921	bekker	5	2
Zeitschrift für katholische Theologie	1921	stephanus	21	5
Zeitschrift für katholische Theologie	1922	ambiguous	76	12
Zeitschrift für katholische Theologie	1922	bekker	17	3
Zeitschrift für katholische Theologie	1922	homer	1	1
Zeitschrift für katholische Theologie	1922	stephanus	20	6
Zeitschrift für katholische Theologie	1923	ambiguous	26	11
Zeitschrift für katholische Theologie	1923	bekker	8	4
Zeitschrift für katholische Theologie	1923	stephanus	7	5
Zeitschrift für katholische Theologie	1924	ambiguous	12	5
Zeitschrift für katholische Theologie	1924	bekker	2	1
Zeitschrift für katholische Theologie	1924	stephanus	4	3
Zeitschrift für katholische Theologie	1925	ambiguous	8	4
Zeitschrift für katholische Theologie	1925	bekker	1	1
Zeitschrift für katholische Theologie	1925	stephanus	11	4
Zeitschrift für katholische Theologie	1926	ambiguous	13	5
Zeitschrift für katholische Theologie	1926	stephanus	1	1
Zeitschrift für katholische Theologie	1927	ambiguous	6	5
Zeitschrift für katholische Theologie	1928	ambiguous	16	7
Zeitschrift für katholische Theologie	1928	stephanus	6	4
Zeitschrift für katholische Theologie	1929	ambiguous	15	7
Zeitschrift für katholische Theologie	1929	bekker	2	2
Zeitschrift für katholische Theologie	1929	stephanus	4	4
Zeitschrift für katholische Theologie	1930	ambiguous	7	6
Zeitschrift für katholische Theologie	1930	stephanus	4	2
Zeitschrift für katholische Theologie	1931	ambiguous	8	3
Zeitschrift für katholische Theologie	1931	bekker	2	2
Zeitschrift für katholische Theologie	1931	homer	4	2
Zeitschrift für katholische Theologie	1931	stephanus	2	1
Zeitschrift für katholische Theologie	1932	ambiguous	19	7
Zeitschrift für katholische Theologie	1932	stephanus	12	9
Zeitschrift für katholische Theologie	1933	ambiguous	8	5
Zeitschrift für katholische Theologie	1933	bekker	2	1
Zeitschrift für katholische Theologie	1933	stephanus	8	4
Zeitschrift für katholische Theologie	1934	ambiguous	21	8
Zeitschrift für katholische Theologie	1934	bekker	1	1
Zeitschrift für katholische Theologie	1934	stephanus	28	4
Zeitschrift für katholische Theologie	1935	ambiguous	86	10
Zeitschrift für katholische Theologie	1935	bekker	37	3
Zeitschrift für katholische Theologie	1935	stephanus	72	8
Zeitschrift für katholische Theologie	1936	ambiguous	61	11
Zeitschrift für katholische Theologie	1936	stephanus	13	4
Zeitschrift für katholische Theologie	1937	ambiguous	49	5
Zeitschrift für katholische Theologie	1937	stephanus	23	3
Zeitschrift für katholische Theologie	1938	ambiguous	22	5
Zeitschrift für katholische Theologie	1938	bekker	3	3
Zeitschrift für katholische Theologie	1938	stephanus	8	3
Zeitschrift für katholische Theologie	1939	ambiguous	21	7
Zeitschrift für katholische Theologie	1939	bekker	9	2
Zeitschrift für katholische Theologie	1939	stephanus	8	4
Zeitschrift für katholische Theologie	1940	ambiguous	12	5
Zeitschrift für katholische Theologie	1941	ambiguous	9	1
Zeitschrift für katholische Theologie	1941	bekker	1	1
Zeitschrift für katholische Theologie	1941	stephanus	1	1
Zeitschrift für katholische Theologie	1942	ambiguous	5	2
Zeitschrift für katholische Theologie	1942	bekker	1	1
Zeitschrift für katholische Theologie	1942	stephanus	7	2
Zeitschrift für katholische Theologie	1943	ambiguous	6	2
Zeitschrift für katholische Theologie	1943	bekker	4	2
Zeitschrift für katholische Theologie	1943	stephanus	1	1
Zeitschrift für katholische Theologie	1947	ambiguous	2	1
Zeitschrift für katholische Theologie	1947	homer	1	1
Zeitschrift für katholische Theologie	1948	ambiguous	15	5
Zeitschrift für katholische Theologie	1948	bekker	6	4
Zeitschrift für katholische Theologie	1948	stephanus	15	5
Zeitschrift für katholische Theologie	1949	ambiguous	8	3
Zeitschrift für katholische Theologie	1949	bekker	1	1
Zeitschrift für katholische Theologie	1949	stephanus	5	3
Zeitschrift für katholische Theologie	1950	ambiguous	114	13
Zeitschrift für katholische Theologie	1950	bekker	1	1
Zeitschrift für katholische Theologie	1950	homer	1	1
Zeitschrift für katholische Theologie	1950	stephanus	8	4
Zeitschrift für katholische Theologie	1951	ambiguous	34	11
Zeitschrift für katholische Theologie	1951	bekker	19	2
Zeitschrift für katholische Theologie	1951	stephanus	12	2
Zeitschrift für katholische Theologie	1952	ambiguous	31	9
Zeitschrift für katholische Theologie	1952	homer	1	1
Zeitschrift für katholische Theologie	1952	stephanus	1	1
Zeitschrift für katholische Theologie	1953	ambiguous	77	11
Zeitschrift für katholische Theologie	1953	stephanus	27	4
Zeitschrift für katholische Theologie	1954	ambiguous	35	7
Zeitschrift für katholische Theologie	1954	bekker	2	2
Zeitschrift für katholische Theologie	1954	stephanus	2	2
Zeitschrift für katholische Theologie	1955	ambiguous	37	8
Zeitschrift für katholische Theologie	1955	homer	1	1
Zeitschrift für katholische Theologie	1955	stephanus	2	2
Zeitschrift für katholische Theologie	1956	ambiguous	35	7
Zeitschrift für katholische Theologie	1956	stephanus	3	2
Zeitschrift für katholische Theologie	1957	ambiguous	45	6
Zeitschrift für katholische Theologie	1957	bekker	3	2
Zeitschrift für katholische Theologie	1957	homer	1	1
Zeitschrift für katholische Theologie	1957	stephanus	25	3
Zeitschrift für katholische Theologie	1958	ambiguous	155	7
Zeitschrift für katholische Theologie	1958	bekker	2	1
Zeitschrift für katholische Theologie	1958	homer	1	1
Zeitschrift für katholische Theologie	1958	stephanus	3	3
Zeitschrift für katholische Theologie	1959	ambiguous	105	8
Zeitschrift für katholische Theologie	1959	bekker	8	5
Zeitschrift für katholische Theologie	1959	stephanus	142	6
Zeitschrift für katholische Theologie	1960	ambiguous	22	7
Zeitschrift für katholische Theologie	1960	bekker	12	5
Zeitschrift für katholische Theologie	1960	stephanus	12	5
Zeitschrift für katholische Theologie	1961	ambiguous	55	11
Zeitschrift für katholische Theologie	1961	bekker	2	2
Zeitschrift für katholische Theologie	1961	stephanus	5	1
Zeitschrift für katholische Theologie	1962	ambiguous	29	6
Zeitschrift für katholische Theologie	1962	bekker	4	2
Zeitschrift für katholische Theologie	1962	stephanus	13	5
Zeitschrift für katholische Theologie	1963	ambiguous	71	12
Zeitschrift für katholische Theologie	1963	bekker	1	1
Zeitschrift für katholische Theologie	1963	stephanus	3	1
Zeitschrift für katholische Theologie	1964	ambiguous	17	6
Zeitschrift für katholische Theologie	1964	homer	1	1
Zeitschrift für katholische Theologie	1964	stephanus	3	2
Zeitschrift für katholische Theologie	1965	ambiguous	129	10
Zeitschrift für katholische Theologie	1965	bekker	8	3
Zeitschrift für katholische Theologie	1965	stephanus	84	6
Zeitschrift für katholische Theologie	1966	ambiguous	12	5
Zeitschrift für katholische Theologie	1966	stephanus	1	1
Zeitschrift für katholische Theologie	1967	ambiguous	6	3
Zeitschrift für katholische Theologie	1967	stephanus	4	2
Zeitschrift für katholische Theologie	1968	ambiguous	24	8
Zeitschrift für katholische Theologie	1968	bekker	10	1
Zeitschrift für katholische Theologie	1968	stephanus	2	2
Zeitschrift für katholische Theologie	1969	ambiguous	98	13
Zeitschrift für katholische Theologie	1969	bekker	7	2
Zeitschrift für katholische Theologie	1969	stephanus	16	6
Zeitschrift für katholische Theologie	1970	ambiguous	13	5
Zeitschrift für katholische Theologie	1970	bekker	1	1
Zeitschrift für katholische Theologie	1970	stephanus	3	1
Zeitschrift für katholische Theologie	1971	ambiguous	33	8
Zeitschrift für katholische Theologie	1971	stephanus	4	4
Zeitschrift für katholische Theologie	1972	ambiguous	53	10
Zeitschrift für katholische Theologie	1972	bekker	22	2
Zeitschrift für katholische Theologie	1972	stephanus	3	2
Zeitschrift für katholische Theologie	1973	ambiguous	6	5
Zeitschrift für katholische Theologie	1973	bekker	6	1
Zeitschrift für katholische Theologie	1973	stephanus	2	2
Zeitschrift für katholische Theologie	1974	ambiguous	20	8
Zeitschrift für katholische Theologie	1974	bekker	2	2
Zeitschrift für katholische Theologie	1974	stephanus	5	2
Zeitschrift für katholische Theologie	1975	ambiguous	2	2
Zeitschrift für katholische Theologie	1975	stephanus	7	2
Zeitschrift für katholische Theologie	1976	ambiguous	9	3
Zeitschrift für katholische Theologie	1976	stephanus	1	1
Zeitschrift für katholische Theologie	1977	ambiguous	4	3
Zeitschrift für katholische Theologie	1977	bekker	1	1
Zeitschrift für katholische Theologie	1977	stephanus	2	2
Zeitschrift für katholische Theologie	1978	ambiguous	10	9
Zeitschrift für katholische Theologie	1978	stephanus	3	3
Zeitschrift für katholische Theologie	1979	ambiguous	28	5
Zeitschrift für katholische Theologie	1979	bekker	6	2
Zeitschrift für katholische Theologie	1979	homer	1	1
Zeitschrift für katholische Theologie	1979	stephanus	3	2
Zeitschrift für katholische Theologie	1980	ambiguous	6	4
Zeitschrift für katholische Theologie	1981	ambiguous	19	6
Zeitschrift für katholische Theologie	1981	bekker	3	1
Zeitschrift für katholische Theologie	1981	stephanus	8	1
Zeitschrift für katholische Theologie	1982	ambiguous	51	8
Zeitschrift für katholische Theologie	1982	bekker	7	2
Zeitschrift für katholische Theologie	1982	stephanus	28	3
Zeitschrift für katholische Theologie	1983	ambiguous	79	11
Zeitschrift für katholische Theologie	1983	bekker	27	5
Zeitschrift für katholische Theologie	1983	stephanus	58	4
Zeitschrift für katholische Theologie	1984	ambiguous	34	8
Zeitschrift für katholische Theologie	1984	bekker	2	1
Zeitschrift für katholische Theologie	1984	homer	2	1
Zeitschrift für katholische Theologie	1984	stephanus	9	3
Zeitschrift für katholische Theologie	1985	ambiguous	19	7
Zeitschrift für katholische Theologie	1985	nt	1	1
Zeitschrift für katholische Theologie	1985	stephanus	3	1
Zeitschrift für katholische Theologie	1986	ambiguous	29	12
Zeitschrift für katholische Theologie	1986	stephanus	10	5
Zeitschrift für katholische Theologie	1987	ambiguous	7	5
Zeitschrift für katholische Theologie	1988	ambiguous	23	11
Zeitschrift für katholische Theologie	1988	bekker	3	2
Zeitschrift für katholische Theologie	1988	stephanus	3	3
Zeitschrift für katholische Theologie	1989	ambiguous	10	4
Zeitschrift für katholische Theologie	1989	bekker	1	1
Zeitschrift für katholische Theologie	1989	stephanus	1	1
Zeitschrift für katholische Theologie	1990	ambiguous	28	5
Zeitschrift für katholische Theologie	1990	homer	1	1
Zeitschrift für katholische Theologie	1990	stephanus	8	3
Zeitschrift für katholische Theologie	1991	ambiguous	9	2
Zeitschrift für katholische Theologie	1991	nt	1	1
Zeitschrift für katholische Theologie	1991	stephanus	2	2
Zeitschrift für katholische Theologie	1992	ambiguous	13	7
Zeitschrift für katholische Theologie	1992	stephanus	3	3
Zeitschrift für katholische Theologie	1993	ambiguous	18	8
Zeitschrift für katholische Theologie	1993	stephanus	3	3
Zeitschrift für katholische Theologie	1994	ambiguous	30	13
Zeitschrift für katholische Theologie	1994	bekker	1	1
Zeitschrift für katholische Theologie	1994	stephanus	15	5
Zeitschrift für katholische Theologie	1995	ambiguous	41	10
Zeitschrift für katholische Theologie	1995	bekker	1	1
Zeitschrift für katholische Theologie	1995	stephanus	5	5
Zeitschrift für katholische Theologie	1996	ambiguous	28	10
Zeitschrift für katholische Theologie	1996	bekker	4	1
Zeitschrift für katholische Theologie	1996	stephanus	8	6
Zeitschrift für katholische Theologie	1997	ambiguous	16	5
Zeitschrift für katholische Theologie	1997	bekker	1	1
Zeitschrift für katholische Theologie	1997	stephanus	1	1
Zeitschrift für katholische Theologie	1998	ambiguous	24	7
Zeitschrift für katholische Theologie	1998	bekker	6	1
Zeitschrift für katholische Theologie	1998	stephanus	7	3
Zeitschrift für katholische Theologie	1999	ambiguous	7	6
Zeitschrift für katholische Theologie	1999	bekker	1	1
Zeitschrift für katholische Theologie	1999	nt	1	1
Zeitschrift für katholische Theologie	1999	stephanus	5	4
Zeitschrift für katholische Theologie	2000	ambiguous	23	3
Zeitschrift für katholische Theologie	2000	bekker	10	4
Zeitschrift für katholische Theologie	2000	stephanus	19	2
Zeitschrift für katholische Theologie	2001	ambiguous	15	7
Zeitschrift für katholische Theologie	2001	stephanus	11	4
Zeitschrift für katholische Theologie	2002	ambiguous	17	8
Zeitschrift für katholische Theologie	2002	bekker	4	2
Zeitschrift für katholische Theologie	2002	nt	5	1
Zeitschrift für katholische Theologie	2002	stephanus	1	1
Zeitschrift für katholische Theologie	2003	ambiguous	43	9
Zeitschrift für katholische Theologie	2003	stephanus	12	2
Zeitschrift für katholische Theologie	2004	ambiguous	3	3
Zeitschrift für katholische Theologie	2004	stephanus	1	1
Zeitschrift für katholische Theologie	2005	ambiguous	12	3
Zeitschrift für katholische Theologie	2005	bekker	1	1
Zeitschrift für katholische Theologie	2005	stephanus	5	2
Zeitschrift für katholische Theologie	2006	ambiguous	2	2
Zeitschrift für katholische Theologie	2007	ambiguous	6	4
Zeitschrift für katholische Theologie	2007	stephanus	1	1
Zeitschrift für katholische Theologie	2008	ambiguous	13	3
Zeitschrift für katholische Theologie	2008	bekker	4	3
Zeitschrift für katholische Theologie	2009	ambiguous	4	4
Zeitschrift für katholische Theologie	2009	stephanus	5	3
Zeitschrift für katholische Theologie	2010	ambiguous	1	1
Zeitschrift für katholische Theologie	2010	stephanus	1	1
Zeitschrift für katholische Theologie	2011	ambiguous	27	7
Zeitschrift für katholische Theologie	2011	bekker	3	3
Zeitschrift für katholische Theologie	2011	stephanus	3	1
Zeitschrift für katholische Theologie	2012	ambiguous	9	4
Zeitschrift für katholische Theologie	2012	bekker	1	1
Zeitschrift für katholische Theologie	2013	ambiguous	4	4
Zeitschrift für katholische Theologie	2013	stephanus	2	2
Zeitschrift für katholische Theologie	2014	ambiguous	41	9
Zeitschrift für katholische Theologie	2014	stephanus	7	3
Zeitschrift für katholische Theologie	2015	ambiguous	18	5
Zeitschrift für katholische Theologie	2015	bekker	3	3
Zeitschrift für katholische Theologie	2015	stephanus	2	2
Zeitschrift für katholische Theologie	2016	ambiguous	8	5
Zeitschrift für katholische Theologie	2016	bekker	2	1
Zeitschrift für katholische Theologie	2016	nt	26	2
Zeitschrift für katholische Theologie	2017	ambiguous	15	3
Zeitschrift für katholische Theologie	2017	bekker	1	1
Zeitschrift für katholische Theologie	2017	nt	1	1
Zeitschrift für katholische Theologie	2017	stephanus	10	5
Zeitschrift für katholische Theologie	2018	ambiguous	8	6
Zeitschrift für katholische Theologie	2018	stephanus	2	2
Zeitschrift für katholische Theologie	2019	ambiguous	33	9
Zeitschrift für katholische Theologie	2019	bekker	3	2
Zeitschrift für katholische Theologie	2019	homer	4	1
Zeitschrift für katholische Theologie	2019	stephanus	15	6
Zeitschrift für katholische Theologie	2020	ambiguous	13	9
Zeitschrift für katholische Theologie	2020	bekker	1	1
Zeitschrift für katholische Theologie	2020	stephanus	1	1
